{
"type": "FeatureCollection",
"name": "6171_kec_2025-1",
"crs": { "type": "name", "properties": { "name": "urn:ogc:def:crs:OGC:1.3:CRS84" } },
"features": [
{ "type": "Feature", "properties": { "fid": null, "gid": 609339.0, "kdprov": "61", "kdkab": "71", "kdkec": "011", "nmprov": "KALIMANTAN BARAT", "nmkab": "PONTIANAK", "nmkec": "PONTIANAK TENGGARA", "luas": 0.75003744711031695, "sumber": "", "periode": "2024_1", "layer": null, "path": null, "idkec": "6171011" }, "geometry": { "type": "MultiPolygon", "coordinates": [ [ [ [ 109.34613037, -0.094116209999927 ], [ 109.345912421, -0.094410440999977 ], [ 109.344613821, -0.096163545999962 ], [ 109.344565351, -0.096228980999976 ], [ 109.344559609, -0.096236738999961 ], [ 109.343695035, -0.09740391099996 ], [ 109.343692049, -0.097407938999942 ], [ 109.34368896, -0.097412109999932 ], [ 109.343665497, -0.097402 ], [ 109.343116789, -0.097165632999983 ], [ 109.340830457, -0.096180750999967 ], [ 109.339852984, -0.096011070999965 ], [ 109.336822203, -0.095484956999937 ], [ 109.335309078, -0.095222292999949 ], [ 109.334237979, -0.094309448999984 ], [ 109.33174445, -0.09218433999997 ], [ 109.329992374, -0.090691133999942 ], [ 109.326924268, -0.088076342999959 ], [ 109.326872985, -0.088032636999968 ], [ 109.323406097, -0.087537365999942 ], [ 109.323352499, -0.087456347999934 ], [ 109.322728254, -0.086512721999958 ], [ 109.321276437, -0.084318117999954 ], [ 109.323559303, -0.080984708999957 ], [ 109.323612086, -0.080907633999973 ], [ 109.32361189, -0.080907459999945 ], [ 109.32361248, -0.080907379999936 ], [ 109.32447975, -0.079670489999959 ], [ 109.32466207, -0.079410079999951 ], [ 109.32494859, -0.078976149999964 ], [ 109.32544939, -0.078242879999949 ], [ 109.32546292, -0.07822221999994 ], [ 109.32547574, -0.078202589999942 ], [ 109.32581969, -0.077675959999966 ], [ 109.32641643, -0.076801959999955 ], [ 109.32688394, -0.076116779999952 ], [ 109.32717954, -0.075661939999976 ], [ 109.32819324, -0.074086669999933 ], [ 109.3281933, -0.074086579999967 ], [ 109.32855196, -0.073605649999939 ], [ 109.32895376, -0.072999619999962 ], [ 109.32922912, -0.072552029999946 ], [ 109.32928397, -0.072462189999955 ], [ 109.32955325, -0.072042769999942 ], [ 109.329556295, -0.07203802999994 ], [ 109.32974869, -0.071796609999984 ], [ 109.33020536, -0.071044319999949 ], [ 109.33051808, -0.070590919999975 ], [ 109.330548002, -0.070544544999965 ], [ 109.330549793, -0.070541769999972 ], [ 109.3309291, -0.069953899999969 ], [ 109.33115619, -0.069653549999941 ], [ 109.33156471, -0.069124599999957 ], [ 109.331823805, -0.068831369999937 ], [ 109.33190718, -0.068737009999947 ], [ 109.33204983, -0.068582759999966 ], [ 109.33219222, -0.068428779999985 ], [ 109.33290379, -0.067594749999959 ], [ 109.33300637, -0.067463099999939 ], [ 109.33312279, -0.067340118999937 ], [ 109.33351538, -0.066885529999981 ], [ 109.33365735, -0.066697149999928 ], [ 109.33399939, -0.066312819999955 ], [ 109.33429695, -0.065978269999955 ], [ 109.33486585, -0.065293979999974 ], [ 109.33634209, -0.063517689999981 ], [ 109.336526509, -0.063302893999942 ], [ 109.33694426, -0.062816329999977 ], [ 109.33695865, -0.062799319999958 ], [ 109.33697667, -0.062778 ], [ 109.33699941, -0.062751129999931 ], [ 109.33699956, -0.062750949999948 ], [ 109.337018003, -0.062729148999956 ], [ 109.33717821, -0.06253976999995 ], [ 109.337225887, -0.06248332399997 ], [ 109.33739007, -0.062288939999975 ], [ 109.337463666, -0.062207084999957 ], [ 109.33776193, -0.061875348999931 ], [ 109.33776282, -0.061874359999942 ], [ 109.337804466, -0.061825272999959 ], [ 109.33790672, -0.061704749999938 ], [ 109.337913236, -0.061698537999978 ], [ 109.33806153, -0.061557159999953 ], [ 109.33827237, -0.061356129999986 ], [ 109.33831643, -0.061303039999929 ], [ 109.33839454, -0.061208909999952 ], [ 109.33839545, -0.061207809999929 ], [ 109.338490765, -0.061098426999941 ], [ 109.33878651, -0.060759029999929 ], [ 109.33906153, -0.060455949999949 ], [ 109.33906168, -0.060455779999936 ], [ 109.339088716, -0.060425963999944 ], [ 109.3394098, -0.060071859999939 ], [ 109.33941358, -0.060067439999955 ], [ 109.339493853, -0.059973555999931 ], [ 109.33957045, -0.059883969999936 ], [ 109.339997656, -0.059387102999955 ], [ 109.34000556, -0.059377909999967 ], [ 109.34010489, -0.059251269999946 ], [ 109.34034496, -0.058945208999951 ], [ 109.34037646, -0.05890504999997 ], [ 109.340555358, -0.058701729999946 ], [ 109.3406954, -0.058542569999935 ], [ 109.340956973, -0.058240075999949 ], [ 109.34099168, -0.058199939999948 ], [ 109.34106121, -0.058119529999938 ], [ 109.34156509, -0.057544679999977 ], [ 109.34167767, -0.05742424999995 ], [ 109.341778666, -0.057316114999939 ], [ 109.34188082, -0.057206739999971 ], [ 109.3422455, -0.056795519999976 ], [ 109.342379367, -0.056644533999925 ], [ 109.34248251, -0.056528199999945 ], [ 109.34289589, -0.056048719999984 ], [ 109.34324832, -0.055639889999958 ], [ 109.343262224, -0.05562369699993 ], [ 109.34327049, -0.055614069999933 ], [ 109.34330128, -0.05557813999997 ], [ 109.34332386, -0.055551889999948 ], [ 109.34334775, -0.05552402999996 ], [ 109.34342187, -0.055437829999966 ], [ 109.343435805, -0.05542191599995 ], [ 109.34454907, -0.054150569999934 ], [ 109.34454909, -0.054150539999969 ], [ 109.344825295817358, -0.05383495581235 ], [ 109.345253050409909, -0.053346216701486 ], [ 109.34538679, -0.053193409999955 ], [ 109.34538676, -0.05319337999993 ], [ 109.34554801, -0.053009349999972 ], [ 109.34555243, -0.053004299999939 ], [ 109.34555252, -0.053004199999976 ], [ 109.345569366016065, -0.05298555911619 ], [ 109.34560095, -0.052950609999927 ], [ 109.34610034, -0.052406189999946 ], [ 109.34610039, -0.05240613999996 ], [ 109.34642279, -0.052033359999948 ], [ 109.34642281, -0.052033339999986 ], [ 109.346557821, -0.051895673999981 ], [ 109.34656875, -0.051884529999943 ], [ 109.346566717, -0.051881892999969 ], [ 109.34656303, -0.05187710999997 ], [ 109.34660198, -0.051829869999952 ], [ 109.34703206, -0.051305869999965 ], [ 109.34738903, -0.050942819999931 ], [ 109.347849823, -0.050185315999962 ], [ 109.347995861191833, -0.049945241840325 ], [ 109.348017375, -0.049909874999975 ], [ 109.34801721, -0.049908863999974 ], [ 109.348029977, -0.049889158999982 ], [ 109.34804286, -0.049867979999935 ], [ 109.348857904, -0.04865027499995 ], [ 109.34892326, -0.048552629999957 ], [ 109.34892383, -0.048551669999944 ], [ 109.34892504, -0.048549769999974 ], [ 109.3494416, -0.047695479999958 ], [ 109.349444646, -0.047691651999973 ], [ 109.34970548, -0.047363909999943 ], [ 109.34971326, -0.047353799999937 ], [ 109.34993041, -0.047071509999965 ], [ 109.350084064, -0.046943109999976 ], [ 109.350112455, -0.046919384999966 ], [ 109.35017044, -0.046870929999957 ], [ 109.3502256, -0.046824849999956 ], [ 109.35022637, -0.046824199999941 ], [ 109.35038242, -0.046643580999961 ], [ 109.35042155, -0.046598289999971 ], [ 109.35077188, -0.046193249999926 ], [ 109.3510739, -0.045863739999967 ], [ 109.35107405, -0.04586357999995 ], [ 109.35107407, -0.045863599999963 ], [ 109.351086092, -0.045851173999948 ], [ 109.35117298, -0.04576137 ], [ 109.35146751, -0.045473349999958 ], [ 109.3514975, -0.045440739999949 ], [ 109.35171534, -0.045203889999923 ], [ 109.35177007, -0.045146679999964 ], [ 109.351972957, -0.044934578999974 ], [ 109.35197309, -0.044934439999965 ], [ 109.35169891, -0.044641699999939 ], [ 109.35169894, -0.044641669999983 ], [ 109.351698812, -0.044641530999971 ], [ 109.35234029, -0.044016669999965 ], [ 109.352351977, -0.044004703999971 ], [ 109.35238935, -0.043966439999969 ], [ 109.35266536, -0.043688459999952 ], [ 109.35295843, -0.043424209999958 ], [ 109.35296066, -0.043422319999943 ], [ 109.35329386, -0.043139479999984 ], [ 109.35332699, -0.04311135999996 ], [ 109.353583959, -0.042862684999936 ], [ 109.35362318, -0.042824729999955 ], [ 109.353766936, -0.042702058999959 ], [ 109.35383733, -0.042641989999945 ], [ 109.35393985, -0.042554359999945 ], [ 109.35400849, -0.04249377999998 ], [ 109.354008632, -0.042493650999976 ], [ 109.35404273561096, -0.04246344763095 ], [ 109.354193978, -0.042329501999973 ], [ 109.354194062, -0.042329431999985 ], [ 109.3541941, -0.042329399999975 ], [ 109.354360779, -0.04220664499997 ], [ 109.354372859, -0.042197747999988 ], [ 109.35437394, -0.042197 ], [ 109.35437392, -0.042196959999954 ], [ 109.35437194, -0.042196569999932 ], [ 109.354370368, -0.042196260999964 ], [ 109.354371761, -0.04219521599993 ], [ 109.355128704, -0.041501706999961 ], [ 109.355463011, -0.041854084999956 ], [ 109.355729155, -0.042134614999955 ], [ 109.355751902, -0.042158590999979 ], [ 109.355942425, -0.042359412999927 ], [ 109.356279058, -0.042714242999983 ], [ 109.356660733, -0.043116548999941 ], [ 109.35717848, -0.043662281999965 ], [ 109.357215825, -0.043701645999937 ], [ 109.357345345, -0.043838165999939 ], [ 109.357347661, -0.043840606999937 ], [ 109.357880502, -0.044402250999953 ], [ 109.358081572, -0.044574597999946 ], [ 109.35813546, -0.044620786999935 ], [ 109.358580129, -0.045001930999951 ], [ 109.358731079, -0.045131316999977 ], [ 109.358994383, -0.045357005999966 ], [ 109.359471328, -0.045765815999975 ], [ 109.359720403, -0.045979308999965 ], [ 109.360239124, -0.04642392699998 ], [ 109.360470005, -0.046621824999931 ], [ 109.360751207, -0.046862855999968 ], [ 109.360751987, -0.046863524999941 ], [ 109.360778194, -0.046885986999942 ], [ 109.36080129, -0.046911831999975 ], [ 109.360853447, -0.046970198999932 ], [ 109.360910643, -0.047034203999942 ], [ 109.360910844, -0.047034428999946 ], [ 109.361087719, -0.047232359999958 ], [ 109.361093347, -0.04723865799997 ], [ 109.361327989, -0.047501232999935 ], [ 109.361348523, -0.047524211999927 ], [ 109.361485576, -0.047677579999971 ], [ 109.361770474829115, -0.047996395314296 ], [ 109.361808338, -0.048038765999933 ], [ 109.36195701, -0.048205136999977 ], [ 109.362093114, -0.048357443999983 ], [ 109.362093937, -0.048358363999976 ], [ 109.362124007, -0.048392014999932 ], [ 109.362204161, -0.048481710999968 ], [ 109.362218709, -0.048497990999977 ], [ 109.362232349, -0.048513254999941 ], [ 109.362444356, -0.048750501999967 ], [ 109.36247933, -0.048789638999956 ], [ 109.362577524, -0.048899522999943 ], [ 109.362588584, -0.04891189999995 ], [ 109.362846122, -0.049200095999931 ], [ 109.362868111, -0.049224702999934 ], [ 109.362889369, -0.049248490999962 ], [ 109.363065993, -0.049446141999973 ], [ 109.363072865, -0.04945383299998 ], [ 109.363336146, -0.049748455999974 ], [ 109.3633597, -0.049774813999928 ], [ 109.363359857, -0.049774989999957 ], [ 109.363428925, -0.049852280999971 ], [ 109.363683537, -0.05013720399996 ], [ 109.363752526, -0.050214405999947 ], [ 109.363833462, -0.050304977999936 ], [ 109.363883136, -0.050360564999951 ], [ 109.363989325, -0.050479394999965 ], [ 109.364129964, -0.050636775999984 ], [ 109.364131989, -0.050639042999935 ], [ 109.364249476, -0.050770514999961 ], [ 109.364255425, -0.050777172999978 ], [ 109.36433396, -0.050896056999934 ], [ 109.36455498, -0.051230631999946 ], [ 109.364619836, -0.05132880899993 ], [ 109.364873075, -0.051712155999951 ], [ 109.364913539, -0.051773408999972 ], [ 109.36496814, -0.051856062999954 ], [ 109.365051349, -0.051982021999947 ], [ 109.365126937, -0.05209644499996 ], [ 109.365138522, -0.052113981999985 ], [ 109.365153476, -0.052136619999952 ], [ 109.365490306, -0.052646503999939 ], [ 109.365493267, -0.052650986999943 ], [ 109.365686362, -0.052943287999945 ], [ 109.365923462, -0.053302202999939 ], [ 109.365932801, -0.053316339999929 ], [ 109.365957815, -0.053354205999938 ], [ 109.366052537, -0.05349759299998 ], [ 109.366074735, -0.053531196999939 ], [ 109.366217215, -0.053746878999963 ], [ 109.366254129, -0.053802758999955 ], [ 109.366316158, -0.053896656999941 ], [ 109.366376695, -0.053988295999942 ], [ 109.366379941, -0.053993209999941 ], [ 109.366490009, -0.054159827999965 ], [ 109.366684246, -0.054453857999929 ], [ 109.366884415, -0.054756867999975 ], [ 109.366924869, -0.054818105999977 ], [ 109.366992417, -0.054920357999953 ], [ 109.367092289, -0.055071541999952 ], [ 109.367207433, -0.055245843999954 ], [ 109.367227849, -0.055276748999976 ], [ 109.367332349, -0.055434938999953 ], [ 109.367347112, -0.055457285999979 ], [ 109.367478928, -0.055656826999955 ], [ 109.367534703, -0.05574125699997 ], [ 109.367579731, -0.055807702999974 ], [ 109.367849764, -0.056206173999953 ], [ 109.368668848, -0.057414847999948 ], [ 109.368767238, -0.057560035999929 ], [ 109.368880958, -0.057727845999983 ], [ 109.368909111, -0.057769389999977 ], [ 109.368957857, -0.057841318999977 ], [ 109.36795592, -0.058598319999932 ], [ 109.36795589, -0.058598339999949 ], [ 109.36793717, -0.058614289999987 ], [ 109.36769809, -0.05881795999994 ], [ 109.36668717, -0.059679159999982 ], [ 109.36606884, -0.060168129999971 ], [ 109.36605745, -0.06017713999995 ], [ 109.366056022, -0.060178268999947 ], [ 109.36604542, -0.060186649999931 ], [ 109.36604536, -0.060186779999927 ], [ 109.366043962, -0.060189806999973 ], [ 109.36604057, -0.060197148999985 ], [ 109.36595348, -0.060385649999941 ], [ 109.36594987, -0.060393473999975 ], [ 109.365942322, -0.060409832999943 ], [ 109.365935018, -0.060425663999985 ], [ 109.365934549, -0.060425738999935 ], [ 109.365925934, -0.060444327999967 ], [ 109.365882356, -0.06053835799998 ], [ 109.365819794, -0.060673349999942 ], [ 109.365575711, -0.061200011999975 ], [ 109.365330809, -0.061724887999961 ], [ 109.365272612, -0.061849616999956 ], [ 109.365108208, -0.062203441999952 ], [ 109.364960713, -0.062520875999952 ], [ 109.364743596, -0.06298489999995 ], [ 109.3643157, -0.063923463999968 ], [ 109.364264146, -0.064034689999973 ], [ 109.364172888, -0.064231575999939 ], [ 109.364121849, -0.064344298999975 ], [ 109.364074879, -0.064448035999939 ], [ 109.36401789, -0.06457456699997 ], [ 109.363865641, -0.064912600999951 ], [ 109.363761037, -0.065149971999982 ], [ 109.36363882084413, -0.065427308174334 ], [ 109.363554193605523, -0.065619346570866 ], [ 109.363461832, -0.065828935999946 ], [ 109.363275292, -0.066253083999933 ], [ 109.363234327, -0.066346229999968 ], [ 109.363212479, -0.066395904999982 ], [ 109.363182196, -0.06646476199996 ], [ 109.363153557, -0.066528634999941 ], [ 109.363137875, -0.066560974999964 ], [ 109.363128147, -0.066581035999954 ], [ 109.363099303, -0.066640978999941 ], [ 109.363069576, -0.066702756999976 ], [ 109.363013062, -0.066813472999974 ], [ 109.363002173, -0.066834805999971 ], [ 109.362971628, -0.066894645999986 ], [ 109.362954631, -0.066927944999982 ], [ 109.362945262, -0.066946299999924 ], [ 109.362895624, -0.067043544999942 ], [ 109.362795253, -0.067240179999945 ], [ 109.362688597, -0.067449129999942 ], [ 109.36265796, -0.067509148999941 ], [ 109.362653143, -0.06751858699995 ], [ 109.362581557, -0.067658830999963 ], [ 109.36247221, -0.067873051999932 ], [ 109.362444863, -0.067926626999964 ], [ 109.36236606, -0.068081008999971 ], [ 109.362347962, -0.068116463999959 ], [ 109.362318356, -0.068174464999974 ], [ 109.362262373, -0.068284141999931 ], [ 109.362221254, -0.068364694999952 ], [ 109.362165395, -0.068474130999955 ], [ 109.362096287, -0.068609518999954 ], [ 109.362077466, -0.068646390999966 ], [ 109.362073003, -0.068655133999936 ], [ 109.362072485, -0.068656149999922 ], [ 109.362067057, -0.068666783999962 ], [ 109.361982828, -0.068831795999935 ], [ 109.361963833, -0.068869008999969 ], [ 109.361871934, -0.069049047999955 ], [ 109.361856913, -0.069078473999979 ], [ 109.361772889, -0.069243084999924 ], [ 109.36177236, -0.069244120999939 ], [ 109.36177233, -0.069244183999958 ], [ 109.361767263, -0.069254107999947 ], [ 109.361758724, -0.069270835999929 ], [ 109.361754771, -0.069278578999962 ], [ 109.361750177, -0.06928758 ], [ 109.361749742, -0.069288431999957 ], [ 109.36174067, -0.069306204999983 ], [ 109.361736026, -0.069315303999936 ], [ 109.361735597, -0.069316142999985 ], [ 109.36173209, -0.069323013999967 ], [ 109.361731882, -0.06932397199996 ], [ 109.36170355, -0.069379060999962 ], [ 109.361704182, -0.06937768799997 ], [ 109.36169434, -0.069396969999959 ], [ 109.361691149, -0.069402250999934 ], [ 109.361670455, -0.069436502999961 ], [ 109.36154012, -0.069652229999979 ], [ 109.361465857, -0.069775152999971 ], [ 109.361309619, -0.070033748999956 ], [ 109.360889352, -0.070729360999959 ], [ 109.360470483, -0.071422660999936 ], [ 109.360426365, -0.071495683999954 ], [ 109.360285588, -0.071728698999956 ], [ 109.36027898, -0.07173963699996 ], [ 109.360207459, -0.071858014999982 ], [ 109.360111058, -0.072017572999925 ], [ 109.360109977, -0.072019361999936 ], [ 109.360090568, -0.072051485999971 ], [ 109.360061692, -0.072099279999979 ], [ 109.359777772, -0.072577230999968 ], [ 109.359758389, -0.072609862999976 ], [ 109.359690969, -0.072723357999967 ], [ 109.359663042, -0.072770827999929 ], [ 109.359620362, -0.072843380999925 ], [ 109.359587362, -0.072899481999969 ], [ 109.359576477, -0.07291798799998 ], [ 109.35954367, -0.072973760999956 ], [ 109.359457638, -0.073120018999926 ], [ 109.359453698, -0.073126718999962 ], [ 109.3593394, -0.073321022999951 ], [ 109.359329138, -0.073338468999965 ], [ 109.359247478, -0.073477288999928 ], [ 109.359244515, -0.073482327999956 ], [ 109.359143272, -0.073654432999945 ], [ 109.359130301, -0.073676481999938 ], [ 109.358924671, -0.074026051999975 ], [ 109.358899079, -0.074069558999957 ], [ 109.358724162, -0.074366909999986 ], [ 109.358710379, -0.074390343999946 ], [ 109.35870361, -0.074401849999966 ], [ 109.358602814, -0.074542351999986 ], [ 109.358601878, -0.074543654999958 ], [ 109.358483621, -0.074708499999925 ], [ 109.358273831, -0.075000937999964 ], [ 109.358247332, -0.075043794999952 ], [ 109.358029288, -0.075396433 ], [ 109.357920142, -0.075572952999953 ], [ 109.357920081, -0.075573050999941 ], [ 109.357882389905967, -0.07563400864714 ], [ 109.357721732, -0.075893839999943 ], [ 109.357702426, -0.075925063999944 ], [ 109.35765653, -0.075999290999955 ], [ 109.357152412, -0.076814595999968 ], [ 109.357101882, -0.076896315999944 ], [ 109.35709951, -0.076900152999938 ], [ 109.356988534, -0.077079633999976 ], [ 109.35680792, -0.07737173799995 ], [ 109.356800065, -0.077384441999927 ], [ 109.356593152, -0.077719078999967 ], [ 109.35659137, -0.077721960999958 ], [ 109.356497754, -0.077873363999975 ], [ 109.356402253, -0.07802781699997 ], [ 109.356355079, -0.078104110999966 ], [ 109.356265291, -0.07824932099993 ], [ 109.35626383, -0.078251682999961 ], [ 109.356073217, -0.078559959999948 ], [ 109.356068588, -0.07856744799995 ], [ 109.356067251, -0.078569610999978 ], [ 109.355864439, -0.078897618999973 ], [ 109.355863284, -0.078899486999949 ], [ 109.35566155, -0.079225747999951 ], [ 109.355660569, -0.079227669999972 ], [ 109.355654721, -0.079239140999963 ], [ 109.355573762, -0.079397940999969 ], [ 109.355441929703716, -0.079656537116846 ], [ 109.355439211, -0.079661869999939 ], [ 109.355406999, -0.079725053999945 ], [ 109.355399893, -0.079738990999942 ], [ 109.355289169442912, -0.079956184315297 ], [ 109.355279221, -0.079975698999933 ], [ 109.355217913, -0.080095957999956 ], [ 109.35510254, -0.080322269999959 ], [ 109.35500761, -0.080450059999976 ], [ 109.355003644, -0.080455398999967 ], [ 109.354996697, -0.080464750999961 ], [ 109.35498796, -0.08047651299996 ], [ 109.35489303, -0.080604301999934 ], [ 109.35478751, -0.080746347999945 ], [ 109.354764978, -0.080776681999964 ], [ 109.354549091, -0.081067297999942 ], [ 109.354540259, -0.081079185999962 ], [ 109.354306656, -0.081393650999937 ], [ 109.35428451, -0.081423461999986 ], [ 109.354280252, -0.081429191999975 ], [ 109.354232661, -0.081493260999944 ], [ 109.354068607, -0.081714101999978 ], [ 109.354016586, -0.081784129999959 ], [ 109.353703738, -0.082205270999966 ], [ 109.353632171, -0.082301610999937 ], [ 109.353552076, -0.08240942899994 ], [ 109.353129988, -0.082977628999968 ], [ 109.353031219, -0.083110583999944 ], [ 109.352835203, -0.083374448999965 ], [ 109.352736038, -0.083507942999971 ], [ 109.352734718, -0.083509720999936 ], [ 109.352532641, -0.083781746999935 ], [ 109.352464042, -0.083874088999945 ], [ 109.352285628, -0.084114262999948 ], [ 109.352263209, -0.084144442999956 ], [ 109.35225787, -0.084151628999968 ], [ 109.352202788, -0.084225780999932 ], [ 109.352108247, -0.084374018999935 ], [ 109.351668342, -0.08506377099997 ], [ 109.35166731, -0.085065387999972 ], [ 109.351591906, -0.085183619999959 ], [ 109.35137257, -0.085527530999972 ], [ 109.35113562, -0.085899059999973 ], [ 109.35105439, -0.086026426999984 ], [ 109.351039821, -0.08604926999993 ], [ 109.350933238, -0.086223678999952 ], [ 109.350729898, -0.086556419999974 ], [ 109.350724012, -0.086566048999949 ], [ 109.35071611, -0.086578979999954 ], [ 109.350357482, -0.087165820999936 ], [ 109.34991455, -0.087890619999941 ], [ 109.349793162, -0.088068034999936 ], [ 109.349584354, -0.088373216999972 ], [ 109.349559789, -0.08840911899995 ], [ 109.34955837, -0.088411191999971 ], [ 109.349525644, -0.088459022999928 ], [ 109.349392063, -0.088654255999928 ], [ 109.349253212, -0.088857191999978 ], [ 109.349192491, -0.088945939999974 ], [ 109.349190003, -0.088949576999933 ], [ 109.349111858, -0.089063791999943 ], [ 109.349079763, -0.089110697999951 ], [ 109.348946779, -0.089305058999977 ], [ 109.348943625, -0.089309669999979 ], [ 109.34890554, -0.08936533199994 ], [ 109.348606101, -0.089802971999979 ], [ 109.348428703, -0.090062248999977 ], [ 109.34832764, -0.090209959999935 ], [ 109.34827552, -0.09030261899994 ], [ 109.348269349, -0.090313587999961 ], [ 109.348139712, -0.090544050999942 ], [ 109.348055331, -0.090694060999964 ], [ 109.347947788, -0.090885252999959 ], [ 109.347919728, -0.090935138999952 ], [ 109.347743262, -0.091248850999929 ], [ 109.34772654, -0.091278580999927 ], [ 109.34771932, -0.091291417999975 ], [ 109.347508821, -0.091665630999957 ], [ 109.346634833, -0.093219386999974 ], [ 109.34613037, -0.094116209999927 ] ] ] ] } },
{ "type": "Feature", "properties": { "fid": null, "gid": 610098.0, "kdprov": "61", "kdkab": "71", "kdkec": "020", "nmprov": "KALIMANTAN BARAT", "nmkab": "PONTIANAK", "nmkec": "PONTIANAK TIMUR", "luas": 0.027300255803164999, "sumber": "", "periode": "2024_1", "layer": null, "path": null, "idkec": "6171020" }, "geometry": { "type": "MultiPolygon", "coordinates": [ [ [ [ 109.349813816, -0.034179202999955 ], [ 109.349808184, -0.034170138999971 ], [ 109.349729901, -0.03404415299997 ], [ 109.349684173, -0.033970558999955 ], [ 109.349622852, -0.033904127999969 ], [ 109.34953768, -0.033811856999931 ], [ 109.349372546, -0.033632961999955 ], [ 109.349303779, -0.033558464999946 ], [ 109.349271628464905, -0.033523635276623 ], [ 109.349187426, -0.033432415999937 ], [ 109.349114597, -0.033282031999932 ], [ 109.348998306, -0.033041900999939 ], [ 109.348998057, -0.033041386999973 ], [ 109.348887117, -0.032812306999979 ], [ 109.348765099, -0.032560348999949 ], [ 109.348746418, -0.032521774999965 ], [ 109.348635783, -0.032293323999972 ], [ 109.348630267, -0.032281933999974 ], [ 109.348563588, -0.032144248999943 ], [ 109.348560037281217, -0.032136917003908 ], [ 109.348510924, -0.032035500999935 ], [ 109.348405434, -0.031817673999966 ], [ 109.348303929, -0.03160807399997 ], [ 109.348296715, -0.031593176999931 ], [ 109.348293664, -0.031586877999933 ], [ 109.34826244, -0.031522402999943 ], [ 109.348223489, -0.031441972999968 ], [ 109.348223076, -0.03144111999996 ], [ 109.348154249, -0.031298997999965 ], [ 109.348048793, -0.031081241999973 ], [ 109.348029402, -0.031041200999947 ], [ 109.347983158, -0.030945712999943 ], [ 109.347980733, -0.030940705999968 ], [ 109.347884147, -0.030741263999978 ], [ 109.347815471, -0.030599453999975 ], [ 109.347714255, -0.030390452999942 ], [ 109.347712863, -0.030387577999927 ], [ 109.347710089, -0.030381849999979 ], [ 109.347661208, -0.030280913999948 ], [ 109.347587676, -0.030129077999965 ], [ 109.347578558, -0.03011024999995 ], [ 109.34749479, -0.02993727599994 ], [ 109.347397472, -0.029736322999961 ], [ 109.347339617, -0.02961685799994 ], [ 109.347111507, -0.029145831999932 ], [ 109.346779049773403, -0.028459338406471 ], [ 109.346741753, -0.028382323999951 ], [ 109.346721473, -0.028340447999947 ], [ 109.346621325, -0.028133650999963 ], [ 109.346620898, -0.028133778999972 ], [ 109.346602514, -0.028089521999967 ], [ 109.346531629, -0.027918871999931 ], [ 109.346530507, -0.027916170999957 ], [ 109.346476291, -0.027785651999978 ], [ 109.346474112, -0.027780405999981 ], [ 109.346255182, -0.027253350999966 ], [ 109.346253864, -0.027250178999971 ], [ 109.345986014, -0.026605353999972 ], [ 109.345985488, -0.026604088999931 ], [ 109.345923337, -0.026454464999971 ], [ 109.345602828, -0.025682869999971 ], [ 109.34560191, -0.025680660999965 ], [ 109.345586229, -0.02564290899994 ], [ 109.345503217, -0.02544306499994 ], [ 109.345411825, -0.025281102999943 ], [ 109.345198709241359, -0.02490342584595 ], [ 109.345086002, -0.024703688999986 ], [ 109.345085706, -0.024703164999948 ], [ 109.344632958, -0.02390081599998 ], [ 109.344629439, -0.02389457899995 ], [ 109.344588101015532, -0.023821321213726 ], [ 109.344333078, -0.023369377999933 ], [ 109.344331147, -0.023365954999975 ], [ 109.344247136, -0.023217072999965 ], [ 109.344250695, -0.023216112999942 ], [ 109.344615506, -0.023117671999955 ], [ 109.34558824, -0.022855186999953 ], [ 109.345669996, -0.022833125999972 ], [ 109.345709114, -0.022822569999967 ], [ 109.3460929, -0.022730266999926 ], [ 109.346244522, -0.022693800999951 ], [ 109.346453571, -0.02264352299995 ], [ 109.346493501986771, -0.022633919503885 ], [ 109.346542593, -0.022622112999957 ], [ 109.346550848, -0.022620127999981 ], [ 109.346730968, -0.022576807999938 ], [ 109.347311631, -0.022437154999977 ], [ 109.347314903, -0.022436367999949 ], [ 109.3475424, -0.022381652999974 ], [ 109.347611517, -0.022371623999955 ], [ 109.347634669, -0.022368264999962 ], [ 109.347985204, -0.022317400999964 ], [ 109.348067061, -0.022305522999949 ], [ 109.348126505, -0.02229689799998 ], [ 109.348214862, -0.022284076999941 ], [ 109.348331903, -0.022267093999981 ], [ 109.348644975, -0.022221669999971 ], [ 109.348652777, -0.022220533999931 ], [ 109.349401362, -0.022111911999959 ], [ 109.349468732, -0.022102688999952 ], [ 109.349587078, -0.022085078999971 ], [ 109.349601325, -0.022082958999933 ], [ 109.349608598, -0.022074539999954 ], [ 109.349841197, -0.022027651999969 ], [ 109.349873569, -0.02202112699996 ], [ 109.350135843, -0.021968257999963 ], [ 109.350697495, -0.021855040999982 ], [ 109.350703832, -0.021853763999959 ], [ 109.350746406, -0.021845181999937 ], [ 109.351580288, -0.021677088999976 ], [ 109.351962891, -0.021599963999969 ], [ 109.352384891, -0.021514897999968 ], [ 109.352643888, -0.021462689999972 ], [ 109.352693091, -0.021452771999975 ], [ 109.352955052, -0.021399965999937 ], [ 109.353380927, -0.021314118999953 ], [ 109.353935966, -0.021202234999976 ], [ 109.353943543, -0.021200707999923 ], [ 109.354446251, -0.021099371999987 ], [ 109.354525334, -0.021083430999966 ], [ 109.354601105, -0.021068156999953 ], [ 109.354658266, -0.021056633999932 ], [ 109.354730091, -0.021042155999973 ], [ 109.355440646, -0.020898922999951 ], [ 109.355534595, -0.020879984999967 ], [ 109.355944254, -0.02079740599993 ], [ 109.356135302, -0.020758894999983 ], [ 109.356143251, -0.020757292999977 ], [ 109.356816549, -0.020621569999957 ], [ 109.356877612, -0.02060926099995 ], [ 109.357133096, -0.020557760999958 ], [ 109.357148863, -0.020555313999979 ], [ 109.358270132, -0.020381265999959 ], [ 109.358417937, -0.020358322999925 ], [ 109.358425251, -0.020357187999944 ], [ 109.358759465, -0.020305309999973 ], [ 109.359281224, -0.020224320999949 ], [ 109.359403922, -0.020205274999967 ], [ 109.360496205, -0.020035726999946 ], [ 109.360877479, -0.019976543999984 ], [ 109.361408551, -0.019894108999954 ], [ 109.361615245, -0.01986202499995 ], [ 109.361788572, -0.019856157999924 ], [ 109.362986458, -0.019815613999935 ], [ 109.363004252, -0.019815011999924 ], [ 109.363016645, -0.019814591999929 ], [ 109.363246527, -0.019806811999962 ], [ 109.363258612, -0.019806402999967 ], [ 109.364006523, -0.019781088999935 ], [ 109.364378231, -0.019768507999974 ], [ 109.36472232, -0.019756861999954 ], [ 109.364726559, -0.019756718999938 ], [ 109.364730095, -0.019756598999947 ], [ 109.36540081, -0.019733897999971 ], [ 109.365479719, -0.019731226999974 ], [ 109.365482141, -0.019731144999984 ], [ 109.365963598, -0.019714849999963 ], [ 109.36643425, -0.01978806199998 ], [ 109.366664792, -0.019823923999977 ], [ 109.366785707, -0.019842732999972 ], [ 109.367132733, -0.019896714999964 ], [ 109.367227079, -0.019911390999943 ], [ 109.368231014, -0.020067558999927 ], [ 109.368304603, -0.020079005999947 ], [ 109.368780821, -0.020153084999954 ], [ 109.368973996, -0.020183133999989 ], [ 109.369013509, -0.020191133999953 ], [ 109.369311486, -0.020251459999947 ], [ 109.369876055, -0.020365758999959 ], [ 109.369926718, -0.020376015999947 ], [ 109.370036171, -0.02039817499997 ], [ 109.370534939, -0.020499152999952 ], [ 109.371007025, -0.020594728999925 ], [ 109.371154862, -0.020624658999962 ], [ 109.371421753, -0.020733776999981 ], [ 109.371541011, -0.020782535999968 ], [ 109.371625874, -0.020817231999967 ], [ 109.371675885, -0.020837678999958 ], [ 109.371864044, -0.020914607999949 ], [ 109.371947776, -0.020948841999942 ], [ 109.371958426, -0.020953195999945 ], [ 109.372019934, -0.020978343999969 ], [ 109.372120113, -0.021019301999963 ], [ 109.372257431, -0.02107544499996 ], [ 109.372502401, -0.02117560099993 ], [ 109.37295594, -0.021361029999984 ], [ 109.373505472, -0.021585705999948 ], [ 109.37385649, -0.021729219999943 ], [ 109.374114071, -0.021834531999957 ], [ 109.374259746, -0.021894090999979 ], [ 109.374646893, -0.022052376999974 ], [ 109.374650487, -0.022053845999955 ], [ 109.374654573, -0.022055516999962 ], [ 109.374654372, -0.022050403999978 ], [ 109.374965861, -0.022182786999967 ], [ 109.375105352, -0.022239817999952 ], [ 109.375346749, -0.022338512999968 ], [ 109.375383362, -0.022407161999977 ], [ 109.375390842, -0.022421185999977 ], [ 109.375456089, -0.022449802999975 ], [ 109.375970991, -0.022675636999974 ], [ 109.375998463, -0.02268768999994 ], [ 109.376018736, -0.022696585999937 ], [ 109.376051279, -0.022710849999962 ], [ 109.376787251, -0.023033643999955 ], [ 109.37686383, -0.023067230999977 ], [ 109.377039459, -0.023144260999972 ], [ 109.377251914, -0.023236967999936 ], [ 109.377505648, -0.023348457999935 ], [ 109.377802783, -0.023477683999946 ], [ 109.377830505, -0.023489740999939 ], [ 109.378079765, -0.023593092999937 ], [ 109.378224562, -0.023653130999958 ], [ 109.378289038, -0.023680289999962 ], [ 109.37850026, -0.023768299999968 ], [ 109.37904809, -0.023996559999948 ], [ 109.379391104, -0.024076744999949 ], [ 109.379401934, -0.024079247999971 ], [ 109.379431036, -0.024085973999945 ], [ 109.379483622, -0.024098126999956 ], [ 109.379775361, -0.024166570999967 ], [ 109.38090597, -0.024431820999957 ], [ 109.380942214, -0.024440323999953 ], [ 109.380942484, -0.024439406999934 ], [ 109.381042051, -0.024462681999978 ], [ 109.381423221, -0.024536319999933 ], [ 109.382872556, -0.02481630399996 ], [ 109.382262782, -0.027525209999967 ], [ 109.381823691, -0.029475862999962 ], [ 109.381823445, -0.029476959999951 ], [ 109.382173385, -0.029552621999931 ], [ 109.382163335, -0.02958528599993 ], [ 109.382097722, -0.029798525999988 ], [ 109.382135553, -0.029864730999986 ], [ 109.38210718, -0.029930935999969 ], [ 109.382050433, -0.029949850999979 ], [ 109.382007316, -0.030044497999937 ], [ 109.381974586, -0.030066458999961 ], [ 109.381954204, -0.030112677999974 ], [ 109.381657933, -0.030784504999932 ], [ 109.381199228, -0.03117227599995 ], [ 109.380012601, -0.032318753999956 ], [ 109.379944087687733, -0.032384949405887 ], [ 109.379545354771579, -0.032304457527482 ], [ 109.37954516580217, -0.032295133833401 ], [ 109.379497968155135, -0.032279986681563 ], [ 109.379159519303698, -0.032147989216659 ], [ 109.37898018204713, -0.032078046408084 ], [ 109.377632217332248, -0.031712172598271 ], [ 109.377633492, -0.03174828899995 ], [ 109.377894132, -0.031820573999943 ], [ 109.378059748, -0.031866504999922 ], [ 109.378057159, -0.031869617999979 ], [ 109.377983734, -0.031939126999942 ], [ 109.377318012, -0.032569342999979 ], [ 109.377317263, -0.032569965999934 ], [ 109.377281191, -0.032601793999959 ], [ 109.37684925, -0.032982918999949 ], [ 109.376237223, -0.032363618999964 ], [ 109.376225965, -0.03237165999997 ], [ 109.375684072, -0.032758727999979 ], [ 109.375362153, -0.032401690999963 ], [ 109.375210626, -0.032263814999968 ], [ 109.375177583, -0.032233748999943 ], [ 109.375173563, -0.032230091999966 ], [ 109.374872089, -0.032523526999977 ], [ 109.37487803991786, -0.032528897343657 ], [ 109.374547308819217, -0.032863223345541 ], [ 109.374550516, -0.032865196999978 ], [ 109.37458819, -0.032903862999944 ], [ 109.374420281, -0.033076522999984 ], [ 109.374381922, -0.033115966999957 ], [ 109.374494587, -0.033212062999951 ], [ 109.374791958, -0.032962520999951 ], [ 109.375407367, -0.03354805599997 ], [ 109.375434529, -0.033573898999986 ], [ 109.375002174, -0.034004195999959 ], [ 109.37499783, -0.034008518999946 ], [ 109.375190745, -0.034179204999929 ], [ 109.375503153, -0.034455614999962 ], [ 109.375480279, -0.034619896999976 ], [ 109.375473502, -0.034625548999938 ], [ 109.375442688, -0.034651243999973 ], [ 109.375512511, -0.034921426999979 ], [ 109.375321196, -0.035129378999964 ], [ 109.375097199, -0.035295302999944 ], [ 109.375096607, -0.035295740999979 ], [ 109.375096656, -0.035295789999976 ], [ 109.375079535, -0.035311134999977 ], [ 109.37521728, -0.035445842999944 ], [ 109.375505526, -0.035727732999936 ], [ 109.375757593, -0.035974242999949 ], [ 109.3764524, -0.036653729999955 ], [ 109.376460126, -0.036661285999974 ], [ 109.376458525, -0.03666258099997 ], [ 109.376925519, -0.037135412999934 ], [ 109.376613968, -0.037383716999958 ], [ 109.376594851, -0.037398952999988 ], [ 109.376629173, -0.037431688999971 ], [ 109.376793181, -0.037588120999944 ], [ 109.377387789, -0.038155259999948 ], [ 109.377610945, -0.038358840999937 ], [ 109.377609537, -0.038360128999955 ], [ 109.377609574, -0.038360464999926 ], [ 109.377615089178235, -0.03835543363068 ], [ 109.377907648, -0.038088538999946 ], [ 109.378010322, -0.038190576999968 ], [ 109.378052722, -0.038220862999939 ], [ 109.378131665, -0.038277250999956 ], [ 109.378474453, -0.038469419999958 ], [ 109.378676963, -0.038582947999948 ], [ 109.378680658, -0.038585018999926 ], [ 109.378603401, -0.038723068999958 ], [ 109.37855629, -0.038807249999935 ], [ 109.378574062, -0.038822368999952 ], [ 109.379109039, -0.039277498999977 ], [ 109.379575936, -0.039284793999976 ], [ 109.379641396, -0.039285816999956 ], [ 109.380406692, -0.039169767999974 ], [ 109.380647159, -0.039133303999966 ], [ 109.380655206, -0.039132083999968 ], [ 109.380656201, -0.039131932999963 ], [ 109.381167762, -0.039036274999949 ], [ 109.381174479, -0.039047937999964 ], [ 109.381622018, -0.039825014999963 ], [ 109.382001384, -0.040483720999933 ], [ 109.381831417, -0.040514253999959 ], [ 109.381395839, -0.040592501999922 ], [ 109.381349059, -0.040617144999946 ], [ 109.380878791, -0.04086487499996 ], [ 109.380906703, -0.04091234599997 ], [ 109.381186771, -0.041388673999963 ], [ 109.381799147, -0.042430176999971 ], [ 109.382097546, -0.042937680999961 ], [ 109.382600744, -0.042840734999978 ], [ 109.383226244, -0.042613668999936 ], [ 109.38322776, -0.042613118999957 ], [ 109.383229432, -0.042616021999948 ], [ 109.383861859, -0.043714126999933 ], [ 109.383410149, -0.043875918999957 ], [ 109.383181785, -0.043957713999934 ], [ 109.382429629, -0.044227119999956 ], [ 109.382555912, -0.044416792999935 ], [ 109.382841758, -0.044832898999975 ], [ 109.382937163, -0.044971779999968 ], [ 109.38337433, -0.045591098999975 ], [ 109.383944162, -0.046398360999949 ], [ 109.384485484, -0.047165234999963 ], [ 109.384514558, -0.04720642299998 ], [ 109.384714160441106, -0.047489193148071 ], [ 109.385231493, -0.048222080999958 ], [ 109.385254839, -0.048255153999944 ], [ 109.385258839, -0.048260495999965 ], [ 109.385323098, -0.048346300999922 ], [ 109.385665836, -0.04880396199997 ], [ 109.38610242, -0.049386937999943 ], [ 109.386245442712251, -0.049579352929696 ], [ 109.386636028, -0.050104824999949 ], [ 109.387559108, -0.051346686999983 ], [ 109.387429911, -0.051450981999959 ], [ 109.384934826, -0.053465154999965 ], [ 109.384928916, -0.053469925999937 ], [ 109.384924932, -0.053471457999932 ], [ 109.384918671, -0.053477718999955 ], [ 109.38489027, -0.053506119999959 ], [ 109.384871148, -0.053525240999935 ], [ 109.384863623, -0.053531499999972 ], [ 109.38457445, -0.053772050999958 ], [ 109.384485013, -0.053845227999947 ], [ 109.384227869, -0.054055619999929 ], [ 109.384105791, -0.054157478999972 ], [ 109.383815642, -0.054399578999955 ], [ 109.383747062, -0.054454510999968 ], [ 109.38357131, -0.054595299999967 ], [ 109.383470719, -0.05467587999994 ], [ 109.383458148, -0.054685949999967 ], [ 109.383444701, -0.054696718999935 ], [ 109.38343318, -0.05470594999997 ], [ 109.383421112, -0.054715611999945 ], [ 109.383407948, -0.054726160999967 ], [ 109.383397602, -0.054734448999963 ], [ 109.383384931, -0.054744598999949 ], [ 109.383376101, -0.054751669999972 ], [ 109.383366508, -0.054759358999949 ], [ 109.383356771, -0.054767151999965 ], [ 109.383356568, -0.054767319999941 ], [ 109.383338698, -0.054781631999965 ], [ 109.383318549, -0.054797771999983 ], [ 109.383314149, -0.054801299999957 ], [ 109.38330385, -0.054809860999977 ], [ 109.383288912, -0.054822280999929 ], [ 109.38327008, -0.054837941999946 ], [ 109.383254721, -0.054850716999964 ], [ 109.383238738, -0.054864007999933 ], [ 109.383222282, -0.054877688999967 ], [ 109.383210928, -0.054887130999934 ], [ 109.383193589, -0.054901549999953 ], [ 109.383189461, -0.054904979999955 ], [ 109.383184873, -0.054908796999933 ], [ 109.383181311, -0.054911758999942 ], [ 109.383178711, -0.054913919999932 ], [ 109.383177911, -0.054914587999974 ], [ 109.382581598, -0.055410447999974 ], [ 109.382507231, -0.05547036999997 ], [ 109.382220532, -0.055701398999936 ], [ 109.382058222, -0.055832190999987 ], [ 109.381967869, -0.055905000999929 ], [ 109.381842698, -0.056005869999988 ], [ 109.381770278, -0.056064228999958 ], [ 109.381397191, -0.056367081999952 ], [ 109.381323919, -0.056426566999968 ], [ 109.381253576, -0.056484824999931 ], [ 109.381217492, -0.056514708999946 ], [ 109.381212721, -0.056518660999929 ], [ 109.381209271, -0.056521518999944 ], [ 109.38089594, -0.056781021999941 ], [ 109.380780412, -0.056854540999952 ], [ 109.380336681, -0.057135486999927 ], [ 109.380237021, -0.057208077999974 ], [ 109.380124008, -0.057290397999966 ], [ 109.379632711, -0.057662666999938 ], [ 109.37912454, -0.058047721999971 ], [ 109.37910526, -0.058062330999981 ], [ 109.378695661, -0.058356400999973 ], [ 109.378610779, -0.058415129999963 ], [ 109.37828527, -0.058640337999978 ], [ 109.37818175, -0.058711958999934 ], [ 109.377908881, -0.058900741999934 ], [ 109.377792442, -0.058981300999967 ], [ 109.377707701, -0.059031961999956 ], [ 109.377550888, -0.059125710999984 ], [ 109.377357252, -0.059258419999933 ], [ 109.377151458, -0.059399467999919 ], [ 109.377142298, -0.059405742999963 ], [ 109.377138581, -0.059408290999953 ], [ 109.377127199, -0.059416088999968 ], [ 109.377098101, -0.059436030999956 ], [ 109.37693768, -0.059545978999955 ], [ 109.376708059, -0.059703349999949 ], [ 109.376464549, -0.059888961999947 ], [ 109.376332592, -0.059989541999937 ], [ 109.376125249, -0.060135451999948 ], [ 109.37600088, -0.06022297099997 ], [ 109.376001363, -0.060223418999956 ], [ 109.375867858, -0.06033087799995 ], [ 109.375666528, -0.060484329999958 ], [ 109.375663178, -0.060486880999982 ], [ 109.375636201, -0.060507440999968 ], [ 109.375545679, -0.060576436999957 ], [ 109.375437252, -0.060659079999945 ], [ 109.375058708, -0.060933857999944 ], [ 109.374757212, -0.061152698999941 ], [ 109.37461381, -0.061275397999975 ], [ 109.374608019, -0.061280351999936 ], [ 109.37447038, -0.061398117999945 ], [ 109.374266221, -0.061572799999962 ], [ 109.374042812, -0.061740930999977 ], [ 109.374011538, -0.061764469999957 ], [ 109.37399463, -0.06177949899996 ], [ 109.373694979, -0.062045851999936 ], [ 109.373650378, -0.062085499999966 ], [ 109.373646181, -0.062088657999943 ], [ 109.373261866, -0.062377798999937 ], [ 109.372924919, -0.062631301999949 ], [ 109.372907231, -0.062643670999936 ], [ 109.372779429, -0.06273305899993 ], [ 109.37245244, -0.062396607999979 ], [ 109.37219775, -0.062134548999947 ], [ 109.371973625, -0.06183755899998 ], [ 109.371869061, -0.061698998999935 ], [ 109.371767363, -0.061564237999964 ], [ 109.371227002, -0.06084819299997 ], [ 109.371197947, -0.060809691999968 ], [ 109.371131443, -0.060721565999932 ], [ 109.371104893, -0.060686385999928 ], [ 109.370878004, -0.060385731999938 ], [ 109.370559089, -0.059963131999957 ], [ 109.370558159, -0.059961900999956 ], [ 109.370395931, -0.059746931999935 ], [ 109.370136373, -0.059402988999982 ], [ 109.37013334, -0.059398969999969 ], [ 109.369983666086554, -0.059200632970263 ], [ 109.369948348, -0.059153831999932 ], [ 109.369857879, -0.059033949999961 ], [ 109.369855148, -0.059030330999978 ], [ 109.369808396, -0.058968379999955 ], [ 109.368957857, -0.057841318999977 ], [ 109.368909111, -0.057769389999977 ], [ 109.368880958, -0.057727845999983 ], [ 109.368767238, -0.057560035999929 ], [ 109.368668848, -0.057414847999948 ], [ 109.367849764, -0.056206173999953 ], [ 109.367579731, -0.055807702999974 ], [ 109.367534703, -0.05574125699997 ], [ 109.367478928, -0.055656826999955 ], [ 109.367347112, -0.055457285999979 ], [ 109.367332349, -0.055434938999953 ], [ 109.367227849, -0.055276748999976 ], [ 109.367207433, -0.055245843999954 ], [ 109.367092289, -0.055071541999952 ], [ 109.366992417, -0.054920357999953 ], [ 109.366924869, -0.054818105999977 ], [ 109.366884415, -0.054756867999975 ], [ 109.366684246, -0.054453857999929 ], [ 109.366490009, -0.054159827999965 ], [ 109.366379941, -0.053993209999941 ], [ 109.366376695, -0.053988295999942 ], [ 109.366316158, -0.053896656999941 ], [ 109.366254129, -0.053802758999955 ], [ 109.366217215, -0.053746878999963 ], [ 109.366074735, -0.053531196999939 ], [ 109.366052537, -0.05349759299998 ], [ 109.365957815, -0.053354205999938 ], [ 109.365932801, -0.053316339999929 ], [ 109.365923462, -0.053302202999939 ], [ 109.365686362, -0.052943287999945 ], [ 109.365493267, -0.052650986999943 ], [ 109.365490306, -0.052646503999939 ], [ 109.365153476, -0.052136619999952 ], [ 109.365138522, -0.052113981999985 ], [ 109.365126937, -0.05209644499996 ], [ 109.365051349, -0.051982021999947 ], [ 109.36496814, -0.051856062999954 ], [ 109.364913539, -0.051773408999972 ], [ 109.364873075, -0.051712155999951 ], [ 109.364619836, -0.05132880899993 ], [ 109.36455498, -0.051230631999946 ], [ 109.36433396, -0.050896056999934 ], [ 109.364255425, -0.050777172999978 ], [ 109.364249476, -0.050770514999961 ], [ 109.364131989, -0.050639042999935 ], [ 109.364129964, -0.050636775999984 ], [ 109.363989325, -0.050479394999965 ], [ 109.363883136, -0.050360564999951 ], [ 109.363833462, -0.050304977999936 ], [ 109.363752526, -0.050214405999947 ], [ 109.363683537, -0.05013720399996 ], [ 109.363428925, -0.049852280999971 ], [ 109.363359857, -0.049774989999957 ], [ 109.3633597, -0.049774813999928 ], [ 109.363336146, -0.049748455999974 ], [ 109.363072865, -0.04945383299998 ], [ 109.363065993, -0.049446141999973 ], [ 109.362889369, -0.049248490999962 ], [ 109.362868111, -0.049224702999934 ], [ 109.362846122, -0.049200095999931 ], [ 109.362588584, -0.04891189999995 ], [ 109.362577524, -0.048899522999943 ], [ 109.36247933, -0.048789638999956 ], [ 109.362444356, -0.048750501999967 ], [ 109.362232349, -0.048513254999941 ], [ 109.362218709, -0.048497990999977 ], [ 109.362204161, -0.048481710999968 ], [ 109.362124007, -0.048392014999932 ], [ 109.362093937, -0.048358363999976 ], [ 109.362093114, -0.048357443999983 ], [ 109.36195701, -0.048205136999977 ], [ 109.361808338, -0.048038765999933 ], [ 109.361770474829115, -0.047996395314296 ], [ 109.361485576, -0.047677579999971 ], [ 109.361348523, -0.047524211999927 ], [ 109.361327989, -0.047501232999935 ], [ 109.361093347, -0.04723865799997 ], [ 109.361087719, -0.047232359999958 ], [ 109.360910844, -0.047034428999946 ], [ 109.360910643, -0.047034203999942 ], [ 109.360853447, -0.046970198999932 ], [ 109.36080129, -0.046911831999975 ], [ 109.360778194, -0.046885986999942 ], [ 109.360751987, -0.046863524999941 ], [ 109.360751207, -0.046862855999968 ], [ 109.360470005, -0.046621824999931 ], [ 109.360239124, -0.04642392699998 ], [ 109.359720403, -0.045979308999965 ], [ 109.359471328, -0.045765815999975 ], [ 109.358994383, -0.045357005999966 ], [ 109.358731079, -0.045131316999977 ], [ 109.358580129, -0.045001930999951 ], [ 109.35813546, -0.044620786999935 ], [ 109.358081572, -0.044574597999946 ], [ 109.357880502, -0.044402250999953 ], [ 109.357347661, -0.043840606999937 ], [ 109.357345345, -0.043838165999939 ], [ 109.357215825, -0.043701645999937 ], [ 109.35717848, -0.043662281999965 ], [ 109.356660733, -0.043116548999941 ], [ 109.356279058, -0.042714242999983 ], [ 109.355942425, -0.042359412999927 ], [ 109.355751902, -0.042158590999979 ], [ 109.355729155, -0.042134614999955 ], [ 109.355463011, -0.041854084999956 ], [ 109.355128704, -0.041501706999961 ], [ 109.354817227, -0.041173393999944 ], [ 109.354734746, -0.041075790999972 ], [ 109.35470859, -0.04104483899994 ], [ 109.354662737, -0.040990579999968 ], [ 109.354312351, -0.040575954999959 ], [ 109.354210532, -0.040455468999942 ], [ 109.354027277, -0.040238616999952 ], [ 109.353693584, -0.039843745999982 ], [ 109.353614548, -0.039750219999978 ], [ 109.353317406, -0.039398599999973 ], [ 109.353189409, -0.039247136999963 ], [ 109.352919736, -0.038928021999931 ], [ 109.352871473, -0.03887091099995 ], [ 109.35283763, -0.038830862999935 ], [ 109.352566939, -0.038510544999953 ], [ 109.352447656, -0.038369392999926 ], [ 109.35233351, -0.038234319999958 ], [ 109.352311813, -0.038199401999981 ], [ 109.352230398, -0.038068373999982 ], [ 109.352228975, -0.038066084 ], [ 109.352177664, -0.037983505999929 ], [ 109.352161084, -0.037956822999947 ], [ 109.352010513, -0.037714498999955 ], [ 109.351900228, -0.037537009999938 ], [ 109.351886583, -0.037515049999968 ], [ 109.351754027, -0.037301717999983 ], [ 109.351753177, -0.037300349999952 ], [ 109.351719983, -0.037246927999943 ], [ 109.351657919, -0.037147044999928 ], [ 109.351503786, -0.036898986999972 ], [ 109.351362812, -0.036672107999955 ], [ 109.351138069, -0.036310413999955 ], [ 109.351134895, -0.036305305999977 ], [ 109.351106623, -0.036259806999971 ], [ 109.350963208, -0.036028998999946 ], [ 109.350871432, -0.035881296999955 ], [ 109.350748148, -0.035682886999948 ], [ 109.35068571, -0.03558240199994 ], [ 109.350662754, -0.035545456999968 ], [ 109.350512077, -0.035302961999945 ], [ 109.350508065, -0.035296505999954 ], [ 109.350346581, -0.035036617999943 ], [ 109.350263794, -0.034903382999978 ], [ 109.350262895, -0.034901935999931 ], [ 109.350217866, -0.034829467999945 ], [ 109.350029783, -0.034526773999975 ], [ 109.350026198, -0.034521003999947 ], [ 109.349926501, -0.034360554999978 ], [ 109.349813816, -0.034179202999955 ] ] ] ] } },
{ "type": "Feature", "properties": { "fid": null, "gid": 610030.0, "kdprov": "61", "kdkab": "71", "kdkec": "010", "nmprov": "KALIMANTAN BARAT", "nmkab": "PONTIANAK", "nmkec": "PONTIANAK SELATAN", "luas": 0.015672226798313999, "sumber": "", "periode": "2024_1", "layer": null, "path": null, "idkec": "6171010" }, "geometry": { "type": "MultiPolygon", "coordinates": [ [ [ [ 109.317218, -0.075191299999975 ], [ 109.31721795, -0.075191248999941 ], [ 109.31672709, -0.076203139999961 ], [ 109.31599278, -0.077716889999988 ], [ 109.31392765, -0.081974109999987 ], [ 109.3139273, -0.081973869999956 ], [ 109.31374888, -0.081852769999955 ], [ 109.31074666, -0.079814939999946 ], [ 109.31074682, -0.079814619999976 ], [ 109.308499142, -0.078177122999943 ], [ 109.308471161, -0.078156737999964 ], [ 109.30704496, -0.077117709999928 ], [ 109.30704479, -0.077117589999955 ], [ 109.30781541, -0.075594679999939 ], [ 109.3080966, -0.075039 ], [ 109.309040887, -0.073172874999955 ], [ 109.308787647, -0.072959948999943 ], [ 109.308651151, -0.072845181999976 ], [ 109.308646849, -0.072847850999958 ], [ 109.308424443, -0.072638153999946 ], [ 109.307565264, -0.071863528999928 ], [ 109.307543694, -0.071844081999928 ], [ 109.307425841, -0.071737827999927 ], [ 109.307208253, -0.071541652999945 ], [ 109.307091299, -0.071436208999961 ], [ 109.304934804, -0.069491940999973 ], [ 109.305343394, -0.068992026999979 ], [ 109.305549665, -0.068739652999976 ], [ 109.305748397, -0.068517245999954 ], [ 109.30609893, -0.068124951999947 ], [ 109.304834035, -0.067167559999976 ], [ 109.304828727, -0.067163541999956 ], [ 109.304742199, -0.067098049999971 ], [ 109.305278103, -0.066502035999984 ], [ 109.305417942, -0.066346511999945 ], [ 109.305585221, -0.066160469999945 ], [ 109.305909764, -0.06579952499994 ], [ 109.306148531, -0.065461957999955 ], [ 109.306288636, -0.065263878999931 ], [ 109.30540924, -0.064651110999938 ], [ 109.305404627, -0.064647896999929 ], [ 109.305477995, -0.064540077999934 ], [ 109.30499195, -0.064207319999987 ], [ 109.30480159, -0.064076989999932 ], [ 109.30469601, -0.063997789999978 ], [ 109.30444861, -0.063812199999981 ], [ 109.30418375, -0.063615368999934 ], [ 109.30415793, -0.063596189999946 ], [ 109.30404115, -0.063502499999969 ], [ 109.30386475, -0.063360979999977 ], [ 109.30387033, -0.063355339999931 ], [ 109.304327755, -0.062893394999944 ], [ 109.304349862, -0.062871069999977 ], [ 109.304373913053197, -0.062846781279345 ], [ 109.304714015251577, -0.062503318262841 ], [ 109.30478197, -0.062434691999953 ], [ 109.30482773, -0.062388479999926 ], [ 109.305007084, -0.062221824999947 ], [ 109.30507772, -0.062156189999939 ], [ 109.30507805, -0.062156389999937 ], [ 109.305133169, -0.062104766999949 ], [ 109.30515752, -0.062081959999944 ], [ 109.305185247, -0.062055047999932 ], [ 109.30535907, -0.06188632999994 ], [ 109.30537164, -0.06187426999998 ], [ 109.3053775, -0.061868649999953 ], [ 109.30546549, -0.061781419999939 ], [ 109.305598513, -0.061643044999934 ], [ 109.30570614, -0.06153108799993 ], [ 109.306014717, -0.061210097999948 ], [ 109.30602379, -0.061200659999939 ], [ 109.30602388, -0.061200559999979 ], [ 109.30635538, -0.060855729999968 ], [ 109.306363936, -0.060846955999982 ], [ 109.30678088, -0.060419369999984 ], [ 109.30686025, -0.060339679999975 ], [ 109.30709867, -0.060100259999964 ], [ 109.30718115, -0.060017899999935 ], [ 109.30718215, -0.060016899999941 ], [ 109.30719564, -0.060003429999934 ], [ 109.30719542, -0.060003199999933 ], [ 109.30719552, -0.060003109999965 ], [ 109.30719564, -0.06000323999996 ], [ 109.307201034, -0.059997778999963 ], [ 109.30721175, -0.059986929999986 ], [ 109.307236739, -0.059962023999956 ], [ 109.30746989, -0.059729649999958 ], [ 109.307927377, -0.059258550999973 ], [ 109.308575597, -0.058591043999976 ], [ 109.3087487, -0.05841278999998 ], [ 109.30876772, -0.058393389999938 ], [ 109.30876784, -0.058393459999944 ], [ 109.30877475, -0.058385969999967 ], [ 109.308818364, -0.058338717999957 ], [ 109.309065148, -0.058071346999959 ], [ 109.309080419, -0.058054798999944 ], [ 109.30910242, -0.058030959999944 ], [ 109.30927151, -0.057846139999931 ], [ 109.3092863, -0.057831739999926 ], [ 109.30944291, -0.05767927999995 ], [ 109.30954226, -0.05758258999992 ], [ 109.30968354, -0.057445239999938 ], [ 109.30968302, -0.057444829999962 ], [ 109.309756293, -0.057373350999965 ], [ 109.30975857, -0.05737112999998 ], [ 109.30993929, -0.057194099999946 ], [ 109.31002467, -0.057110469999938 ], [ 109.310052682, -0.057083024999944 ], [ 109.310063334, -0.057072588999977 ], [ 109.31006471, -0.057071239999971 ], [ 109.31006407, -0.05707084999995 ], [ 109.31014449, -0.056991179999955 ], [ 109.31015256, -0.056983259999932 ], [ 109.3103488, -0.05679176999997 ], [ 109.310596579, -0.056541169999944 ], [ 109.310597648, -0.056540088999954 ], [ 109.310653063, -0.056484042999959 ], [ 109.31083632, -0.056298699999962 ], [ 109.31083669, -0.056298339999954 ], [ 109.310878752, -0.056255798999927 ], [ 109.311143967, -0.055987564999953 ], [ 109.31129796, -0.055831819999989 ], [ 109.31129811, -0.055831679999933 ], [ 109.31129793, -0.055831569999958 ], [ 109.31141431, -0.055720939999956 ], [ 109.31141369, -0.055720579999958 ], [ 109.311483294, -0.055653734999969 ], [ 109.311632947, -0.055510013999942 ], [ 109.31167327, -0.055471289999965 ], [ 109.31184345, -0.055323129999975 ], [ 109.31193354, -0.05523892999998 ], [ 109.31193651, -0.055235389999957 ], [ 109.31193583, -0.055235 ], [ 109.311946314, -0.055223289999966 ], [ 109.31208104, -0.055072809999957 ], [ 109.312083814, -0.055070031999954 ], [ 109.312249039, -0.054904572999933 ], [ 109.31249068, -0.054662589999965 ], [ 109.312490815, -0.054662454999972 ], [ 109.31249132, -0.054661949999977 ], [ 109.31269342, -0.054459569999953 ], [ 109.31269389, -0.05445985999995 ], [ 109.312705177, -0.054448551999938 ], [ 109.313025587, -0.054127533999977 ], [ 109.31332224, -0.053830319999976 ], [ 109.31334225, -0.053842099999946 ], [ 109.31334323, -0.053841099999947 ], [ 109.31332323, -0.053829319999985 ], [ 109.313342221, -0.053810373999961 ], [ 109.31365741, -0.053495919999938 ], [ 109.31367348, -0.053505549999952 ], [ 109.31367409, -0.053504919999969 ], [ 109.31365741, -0.053494909999936 ], [ 109.313682562, -0.053469599999977 ], [ 109.31380896, -0.053342409999967 ], [ 109.31391511, -0.053242349999948 ], [ 109.314061657, -0.053106956999952 ], [ 109.31408499, -0.053085399999935 ], [ 109.3141496, -0.053025719999938 ], [ 109.314168135, -0.053006707999949 ], [ 109.314259244, -0.052913252999937 ], [ 109.31426767, -0.052904609999927 ], [ 109.31426707, -0.052904199999952 ], [ 109.31447592, -0.052688949999949 ], [ 109.314545238, -0.052626766999935 ], [ 109.31457637, -0.052598839999978 ], [ 109.314669119, -0.052491928999925 ], [ 109.31467729, -0.052482509999949 ], [ 109.314948680985566, -0.052210644118458 ], [ 109.31500362, -0.052158209999959 ], [ 109.315036398, -0.052126376999985 ], [ 109.31520682, -0.051960869999964 ], [ 109.315339304, -0.051832228999952 ], [ 109.315339325, -0.051832209999932 ], [ 109.315343223, -0.051828322999949 ], [ 109.31571613, -0.051456459999943 ], [ 109.31604931, -0.051147089999972 ], [ 109.316166892, -0.051029141999946 ], [ 109.316168145, -0.051027884999939 ], [ 109.31627062, -0.050925099999978 ], [ 109.316282254216858, -0.050913430571853 ], [ 109.31632679, -0.050868759999961 ], [ 109.31633403, -0.050875949999978 ], [ 109.3163341, -0.050875899999945 ], [ 109.31632684, -0.050868689999965 ], [ 109.31634134, -0.050868209999975 ], [ 109.31638019, -0.050824019999943 ], [ 109.31638114, -0.050822949999951 ], [ 109.316437299, -0.050759067999941 ], [ 109.31646404, -0.050728649999939 ], [ 109.31648505, -0.050704749999967 ], [ 109.31652832, -0.050663159999939 ], [ 109.31684906, -0.050352689999958 ], [ 109.316961668, -0.050242720999969 ], [ 109.31712299, -0.050085179999949 ], [ 109.31718901, -0.050020689999941 ], [ 109.31718906, -0.050020729999971 ], [ 109.317262, -0.049948034999944 ], [ 109.317506322, -0.049704531999969 ], [ 109.317758388, -0.049453309999939 ], [ 109.31780068, -0.049411159999976 ], [ 109.317836849, -0.049374909999933 ], [ 109.317960455205238, -0.049251024381722 ], [ 109.3181328, -0.049078289999954 ], [ 109.318133490126314, -0.049077619119291 ], [ 109.318135951, -0.049075796999951 ], [ 109.318245751, -0.048962647999933 ], [ 109.318426833, -0.048776052999932 ], [ 109.31866482, -0.048530819999947 ], [ 109.31898713, -0.048215099999935 ], [ 109.31918978, -0.047995549999949 ], [ 109.319220543, -0.047965562999938 ], [ 109.319242732, -0.047943933999943 ], [ 109.31928413, -0.047903579999974 ], [ 109.31930696, -0.047881939999963 ], [ 109.31931116, -0.04787795999994 ], [ 109.3193117, -0.047877449999931 ], [ 109.319668565, -0.047539312999965 ], [ 109.3197088, -0.047501189999939 ], [ 109.31986947, -0.047348919999941 ], [ 109.31987668, -0.047341969999939 ], [ 109.31990773, -0.047312619999957 ], [ 109.31992183, -0.047298429999953 ], [ 109.31992611, -0.047294299999984 ], [ 109.319990087, -0.047229756999978 ], [ 109.31999015, -0.047229829999942 ], [ 109.32008253, -0.047136669999936 ], [ 109.32011143, -0.047107580999974 ], [ 109.320466327, -0.046750355999969 ], [ 109.32068484, -0.046530409999954 ], [ 109.32068782, -0.046527359999969 ], [ 109.320755, -0.046458719999977 ], [ 109.32107954, -0.046149069999965 ], [ 109.321264971, -0.045969997999987 ], [ 109.32194123, -0.045316929999953 ], [ 109.32202046, -0.045240419999978 ], [ 109.32201871, -0.045238629999972 ], [ 109.3220191, -0.045238239999952 ], [ 109.32202046, -0.045239629999976 ], [ 109.32245632, -0.044796409999959 ], [ 109.322555508, -0.044696170999948 ], [ 109.32266018, -0.044590389999938 ], [ 109.322691543, -0.044558111999948 ], [ 109.32276567, -0.044481819999932 ], [ 109.32284665, -0.044399479999927 ], [ 109.32289919, -0.044346589999979 ], [ 109.32315302, -0.044112649999933 ], [ 109.32342514, -0.043856189999931 ], [ 109.32345948, -0.043822199999972 ], [ 109.32348073, -0.04380249999997 ], [ 109.32396957, -0.043329199999967 ], [ 109.32401743, -0.043279279999983 ], [ 109.32406724, -0.043227339999933 ], [ 109.32441053, -0.042869329999974 ], [ 109.324435736, -0.04284633299995 ], [ 109.32444214, -0.042840489999951 ], [ 109.32444219, -0.042840529999982 ], [ 109.324455002, -0.042829024999956 ], [ 109.32460847, -0.042691219999942 ], [ 109.32471297, -0.042595329999933 ], [ 109.32482123, -0.042494519999945 ], [ 109.32486202, -0.04245728999996 ], [ 109.325141747, -0.042197480999964 ], [ 109.325685, -0.041692909999937 ], [ 109.32568481, -0.041692559999945 ], [ 109.325827622, -0.041562515999942 ], [ 109.32602326, -0.041384369999944 ], [ 109.32603589, -0.041373759999953 ], [ 109.326035682, -0.041370022999965 ], [ 109.326090243591437, -0.04132497558568 ], [ 109.32623352, -0.041206682999933 ], [ 109.32630421, -0.041148319999944 ], [ 109.326402381, -0.041065839999937 ], [ 109.326406022, -0.041062780999934 ], [ 109.32643247, -0.04104055999995 ], [ 109.32643326, -0.041041769999941 ], [ 109.3264341, -0.041041069999958 ], [ 109.326434, -0.041040909999941 ], [ 109.32650034, -0.040986389999955 ], [ 109.32687048, -0.040680789999954 ], [ 109.32700723, -0.040558219999976 ], [ 109.3270762, -0.040496 ], [ 109.32707631, -0.040496159999982 ], [ 109.327320959, -0.040275847999969 ], [ 109.32825396, -0.039435659999921 ], [ 109.32831501, -0.039382099999962 ], [ 109.328328368, -0.039370380999973 ], [ 109.32834126, -0.039359069999938 ], [ 109.32834101, -0.039358709999937 ], [ 109.32860179159745, -0.039124043709386 ], [ 109.32864288, -0.039087069999941 ], [ 109.32877355, -0.038969119999932 ], [ 109.328779628, -0.038963947999958 ], [ 109.328781, -0.038962779999964 ], [ 109.32879051, -0.038954219999944 ], [ 109.32883908, -0.038913389999952 ], [ 109.32888026, -0.038878369999974 ], [ 109.32902161, -0.038757869999928 ], [ 109.32932187, -0.038503129999931 ], [ 109.32944595, -0.038398779999971 ], [ 109.32946043, -0.038386609999978 ], [ 109.32960823, -0.038262289999984 ], [ 109.32961293, -0.038258309999949 ], [ 109.32962592, -0.038245949999976 ], [ 109.32986449, -0.038019369999971 ], [ 109.330062, -0.037831889999945 ], [ 109.33012786, -0.037769309999936 ], [ 109.33020468, -0.037701289999982 ], [ 109.330270573, -0.037643545999975 ], [ 109.33027034, -0.037643159999962 ], [ 109.330274328, -0.037639653999984 ], [ 109.33065845, -0.037301989999946 ], [ 109.33067141, -0.037291769999972 ], [ 109.33067344, -0.037289989999978 ], [ 109.33082828, -0.037168169999975 ], [ 109.33094793, -0.037074019999988 ], [ 109.331133006, -0.036928552999943 ], [ 109.33113745, -0.036925059999932 ], [ 109.33114011, -0.036922809999969 ], [ 109.33114057, -0.036923619999919 ], [ 109.33216124, -0.03606023999993 ], [ 109.33264663, -0.03568330999997 ], [ 109.332896179, -0.035475468999946 ], [ 109.33289615, -0.035474989999965 ], [ 109.33289529, -0.035472429999974 ], [ 109.33289775, -0.035470429999978 ], [ 109.3328725, -0.035403939999987 ], [ 109.33287176, -0.035401989999966 ], [ 109.33287318, -0.035403819999952 ], [ 109.33287412, -0.035405029999946 ], [ 109.33287461, -0.035403569999972 ], [ 109.33287507, -0.035403479999969 ], [ 109.33295052, -0.035173229999942 ], [ 109.33295056, -0.035173089999949 ], [ 109.3329631, -0.03516141999996 ], [ 109.33345144, -0.03470698999997 ], [ 109.33420746, -0.033985879999935 ], [ 109.33420905, -0.033984329999958 ], [ 109.334242498, -0.033952429999939 ], [ 109.33462661, -0.033586089999976 ], [ 109.33466379, -0.033549029999958 ], [ 109.33476944, -0.033445539999955 ], [ 109.33476923, -0.033445329999948 ], [ 109.33511173, -0.033108619999951 ], [ 109.3351849, -0.033036679999955 ], [ 109.33527028, -0.032954799999976 ], [ 109.33592514, -0.032326789999965 ], [ 109.33594643, -0.032306189999934 ], [ 109.336036143, -0.032219391999953 ], [ 109.336234173, -0.032027794999975 ], [ 109.3364885, -0.03178172999998 ], [ 109.33655177, -0.031717099999983 ], [ 109.33695105, -0.031339319999972 ], [ 109.33713228, -0.031175429999965 ], [ 109.3376685, -0.030672209999976 ], [ 109.33774178, -0.030603429999929 ], [ 109.337741812, -0.030603467999924 ], [ 109.337742621, -0.030602734999941 ], [ 109.33783067, -0.030522959999926 ], [ 109.337900158643606, -0.030459996850807 ], [ 109.33794983, -0.030414989999944 ], [ 109.33794992, -0.030414909999932 ], [ 109.33804982, -0.030324399999923 ], [ 109.33804985, -0.030324379999977 ], [ 109.33809491, -0.030283539999971 ], [ 109.33813834, -0.030251228999937 ], [ 109.338139028, -0.030250716999943 ], [ 109.33818782, -0.03021440999993 ], [ 109.33818806, -0.030214239999971 ], [ 109.33828147, -0.030144729999969 ], [ 109.338313772, -0.030120692999958 ], [ 109.338394946, -0.030060292999973 ], [ 109.33852327, -0.029964809999977 ], [ 109.33852348, -0.029964649999962 ], [ 109.338524093, -0.029964193999955 ], [ 109.33877893, -0.029774579999985 ], [ 109.3388194, -0.029750769999969 ], [ 109.33881963, -0.029750629999979 ], [ 109.33912641, -0.029570139999982 ], [ 109.33912655, -0.029570059999972 ], [ 109.339145486, -0.029558918999962 ], [ 109.33915485, -0.029553409999954 ], [ 109.339155791, -0.02955285799994 ], [ 109.33916059, -0.029550039999958 ], [ 109.339172673, -0.029542053999939 ], [ 109.339719088, -0.029181170999946 ], [ 109.33971926, -0.029181499999947 ], [ 109.339721761, -0.029179870999947 ], [ 109.339816742, -0.029118025999942 ], [ 109.33991036, -0.029057067999928 ], [ 109.34015688, -0.02889654999996 ], [ 109.34048683, -0.02868667999997 ], [ 109.340589332, -0.028623059999973 ], [ 109.3406067, -0.028612279999953 ], [ 109.34062248, -0.028601969999962 ], [ 109.3406227, -0.028602346999951 ], [ 109.34062248, -0.028601919999976 ], [ 109.34070391, -0.028551169999955 ], [ 109.34070418, -0.028551779999939 ], [ 109.340709384, -0.028548518999975 ], [ 109.34092886, -0.02841097999994 ], [ 109.34104445, -0.028338939999965 ], [ 109.34107462, -0.028320139999954 ], [ 109.341199929, -0.028251073999975 ], [ 109.3412386, -0.028229759999937 ], [ 109.34156206, -0.028052159999963 ], [ 109.34156247, -0.028051929999945 ], [ 109.34156277, -0.028052479999932 ], [ 109.34156236, -0.028052709999939 ], [ 109.34156242, -0.028052829999989 ], [ 109.341563719, -0.028052111999962 ], [ 109.34171334, -0.027969481999942 ], [ 109.34171519, -0.027968459999953 ], [ 109.341865479, -0.027869793 ], [ 109.341876529, -0.027862538999961 ], [ 109.34223119, -0.027629699999975 ], [ 109.34223097, -0.027629339999975 ], [ 109.34223088, -0.027629189999981 ], [ 109.342311303, -0.027576021999956 ], [ 109.34231725, -0.027572089999986 ], [ 109.34259514, -0.027405619999975 ], [ 109.342754, -0.027310449999967 ], [ 109.34275493, -0.027309559999939 ], [ 109.34288338, -0.027188419999961 ], [ 109.34288352, -0.027188719999979 ], [ 109.342884012, -0.027188266999937 ], [ 109.34288515, -0.027187219999971 ], [ 109.34290717, -0.027166539999945 ], [ 109.34296494, -0.027112499999931 ], [ 109.342979630017112, -0.027101321875672 ], [ 109.34303308, -0.027060649999951 ], [ 109.34303327, -0.027060499999955 ], [ 109.34324193, -0.02690175999993 ], [ 109.34327393, -0.026877409999941 ], [ 109.343344557664764, -0.026828027490173 ], [ 109.343423246, -0.026773008999953 ], [ 109.343454654, -0.026751047999941 ], [ 109.34345488, -0.026750889999962 ], [ 109.34349259, -0.026724369999957 ], [ 109.34349842, -0.026720239999981 ], [ 109.34357983, -0.026673859999964 ], [ 109.34379217, -0.02655243999994 ], [ 109.34382615, -0.026535369999983 ], [ 109.34384741, -0.026524689999972 ], [ 109.34389215, -0.026501779999937 ], [ 109.343894082, -0.026500812999932 ], [ 109.34408827, -0.026403679999934 ], [ 109.34414935, -0.02637298999998 ], [ 109.34415164, -0.026372 ], [ 109.34417193, -0.026363159999966 ], [ 109.344426668, -0.026253199999926 ], [ 109.34442734, -0.026252909999929 ], [ 109.3444296, -0.026251589999964 ], [ 109.34442985, -0.026251489999945 ], [ 109.34446071, -0.026233439999952 ], [ 109.344493112, -0.026214533999961 ], [ 109.344714952, -0.026085091999968 ], [ 109.344723695, -0.026084085999973 ], [ 109.344754685, -0.026080518999945 ], [ 109.344756139, -0.026080351999949 ], [ 109.344756597, -0.026080299999939 ], [ 109.344758883, -0.026080040999942 ], [ 109.344759021, -0.02608002099993 ], [ 109.344763899, -0.026079414999977 ], [ 109.345435554, -0.025722889999939 ], [ 109.345586229, -0.02564290899994 ], [ 109.34560191, -0.025680660999965 ], [ 109.345602828, -0.025682869999971 ], [ 109.345923337, -0.026454464999971 ], [ 109.345985488, -0.026604088999931 ], [ 109.345986014, -0.026605353999972 ], [ 109.346253864, -0.027250178999971 ], [ 109.346255182, -0.027253350999966 ], [ 109.346474112, -0.027780405999981 ], [ 109.346476291, -0.027785651999978 ], [ 109.346530507, -0.027916170999957 ], [ 109.346531629, -0.027918871999931 ], [ 109.346602514, -0.028089521999967 ], [ 109.346620898, -0.028133778999972 ], [ 109.346621325, -0.028133650999963 ], [ 109.346721473, -0.028340447999947 ], [ 109.346741753, -0.028382323999951 ], [ 109.346779049773403, -0.028459338406471 ], [ 109.347111507, -0.029145831999932 ], [ 109.347339617, -0.02961685799994 ], [ 109.347397472, -0.029736322999961 ], [ 109.34749479, -0.02993727599994 ], [ 109.347578558, -0.03011024999995 ], [ 109.347587676, -0.030129077999965 ], [ 109.347661208, -0.030280913999948 ], [ 109.347710089, -0.030381849999979 ], [ 109.347712863, -0.030387577999927 ], [ 109.347714255, -0.030390452999942 ], [ 109.347815471, -0.030599453999975 ], [ 109.347884147, -0.030741263999978 ], [ 109.347980733, -0.030940705999968 ], [ 109.347983158, -0.030945712999943 ], [ 109.348029402, -0.031041200999947 ], [ 109.348048793, -0.031081241999973 ], [ 109.348154249, -0.031298997999965 ], [ 109.348223076, -0.03144111999996 ], [ 109.348223489, -0.031441972999968 ], [ 109.34826244, -0.031522402999943 ], [ 109.348293664, -0.031586877999933 ], [ 109.348296715, -0.031593176999931 ], [ 109.348303929, -0.03160807399997 ], [ 109.348405434, -0.031817673999966 ], [ 109.348510924, -0.032035500999935 ], [ 109.348560037281217, -0.032136917003908 ], [ 109.348563588, -0.032144248999943 ], [ 109.348630267, -0.032281933999974 ], [ 109.348635783, -0.032293323999972 ], [ 109.348746418, -0.032521774999965 ], [ 109.348765099, -0.032560348999949 ], [ 109.348887117, -0.032812306999979 ], [ 109.348998057, -0.033041386999973 ], [ 109.348998306, -0.033041900999939 ], [ 109.349114597, -0.033282031999932 ], [ 109.349187426, -0.033432415999937 ], [ 109.349271628464905, -0.033523635276623 ], [ 109.349303779, -0.033558464999946 ], [ 109.349372546, -0.033632961999955 ], [ 109.34953768, -0.033811856999931 ], [ 109.349622852, -0.033904127999969 ], [ 109.349684173, -0.033970558999955 ], [ 109.349729901, -0.03404415299997 ], [ 109.349808184, -0.034170138999971 ], [ 109.349813816, -0.034179202999955 ], [ 109.349926501, -0.034360554999978 ], [ 109.350026198, -0.034521003999947 ], [ 109.350029783, -0.034526773999975 ], [ 109.350217866, -0.034829467999945 ], [ 109.350262895, -0.034901935999931 ], [ 109.350263794, -0.034903382999978 ], [ 109.350346581, -0.035036617999943 ], [ 109.350508065, -0.035296505999954 ], [ 109.350512077, -0.035302961999945 ], [ 109.350662754, -0.035545456999968 ], [ 109.35068571, -0.03558240199994 ], [ 109.350748148, -0.035682886999948 ], [ 109.350871432, -0.035881296999955 ], [ 109.350963208, -0.036028998999946 ], [ 109.351106623, -0.036259806999971 ], [ 109.351134895, -0.036305305999977 ], [ 109.351138069, -0.036310413999955 ], [ 109.351362812, -0.036672107999955 ], [ 109.351503786, -0.036898986999972 ], [ 109.351657919, -0.037147044999928 ], [ 109.351719983, -0.037246927999943 ], [ 109.351753177, -0.037300349999952 ], [ 109.351754027, -0.037301717999983 ], [ 109.351886583, -0.037515049999968 ], [ 109.351900228, -0.037537009999938 ], [ 109.352010513, -0.037714498999955 ], [ 109.352161084, -0.037956822999947 ], [ 109.352177664, -0.037983505999929 ], [ 109.352228975, -0.038066084 ], [ 109.352230398, -0.038068373999982 ], [ 109.352311813, -0.038199401999981 ], [ 109.35233351, -0.038234319999958 ], [ 109.352447656, -0.038369392999926 ], [ 109.352566939, -0.038510544999953 ], [ 109.35283763, -0.038830862999935 ], [ 109.352871473, -0.03887091099995 ], [ 109.352919736, -0.038928021999931 ], [ 109.353189409, -0.039247136999963 ], [ 109.353317406, -0.039398599999973 ], [ 109.353614548, -0.039750219999978 ], [ 109.353693584, -0.039843745999982 ], [ 109.354027277, -0.040238616999952 ], [ 109.354210532, -0.040455468999942 ], [ 109.354312351, -0.040575954999959 ], [ 109.354662737, -0.040990579999968 ], [ 109.35470859, -0.04104483899994 ], [ 109.354734746, -0.041075790999972 ], [ 109.354817227, -0.041173393999944 ], [ 109.355128704, -0.041501706999961 ], [ 109.354371761, -0.04219521599993 ], [ 109.354370368, -0.042196260999964 ], [ 109.35437194, -0.042196569999932 ], [ 109.35437392, -0.042196959999954 ], [ 109.35437394, -0.042197 ], [ 109.354372859, -0.042197747999988 ], [ 109.354360779, -0.04220664499997 ], [ 109.3541941, -0.042329399999975 ], [ 109.354194062, -0.042329431999985 ], [ 109.354193978, -0.042329501999973 ], [ 109.35404273561096, -0.04246344763095 ], [ 109.354008632, -0.042493650999976 ], [ 109.35400849, -0.04249377999998 ], [ 109.35393985, -0.042554359999945 ], [ 109.35383733, -0.042641989999945 ], [ 109.353766936, -0.042702058999959 ], [ 109.35362318, -0.042824729999955 ], [ 109.353583959, -0.042862684999936 ], [ 109.35332699, -0.04311135999996 ], [ 109.35329386, -0.043139479999984 ], [ 109.35296066, -0.043422319999943 ], [ 109.35295843, -0.043424209999958 ], [ 109.35266536, -0.043688459999952 ], [ 109.35238935, -0.043966439999969 ], [ 109.352351977, -0.044004703999971 ], [ 109.35234029, -0.044016669999965 ], [ 109.351698812, -0.044641530999971 ], [ 109.35169894, -0.044641669999983 ], [ 109.35169891, -0.044641699999939 ], [ 109.35197309, -0.044934439999965 ], [ 109.351972957, -0.044934578999974 ], [ 109.35177007, -0.045146679999964 ], [ 109.35171534, -0.045203889999923 ], [ 109.3514975, -0.045440739999949 ], [ 109.35146751, -0.045473349999958 ], [ 109.35117298, -0.04576137 ], [ 109.351086092, -0.045851173999948 ], [ 109.35107407, -0.045863599999963 ], [ 109.35107405, -0.04586357999995 ], [ 109.3510739, -0.045863739999967 ], [ 109.35077188, -0.046193249999926 ], [ 109.35042155, -0.046598289999971 ], [ 109.35038242, -0.046643580999961 ], [ 109.35022637, -0.046824199999941 ], [ 109.3502256, -0.046824849999956 ], [ 109.35017044, -0.046870929999957 ], [ 109.350112455, -0.046919384999966 ], [ 109.350084064, -0.046943109999976 ], [ 109.34993041, -0.047071509999965 ], [ 109.34971326, -0.047353799999937 ], [ 109.34970548, -0.047363909999943 ], [ 109.349444646, -0.047691651999973 ], [ 109.3494416, -0.047695479999958 ], [ 109.34892504, -0.048549769999974 ], [ 109.34892383, -0.048551669999944 ], [ 109.34892326, -0.048552629999957 ], [ 109.348857904, -0.04865027499995 ], [ 109.34804286, -0.049867979999935 ], [ 109.348029977, -0.049889158999982 ], [ 109.34801721, -0.049908863999974 ], [ 109.348017375, -0.049909874999975 ], [ 109.347995861191833, -0.049945241840325 ], [ 109.347849823, -0.050185315999962 ], [ 109.34738903, -0.050942819999931 ], [ 109.34703206, -0.051305869999965 ], [ 109.34660198, -0.051829869999952 ], [ 109.34656303, -0.05187710999997 ], [ 109.346566717, -0.051881892999969 ], [ 109.34656875, -0.051884529999943 ], [ 109.346557821, -0.051895673999981 ], [ 109.34642281, -0.052033339999986 ], [ 109.34642279, -0.052033359999948 ], [ 109.34610039, -0.05240613999996 ], [ 109.34610034, -0.052406189999946 ], [ 109.34560095, -0.052950609999927 ], [ 109.345569366016065, -0.05298555911619 ], [ 109.34555252, -0.053004199999976 ], [ 109.34555243, -0.053004299999939 ], [ 109.34554801, -0.053009349999972 ], [ 109.34538676, -0.05319337999993 ], [ 109.34538679, -0.053193409999955 ], [ 109.345253050409909, -0.053346216701486 ], [ 109.344825295817358, -0.05383495581235 ], [ 109.34454909, -0.054150539999969 ], [ 109.34454907, -0.054150569999934 ], [ 109.343435805, -0.05542191599995 ], [ 109.34342187, -0.055437829999966 ], [ 109.34334775, -0.05552402999996 ], [ 109.34332386, -0.055551889999948 ], [ 109.34330128, -0.05557813999997 ], [ 109.34327049, -0.055614069999933 ], [ 109.343262224, -0.05562369699993 ], [ 109.34324832, -0.055639889999958 ], [ 109.34289589, -0.056048719999984 ], [ 109.34248251, -0.056528199999945 ], [ 109.342379367, -0.056644533999925 ], [ 109.3422455, -0.056795519999976 ], [ 109.34188082, -0.057206739999971 ], [ 109.341778666, -0.057316114999939 ], [ 109.34167767, -0.05742424999995 ], [ 109.34156509, -0.057544679999977 ], [ 109.34106121, -0.058119529999938 ], [ 109.34099168, -0.058199939999948 ], [ 109.340956973, -0.058240075999949 ], [ 109.3406954, -0.058542569999935 ], [ 109.340555358, -0.058701729999946 ], [ 109.34037646, -0.05890504999997 ], [ 109.34034496, -0.058945208999951 ], [ 109.34010489, -0.059251269999946 ], [ 109.34000556, -0.059377909999967 ], [ 109.339997656, -0.059387102999955 ], [ 109.33957045, -0.059883969999936 ], [ 109.339493853, -0.059973555999931 ], [ 109.33941358, -0.060067439999955 ], [ 109.3394098, -0.060071859999939 ], [ 109.339088716, -0.060425963999944 ], [ 109.33906168, -0.060455779999936 ], [ 109.33906153, -0.060455949999949 ], [ 109.33878651, -0.060759029999929 ], [ 109.338490765, -0.061098426999941 ], [ 109.33839545, -0.061207809999929 ], [ 109.33839454, -0.061208909999952 ], [ 109.33831643, -0.061303039999929 ], [ 109.33827237, -0.061356129999986 ], [ 109.33806153, -0.061557159999953 ], [ 109.337913236, -0.061698537999978 ], [ 109.33790672, -0.061704749999938 ], [ 109.337804466, -0.061825272999959 ], [ 109.33776282, -0.061874359999942 ], [ 109.33776193, -0.061875348999931 ], [ 109.337463666, -0.062207084999957 ], [ 109.33739007, -0.062288939999975 ], [ 109.337225887, -0.06248332399997 ], [ 109.33717821, -0.06253976999995 ], [ 109.337018003, -0.062729148999956 ], [ 109.33699956, -0.062750949999948 ], [ 109.33699941, -0.062751129999931 ], [ 109.33697667, -0.062778 ], [ 109.33695865, -0.062799319999958 ], [ 109.33694426, -0.062816329999977 ], [ 109.336526509, -0.063302893999942 ], [ 109.33634209, -0.063517689999981 ], [ 109.33486585, -0.065293979999974 ], [ 109.33429695, -0.065978269999955 ], [ 109.33399939, -0.066312819999955 ], [ 109.33365735, -0.066697149999928 ], [ 109.33351538, -0.066885529999981 ], [ 109.33312279, -0.067340118999937 ], [ 109.33300637, -0.067463099999939 ], [ 109.33290379, -0.067594749999959 ], [ 109.33219222, -0.068428779999985 ], [ 109.33204983, -0.068582759999966 ], [ 109.33190718, -0.068737009999947 ], [ 109.331823805, -0.068831369999937 ], [ 109.33156471, -0.069124599999957 ], [ 109.33115619, -0.069653549999941 ], [ 109.3309291, -0.069953899999969 ], [ 109.330549793, -0.070541769999972 ], [ 109.330548002, -0.070544544999965 ], [ 109.33051808, -0.070590919999975 ], [ 109.33020536, -0.071044319999949 ], [ 109.32974869, -0.071796609999984 ], [ 109.329556295, -0.07203802999994 ], [ 109.32955325, -0.072042769999942 ], [ 109.32928397, -0.072462189999955 ], [ 109.32922912, -0.072552029999946 ], [ 109.32895376, -0.072999619999962 ], [ 109.32855196, -0.073605649999939 ], [ 109.3281933, -0.074086579999967 ], [ 109.32819324, -0.074086669999933 ], [ 109.32717954, -0.075661939999976 ], [ 109.32688394, -0.076116779999952 ], [ 109.32641643, -0.076801959999955 ], [ 109.32581969, -0.077675959999966 ], [ 109.32547574, -0.078202589999942 ], [ 109.32546292, -0.07822221999994 ], [ 109.32544939, -0.078242879999949 ], [ 109.32494859, -0.078976149999964 ], [ 109.32466207, -0.079410079999951 ], [ 109.32447975, -0.079670489999959 ], [ 109.32361248, -0.080907379999936 ], [ 109.32361189, -0.080907459999945 ], [ 109.32357577, -0.080875169999959 ], [ 109.32166542, -0.07916730999995 ], [ 109.32052798, -0.078150433999951 ], [ 109.32052717, -0.078149709999936 ], [ 109.31763285, -0.075562179999966 ], [ 109.317218, -0.075191299999975 ] ] ] ] } },
{ "type": "Feature", "properties": { "fid": null, "gid": 611833.0, "kdprov": "61", "kdkab": "71", "kdkec": "040", "nmprov": "KALIMANTAN BARAT", "nmkab": "PONTIANAK", "nmkec": "PONTIANAK UTARA", "luas": 0.53198426321763603, "sumber": "", "periode": "2024_1", "layer": null, "path": null, "idkec": "6171040" }, "geometry": { "type": "MultiPolygon", "coordinates": [ [ [ [ 109.314994446, -0.000040303999931 ], [ 109.314943243, -0.00001377899998 ], [ 109.314753368, 0.000025237000048 ], [ 109.314350392, 0.000108040000028 ], [ 109.314106741, 0.000158105000015 ], [ 109.314097628, 0.000159978000059 ], [ 109.313806585, 0.000219781000045 ], [ 109.313628959, 0.000256280000035 ], [ 109.313613233, 0.000259511000017 ], [ 109.313494356, 0.000283938000052 ], [ 109.313264435, 0.000331182000027 ], [ 109.313215023, 0.000341335000018 ], [ 109.313045165, 0.000376237000076 ], [ 109.313011874, 0.000383078000026 ], [ 109.312721825, 0.000442677000025 ], [ 109.312574935, 0.00047286000006 ], [ 109.312482487, 0.000491856000048 ], [ 109.312356996, 0.000517642000031 ], [ 109.312009954, 0.00058895200005 ], [ 109.311790419, 0.000634062000072 ], [ 109.311789348, 0.000634282000026 ], [ 109.311297508, 0.000735345000056 ], [ 109.310897899, 0.000817456000051 ], [ 109.310587101, 0.000881319000027 ], [ 109.310575067, 0.000883792000025 ], [ 109.3105722, 0.000884381000046 ], [ 109.310236131, 0.000953436000023 ], [ 109.310235916, 0.000953480000013 ], [ 109.310066402, 0.000988312000057 ], [ 109.31006536, 0.000988526000063 ], [ 109.309631515, 0.001077672000071 ], [ 109.309626269, 0.001078750000029 ], [ 109.309266862, 0.001152601000048 ], [ 109.309261658, 0.001153670000059 ], [ 109.308937899, 0.001220196000019 ], [ 109.308928011, 0.001222228000067 ], [ 109.308922622, 0.001223335000011 ], [ 109.308547949, 0.001300323000061 ], [ 109.308544673, 0.001300996000052 ], [ 109.308529702, 0.001304072000033 ], [ 109.308340461, 0.001331827000058 ], [ 109.307999877, 0.001381780000029 ], [ 109.307993301, 0.001382744000059 ], [ 109.307573343, 0.001444338000055 ], [ 109.307189986, 0.001500564000028 ], [ 109.306760352, 0.001563577000072 ], [ 109.30675358, 0.001564570000021 ], [ 109.305372979, 0.00176705800003 ], [ 109.305369339, 0.001767592000012 ], [ 109.304354362, 0.001916455000069 ], [ 109.304353017, 0.001916652000039 ], [ 109.304202509, 0.00193872700003 ], [ 109.303412551, 0.002054587000034 ], [ 109.303378687, 0.002059554000023 ], [ 109.301940447, 0.00227049600005 ], [ 109.301938858, 0.002270785000054 ], [ 109.301484179, 0.002353454000061 ], [ 109.301480423, 0.00235413700005 ], [ 109.300902756, 0.002459167000039 ], [ 109.300655417, 0.002504138000057 ], [ 109.300206551, 0.002586115000032 ], [ 109.299988904, 0.002626499000024 ], [ 109.299988702, 0.002625359000031 ], [ 109.29982128, 0.002655799000013 ], [ 109.299820252, 0.002655986000021 ], [ 109.299637093, 0.002689288000049 ], [ 109.29953952, 0.002707028000025 ], [ 109.299539909, 0.002709810000044 ], [ 109.298931856, 0.002822633000043 ], [ 109.298608136, 0.002882699000046 ], [ 109.298259506, 0.002947387000061 ], [ 109.29812603, 0.002972153000023 ], [ 109.298052122, 0.002985867000063 ], [ 109.296702855, 0.003236221000061 ], [ 109.296161092, 0.003336745000073 ], [ 109.295715017, 0.003457397000026 ], [ 109.295230756, 0.003588378000063 ], [ 109.294702814, 0.003731174000048 ], [ 109.294456765, 0.003797724000026 ], [ 109.29391462, 0.003944362000033 ], [ 109.293754647, 0.003987631000024 ], [ 109.293519639, 0.004051195000047 ], [ 109.293419428, 0.004078299000063 ], [ 109.293245276, 0.004125404000034 ], [ 109.293068033, 0.00417334300005 ], [ 109.292845874, 0.004233432000032 ], [ 109.292825012, 0.00423907500004 ], [ 109.292483872, 0.004331346000077 ], [ 109.292454286, 0.004339348000029 ], [ 109.29015963, 0.004959997000066 ], [ 109.290057791424971, 0.004987541991456 ], [ 109.289814865, 0.005053248000029 ], [ 109.289647152, 0.005098610000063 ], [ 109.288851923, 0.005313701000026 ], [ 109.288582623, 0.005386540000064 ], [ 109.288578507, 0.005376270000061 ], [ 109.288566321, 0.005382004000067 ], [ 109.288564344, 0.005382934000059 ], [ 109.288575224, 0.005411762000043 ], [ 109.288788495, 0.005947923000061 ], [ 109.288881581, 0.006181939000045 ], [ 109.289021644, 0.00646984800005 ], [ 109.289983488, 0.008406524000061 ], [ 109.28998914, 0.00841940100002 ], [ 109.290003232, 0.008453011000019 ], [ 109.29000932, 0.008467580000053 ], [ 109.291133841, 0.011159710000069 ], [ 109.29116949, 0.011245050000071 ], [ 109.291290721, 0.01152403000002 ], [ 109.291344357, 0.011647449000061 ], [ 109.29136785, 0.011701510000013 ], [ 109.29155102, 0.012103850000071 ], [ 109.29157566, 0.012157980000044 ], [ 109.29163379, 0.012311620000042 ], [ 109.29180236, 0.012757090000032 ], [ 109.29180236, 0.012757980000056 ], [ 109.29180236, 0.012928260000018 ], [ 109.29180259, 0.012928910000026 ], [ 109.292035985, 0.013588146000069 ], [ 109.292038416, 0.013595011000056 ], [ 109.292107401, 0.01378986000003 ], [ 109.29214241, 0.013888740000023 ], [ 109.292162399, 0.013951831000042 ], [ 109.292155353, 0.013980295000062 ], [ 109.292158253, 0.013987958000027 ], [ 109.292254104, 0.014241280000013 ], [ 109.292261215, 0.014263726000022 ], [ 109.29227613, 0.014310801000014 ], [ 109.292284941, 0.014338620000042 ], [ 109.29237106, 0.014610440000067 ], [ 109.29239344, 0.014682660000052 ], [ 109.292448493, 0.014860322000061 ], [ 109.29253466, 0.015138390000055 ], [ 109.292644376, 0.015492455000066 ], [ 109.292657288, 0.01553412100002 ], [ 109.293023838, 0.016717011000034 ], [ 109.293078908, 0.016894727000026 ], [ 109.29337036, 0.017835270000034 ], [ 109.293379174, 0.017862489000034 ], [ 109.29342624, 0.018007841000036 ], [ 109.29342671, 0.018009350000053 ], [ 109.293535276908585, 0.018344644030589 ], [ 109.293686366, 0.01881126200004 ], [ 109.293878332, 0.019404120000049 ], [ 109.293896120719964, 0.019459057170922 ], [ 109.293897887, 0.019464512000068 ], [ 109.29393827, 0.01958923000007 ], [ 109.293960378, 0.019652952000059 ], [ 109.293982568, 0.019716910000055 ], [ 109.294083169, 0.02000686600007 ], [ 109.294269949, 0.020545213000046 ], [ 109.294389632, 0.02089017000003 ], [ 109.294506019, 0.021225626000052 ], [ 109.294648292, 0.021635694000052 ], [ 109.294679136, 0.021724594000035 ], [ 109.2947158, 0.021830270000067 ], [ 109.29471585, 0.021830250000055 ], [ 109.294826245, 0.022148429000031 ], [ 109.294902791, 0.022369049000016 ], [ 109.294941455, 0.022480484000025 ], [ 109.295002838, 0.022657401000053 ], [ 109.295016603, 0.022697074000057 ], [ 109.295063925, 0.022833462000045 ], [ 109.295071014126634, 0.022853894582934 ], [ 109.295083652, 0.02289032000005 ], [ 109.295120066, 0.02299527000002 ], [ 109.295163571, 0.023120660000079 ], [ 109.295165828, 0.023127162000038 ], [ 109.29525006, 0.02336992300007 ], [ 109.295287128090777, 0.023481863822516 ], [ 109.29529012, 0.023490899000019 ], [ 109.295630427, 0.024518571000049 ], [ 109.295727901, 0.024812930000038 ], [ 109.29585804, 0.025205930000016 ], [ 109.29599707, 0.02559257000008 ], [ 109.29646336, 0.026889320000066 ], [ 109.296668157, 0.027492030000075 ], [ 109.29671547, 0.027631270000025 ], [ 109.296728338, 0.027669138000019 ], [ 109.29685036, 0.028028240000015 ], [ 109.296915772, 0.028216900000077 ], [ 109.29737354, 0.029537090000014 ], [ 109.297471601, 0.029819900000066 ], [ 109.299779841, 0.03211195200004 ], [ 109.302111713, 0.034015520000018 ], [ 109.305109834, 0.036371187000039 ], [ 109.307774208, 0.037754221000056 ], [ 109.308226927, 0.037989220000045 ], [ 109.30925581, 0.038096200000045 ], [ 109.309807156, 0.037973313000058 ], [ 109.310503081, 0.037818201000042 ], [ 109.31165961, 0.037560430000044 ], [ 109.312741263, 0.037279973000067 ], [ 109.312741331, 0.037279963000057 ], [ 109.31285424, 0.037259001000046 ], [ 109.31456033, 0.03694217000003 ], [ 109.31466532, 0.036919420000063 ], [ 109.314766803, 0.03689742700004 ], [ 109.31573758, 0.036687050000066 ], [ 109.31631268, 0.036562420000047 ], [ 109.31728273, 0.036352200000063 ], [ 109.31746584, 0.036312701000045 ], [ 109.31860611, 0.036066730000073 ], [ 109.318870427, 0.036008529000072 ], [ 109.31888786, 0.036004691000072 ], [ 109.31921109, 0.035933520000067 ], [ 109.31961579, 0.03582875900003 ], [ 109.31987278, 0.035762230000052 ], [ 109.320035222, 0.035729812000053 ], [ 109.32051408, 0.035634249000052 ], [ 109.32059135, 0.035618829000034 ], [ 109.32082313, 0.035572570000056 ], [ 109.321382, 0.035461140000057 ], [ 109.321382968, 0.035460947000053 ], [ 109.321382945, 0.035461125000029 ], [ 109.321849386, 0.035368763000065 ], [ 109.322283154, 0.035256529000036 ], [ 109.32242423, 0.035220200000023 ], [ 109.322902848, 0.035125301000047 ], [ 109.323289654, 0.035050249000041 ], [ 109.324333246, 0.034772839000034 ], [ 109.324522839, 0.034722441000044 ], [ 109.325992868, 0.03428990700007 ], [ 109.32610181, 0.034257920000061 ], [ 109.326318834, 0.034186733000072 ], [ 109.32639081, 0.034163124000022 ], [ 109.326399297, 0.034160340000025 ], [ 109.32669261, 0.034064130000042 ], [ 109.326793987, 0.034046859000048 ], [ 109.3271241, 0.033990620000043 ], [ 109.327181895, 0.033978877000043 ], [ 109.327891464, 0.03383579600006 ], [ 109.328337909, 0.033720282000044 ], [ 109.329683486, 0.033305058000042 ], [ 109.330339103, 0.033127105000068 ], [ 109.330416664, 0.033103768000037 ], [ 109.330485664, 0.033083007000061 ], [ 109.33082978, 0.032980960000036 ], [ 109.331506836, 0.032775753000063 ], [ 109.331561461, 0.032759317000055 ], [ 109.331561746, 0.032759051000029 ], [ 109.332382326, 0.03245913800003 ], [ 109.332577569, 0.032390315000042 ], [ 109.333710851, 0.031937627000036 ], [ 109.333713807, 0.031936456000033 ], [ 109.33546853, 0.031241424000033 ], [ 109.33602505, 0.031016315000045 ], [ 109.33713386, 0.030571440000071 ], [ 109.338003046, 0.030291955000059 ], [ 109.338040097, 0.030280041000019 ], [ 109.33901644, 0.029966100000029 ], [ 109.339355552, 0.029894017000054 ], [ 109.34000292, 0.029756410000062 ], [ 109.34102871, 0.029562540000027 ], [ 109.34223922, 0.029317250000014 ], [ 109.342617747, 0.029256552000044 ], [ 109.342579658, 0.029262579000036 ], [ 109.342617747, 0.029256552 ], [ 109.342617844, 0.029256537 ], [ 109.343186269, 0.029166596 ], [ 109.34320512, 0.02916396 ], [ 109.343364197, 0.029141825 ], [ 109.343703364, 0.029095808 ], [ 109.343704681, 0.029094927 ], [ 109.345360424, 0.02871292 ], [ 109.34697911, 0.02834132 ], [ 109.34727791, 0.02826115 ], [ 109.34752629, 0.02819451 ], [ 109.347607985, 0.02817259 ], [ 109.347760644, 0.028132354 ], [ 109.347820008, 0.028119608 ], [ 109.34782184, 0.028119933 ], [ 109.348014178, 0.028078179 ], [ 109.34812469, 0.02805419 ], [ 109.34846282, 0.02798159 ], [ 109.348568481, 0.027957851 ], [ 109.348687028, 0.027932116 ], [ 109.349031998, 0.027833553 ], [ 109.349032096, 0.027833525 ], [ 109.34931124, 0.02775486 ], [ 109.349516767, 0.027704206 ], [ 109.350285486, 0.027516892 ], [ 109.350909437, 0.02735011 ], [ 109.350985977, 0.027329651 ], [ 109.350986074, 0.027329625 ], [ 109.35227104, 0.02703861 ], [ 109.35352696, 0.02671679 ], [ 109.353675581, 0.026678705 ], [ 109.354156991, 0.026555343 ], [ 109.35465123, 0.0264287 ], [ 109.355065975, 0.026339233000047 ], [ 109.355773207, 0.026186671000062 ], [ 109.35698814, 0.025924590000035 ], [ 109.35698966, 0.025923720000029 ], [ 109.35743327, 0.02566941000003 ], [ 109.35806387, 0.02533955000007 ], [ 109.36113308, 0.024249990000039 ], [ 109.361602674, 0.024079584000044 ], [ 109.3616489, 0.024062810000029 ], [ 109.36251861, 0.02375317000001 ], [ 109.36330878, 0.023438180000016 ], [ 109.36343621, 0.023390951000062 ], [ 109.363460184, 0.023382065000014 ], [ 109.36433899, 0.023056360000054 ], [ 109.36437471, 0.02304312000007 ], [ 109.36505006, 0.022810530000078 ], [ 109.36518078, 0.022765510000041 ], [ 109.365328311, 0.022721142000016 ], [ 109.36558912, 0.022642720000021 ], [ 109.365589291, 0.022642673000068 ], [ 109.365898299, 0.022565918000044 ], [ 109.365929731, 0.02255811100002 ], [ 109.36599746, 0.02254129000004 ], [ 109.366118941, 0.022503661000026 ], [ 109.36648005, 0.022391810000042 ], [ 109.366641361, 0.022342511000036 ], [ 109.366683071, 0.022329762000024 ], [ 109.36737097, 0.022119540000055 ], [ 109.36802519, 0.021933890000063 ], [ 109.36816114, 0.021895310000047 ], [ 109.36816202, 0.021895049000012 ], [ 109.368687431, 0.021737352000064 ], [ 109.36901494, 0.021639060000036 ], [ 109.36952404, 0.021489570000022 ], [ 109.36965797, 0.021452449000036 ], [ 109.36976702, 0.021422220000027 ], [ 109.37025587, 0.021286700000079 ], [ 109.37058997, 0.021179930000062 ], [ 109.370664941, 0.021128291000016 ], [ 109.370690171, 0.021110912000031 ], [ 109.37069073, 0.021110530000049 ], [ 109.37075952, 0.021081230000054 ], [ 109.37082861, 0.021051800000068 ], [ 109.37089683, 0.021042640000072 ], [ 109.37090816, 0.02104112000006 ], [ 109.37100892, 0.020998410000059 ], [ 109.37104842, 0.020980690000043 ], [ 109.37112428, 0.020946670000058 ], [ 109.37112441, 0.020946610000061 ], [ 109.37112479, 0.020938460000027 ], [ 109.37112576, 0.020917490000036 ], [ 109.371140705, 0.020736960000018 ], [ 109.37110455, 0.020613190000054 ], [ 109.3710596, 0.020459330000039 ], [ 109.37102894, 0.020205610000067 ], [ 109.37099844, 0.019953180000073 ], [ 109.37092851, 0.019542510000068 ], [ 109.37089891, 0.019357720000077 ], [ 109.37087024, 0.019178770000052 ], [ 109.37086013, 0.019155490000062 ], [ 109.37078866, 0.018991030000053 ], [ 109.37066046, 0.018779830000015 ], [ 109.37057899, 0.018627510000049 ], [ 109.37057887, 0.018627290000036 ], [ 109.37060218, 0.018474760000056 ], [ 109.37067046, 0.018358440000038 ], [ 109.3707537, 0.018216620000029 ], [ 109.37075378, 0.018216140000046 ], [ 109.37077701, 0.018075820000027 ], [ 109.37078497, 0.017963630000053 ], [ 109.37082364, 0.017418740000034 ], [ 109.370768601, 0.017040108000055 ], [ 109.37075371, 0.016937670000056 ], [ 109.37056732, 0.016578680000064 ], [ 109.37048565, 0.016421390000062 ], [ 109.37041076, 0.016289440000041 ], [ 109.370310618, 0.016113001000063 ], [ 109.37029918, 0.016092850000058 ], [ 109.37029349, 0.015966940000046 ], [ 109.37028752, 0.015834720000036 ], [ 109.370296369, 0.015813664000054 ], [ 109.37041573, 0.015529650000071 ], [ 109.37042754, 0.015440500000073 ], [ 109.37042757, 0.015440510000082 ], [ 109.37042758, 0.01544044000002 ], [ 109.37042755, 0.015440430000074 ], [ 109.370429233, 0.01542772100004 ], [ 109.37043651, 0.015372750000035 ], [ 109.37046235, 0.015177640000041 ], [ 109.37043905, 0.01483737000006 ], [ 109.37033415, 0.014497100000029 ], [ 109.37036912, 0.014344560000035 ], [ 109.37057439, 0.014245060000057 ], [ 109.37068379, 0.014192030000059 ], [ 109.37069546, 0.014051230000061 ], [ 109.37061222, 0.013852890000064 ], [ 109.37034582, 0.013218150000062 ], [ 109.3703046, 0.013087270000018 ], [ 109.37025822, 0.01294 ], [ 109.37007925, 0.012560990000056 ], [ 109.36999617, 0.012385070000048 ], [ 109.37006611, 0.011986130000018 ], [ 109.37003115, 0.011681060000059 ], [ 109.36982136, 0.010812780000026 ], [ 109.36980953, 0.010779440000023 ], [ 109.36970481, 0.010484240000042 ], [ 109.36971502, 0.010404610000026 ], [ 109.36975143, 0.010120500000027 ], [ 109.36963507, 0.009910620000028 ], [ 109.36947172, 0.009615960000073 ], [ 109.36947187, 0.009615840000038 ], [ 109.369504019, 0.00959156800008 ], [ 109.3698913, 0.009299160000068 ], [ 109.37008943, 0.009205290000067 ], [ 109.37042742, 0.009170090000056 ], [ 109.37045285, 0.009154090000043 ], [ 109.37049392, 0.009128247000031 ], [ 109.37052066, 0.009111420000062 ], [ 109.37055508, 0.009042120000058 ], [ 109.37060225, 0.008947150000044 ], [ 109.37067278, 0.008692710000042 ], [ 109.37073159, 0.008480550000054 ], [ 109.37074211, 0.008442610000028 ], [ 109.370742476, 0.008440216000056 ], [ 109.37074457, 0.008426515000045 ], [ 109.37083535, 0.007832470000043 ], [ 109.37084436, 0.007700970000035 ], [ 109.37085866, 0.007492200000047 ], [ 109.37092803, 0.007298220000045 ], [ 109.37096356, 0.007198860000071 ], [ 109.37107246, 0.007106540000045 ], [ 109.371185, 0.007011130000012 ], [ 109.37118512, 0.00701097000006 ], [ 109.371232889, 0.006948089000042 ], [ 109.37126228, 0.006909400000043 ], [ 109.371268719, 0.006900923000031 ], [ 109.37133652, 0.006811660000045 ], [ 109.37135141, 0.006736700000022 ], [ 109.37147638, 0.006107650000041 ], [ 109.37165256, 0.00523194000004 ], [ 109.37166286, 0.005180700000027 ], [ 109.37184935, 0.003948680000051 ], [ 109.37202757, 0.003495410000028 ], [ 109.37207079, 0.003385480000019 ], [ 109.37222231, 0.002505460000067 ], [ 109.37225727, 0.002059590000038 ], [ 109.37235051, 0.001824920000037 ], [ 109.37236435, 0.001692550000022 ], [ 109.37237382, 0.001601980000029 ], [ 109.37243915, 0.001442270000027 ], [ 109.37245541, 0.001402510000038 ], [ 109.3724555, 0.001402400000079 ], [ 109.37266509, 0.001121050000052 ], [ 109.3726652, 0.001120910000053 ], [ 109.37275844, 0.000804100000029 ], [ 109.372769383, 0.000775180000064 ], [ 109.37282183, 0.000636580000041 ], [ 109.37285168, 0.000557700000062 ], [ 109.37295994, 0.000495419000058 ], [ 109.37301485, 0.000463830000052 ], [ 109.37306041, 0.000413370000051 ], [ 109.3731314, 0.000334760000035 ], [ 109.37313267, 0.000307740000043 ], [ 109.37314305, 0.000088360000062 ], [ 109.37319748, -0.00027952999995 ], [ 109.37322463, -0.000463109999944 ], [ 109.373297762, -0.000554056999933 ], [ 109.37346395, -0.000760729999977 ], [ 109.37361865, -0.000953109999963 ], [ 109.3736209, -0.000955919999968 ], [ 109.37380738, -0.001061519999953 ], [ 109.37386093, -0.001123139999958 ], [ 109.37405214, -0.00134312999995 ], [ 109.37422696, -0.001437 ], [ 109.37435517, -0.001601269999983 ], [ 109.37452884, -0.001768509999981 ], [ 109.37462323, -0.001859399999952 ], [ 109.37485998, -0.002042129999958 ], [ 109.37497288, -0.00212927499997 ], [ 109.37558874, -0.002176069999968 ], [ 109.37559059, -0.002176209999956 ], [ 109.37565631, -0.002214379999941 ], [ 109.37589362, -0.00235220999997 ], [ 109.37613607, -0.002596299999946 ], [ 109.37616169, -0.002622089999942 ], [ 109.37616166, -0.002622369999936 ], [ 109.37613838, -0.002868489999975 ], [ 109.375953098, -0.002943100999978 ], [ 109.37578873, -0.003009289999968 ], [ 109.37578884, -0.00301028999997 ], [ 109.37581204, -0.003208759999958 ], [ 109.37604514, -0.003455169999934 ], [ 109.37604476, -0.003457389999942 ], [ 109.37598686, -0.00379543999998 ], [ 109.37582369, -0.004053579999943 ], [ 109.37582291, -0.004057869999947 ], [ 109.37580038, -0.004182649999958 ], [ 109.37598071, -0.004440629999974 ], [ 109.37602059, -0.004497679999928 ], [ 109.37602183, -0.00449944999997 ], [ 109.37621996, -0.005039189999943 ], [ 109.37648802, -0.005391199999965 ], [ 109.37651133, -0.005754939999978 ], [ 109.37662579, -0.005923359999935 ], [ 109.37666284, -0.005977879999938 ], [ 109.37701249, -0.006282949999965 ], [ 109.37707077, -0.00657628999995 ], [ 109.37712726, -0.006775339999931 ], [ 109.37718723, -0.006986639999988 ], [ 109.37718732, -0.006986959999956 ], [ 109.37752531, -0.007280299999944 ], [ 109.3775679, -0.007298679999961 ], [ 109.3776069, -0.007315509999952 ], [ 109.377580965, -0.00738338899993 ], [ 109.37749034, -0.007620579999982 ], [ 109.37758358, -0.00813684999998 ], [ 109.377586443, -0.008145248999934 ], [ 109.377588451, -0.008151139999944 ], [ 109.37785164, -0.008923 ], [ 109.37788144, -0.009223009999979 ], [ 109.37790992, -0.009509679999956 ], [ 109.377965525, -0.010752619999951 ], [ 109.3779681, -0.010810169999963 ], [ 109.37796818, -0.010812099999956 ], [ 109.37807967, -0.010876239999966 ], [ 109.37813135, -0.01090596999996 ], [ 109.37814301, -0.011070239999935 ], [ 109.37810525, -0.01112725999997 ], [ 109.37807378, -0.011174779999985 ], [ 109.37807308, -0.011175839999967 ], [ 109.37789825, -0.011199309999938 ], [ 109.37774995, -0.011362829999948 ], [ 109.3776535, -0.011469179999955 ], [ 109.37765298, -0.011470529999948 ], [ 109.377573128, -0.011679542999955 ], [ 109.37747867, -0.011926789999958 ], [ 109.37747867, -0.012149719999974 ], [ 109.37755515, -0.012235279999976 ], [ 109.37758356, -0.012267059999941 ], [ 109.37758486, -0.01226694999997 ], [ 109.37763222, -0.012262799999971 ], [ 109.37785163, -0.01224359999998 ], [ 109.37818904, -0.012114749999976 ], [ 109.37818962, -0.012114529999964 ], [ 109.37833582, -0.01215867999997 ], [ 109.37842272, -0.01218492999994 ], [ 109.37855351, -0.012448279999939 ], [ 109.37856258, -0.012466539999938 ], [ 109.37856257, -0.012466719999968 ], [ 109.37853956, -0.012744639999944 ], [ 109.37853927, -0.012748139999932 ], [ 109.37834113, -0.013041479999979 ], [ 109.37828141, -0.01309198999997 ], [ 109.37804975, -0.013287879999952 ], [ 109.37779948, -0.013502509999969 ], [ 109.37773709, -0.013556019999955 ], [ 109.37773507, -0.013557749999967 ], [ 109.37769834, -0.013636989999949 ], [ 109.37765348, -0.013733749999976 ], [ 109.3776634, -0.013760859999937 ], [ 109.37768802, -0.013828119999976 ], [ 109.37768819, -0.013828589999957 ], [ 109.377689568, -0.013832353999936 ], [ 109.37773507, -0.013956689999938 ], [ 109.37786327, -0.014038829999947 ], [ 109.37794596, -0.013938929999941 ], [ 109.37809637, -0.013757219999947 ], [ 109.37836444, -0.013581219999936 ], [ 109.37836788, -0.01357928999994 ], [ 109.37867912, -0.013405219999926 ], [ 109.37894719, -0.01345215999993 ], [ 109.378961026, -0.013474047999979 ], [ 109.379005015, -0.013543639999971 ], [ 109.37902838, -0.013580599999957 ], [ 109.37902877, -0.013581229999947 ], [ 109.37906374, -0.013968429999984 ], [ 109.37900546, -0.014203109999932 ], [ 109.37884229, -0.014449509999968 ], [ 109.37876137, -0.01456354999994 ], [ 109.37872574, -0.014613779999938 ], [ 109.37862316, -0.01466143999994 ], [ 109.37811967, -0.014895379999934 ], [ 109.3777234, -0.015071379999943 ], [ 109.377715324, -0.015091126999948 ], [ 109.377708181, -0.015108590999942 ], [ 109.37764182, -0.015270849999984 ], [ 109.37765478, -0.015290419999933 ], [ 109.37773506, -0.015411649999984 ], [ 109.37793319, -0.015493789999944 ], [ 109.37832469, -0.015516309999959 ], [ 109.37834111, -0.015517259999974 ], [ 109.37834565, -0.015519749999949 ], [ 109.37859752, -0.015658059999966 ], [ 109.37880169, -0.015807549999974 ], [ 109.37885393, -0.015845799999966 ], [ 109.37888214, -0.015894479999935 ], [ 109.37893552, -0.015986599999969 ], [ 109.37890984, -0.016022149999967 ], [ 109.37884228, -0.016115669999986 ], [ 109.378262842, -0.016578312999972 ], [ 109.37816801, -0.016654029999936 ], [ 109.37816628, -0.01665540999994 ], [ 109.37813411, -0.016759039999952 ], [ 109.378108, -0.016843149999947 ], [ 109.37805509, -0.017162739999953 ], [ 109.37804973, -0.017195149999961 ], [ 109.3780489, -0.017205679999967 ], [ 109.37801476, -0.017641029999933 ], [ 109.37801476, -0.017847019999977 ], [ 109.37801476, -0.017875699999941 ], [ 109.37798343, -0.017973459999948 ], [ 109.3778982, -0.018239439999941 ], [ 109.37768839, -0.018435569999949 ], [ 109.37757186, -0.018544509999978 ], [ 109.37739703, -0.018861309999975 ], [ 109.377290738, -0.019225111999969 ], [ 109.37728749, -0.01923622999994 ], [ 109.37728073, -0.019259379999937 ], [ 109.37728048, -0.019260249999946 ], [ 109.37725305, -0.019321 ], [ 109.37710565, -0.019647449999984 ], [ 109.37703728, -0.019873609999939 ], [ 109.37702406, -0.019917319999936 ], [ 109.377053975, -0.020354049999988 ], [ 109.377059555, -0.020435540999927 ], [ 109.37707067, -0.020597869999966 ], [ 109.377046152, -0.020681184999951 ], [ 109.37701425, -0.020789589999937 ], [ 109.37697743, -0.020914669999968 ], [ 109.37678499, -0.021155259999954 ], [ 109.37676461, -0.021180738999933 ], [ 109.37658027, -0.021411189999982 ], [ 109.37655111, -0.021477439999958 ], [ 109.376051279, -0.022710849999962 ], [ 109.376018736, -0.022696585999937 ], [ 109.375998463, -0.02268768999994 ], [ 109.375970991, -0.022675636999974 ], [ 109.375456089, -0.022449802999975 ], [ 109.375390842, -0.022421185999977 ], [ 109.375383362, -0.022407161999977 ], [ 109.375346749, -0.022338512999968 ], [ 109.375105352, -0.022239817999952 ], [ 109.374965861, -0.022182786999967 ], [ 109.374654372, -0.022050403999978 ], [ 109.374654573, -0.022055516999962 ], [ 109.374650487, -0.022053845999955 ], [ 109.374646893, -0.022052376999974 ], [ 109.374259746, -0.021894090999979 ], [ 109.374114071, -0.021834531999957 ], [ 109.37385649, -0.021729219999943 ], [ 109.373505472, -0.021585705999948 ], [ 109.37295594, -0.021361029999984 ], [ 109.372502401, -0.02117560099993 ], [ 109.372257431, -0.02107544499996 ], [ 109.372120113, -0.021019301999963 ], [ 109.372019934, -0.020978343999969 ], [ 109.371958426, -0.020953195999945 ], [ 109.371947776, -0.020948841999942 ], [ 109.371864044, -0.020914607999949 ], [ 109.371675885, -0.020837678999958 ], [ 109.371625874, -0.020817231999967 ], [ 109.371541011, -0.020782535999968 ], [ 109.371421753, -0.020733776999981 ], [ 109.371154862, -0.020624658999962 ], [ 109.371007025, -0.020594728999925 ], [ 109.370534939, -0.020499152999952 ], [ 109.370036171, -0.02039817499997 ], [ 109.369926718, -0.020376015999947 ], [ 109.369876055, -0.020365758999959 ], [ 109.369311486, -0.020251459999947 ], [ 109.369013509, -0.020191133999953 ], [ 109.368973996, -0.020183133999989 ], [ 109.368780821, -0.020153084999954 ], [ 109.368304603, -0.020079005999947 ], [ 109.368231014, -0.020067558999927 ], [ 109.367227079, -0.019911390999943 ], [ 109.367132733, -0.019896714999964 ], [ 109.366785707, -0.019842732999972 ], [ 109.366664792, -0.019823923999977 ], [ 109.36643425, -0.01978806199998 ], [ 109.365963598, -0.019714849999963 ], [ 109.365482141, -0.019731144999984 ], [ 109.365479719, -0.019731226999974 ], [ 109.36540081, -0.019733897999971 ], [ 109.364730095, -0.019756598999947 ], [ 109.364726559, -0.019756718999938 ], [ 109.36472232, -0.019756861999954 ], [ 109.364378231, -0.019768507999974 ], [ 109.364006523, -0.019781088999935 ], [ 109.363258612, -0.019806402999967 ], [ 109.363246527, -0.019806811999962 ], [ 109.363016645, -0.019814591999929 ], [ 109.363004252, -0.019815011999924 ], [ 109.362986458, -0.019815613999935 ], [ 109.361788572, -0.019856157999924 ], [ 109.361615245, -0.01986202499995 ], [ 109.361408551, -0.019894108999954 ], [ 109.360877479, -0.019976543999984 ], [ 109.360496205, -0.020035726999946 ], [ 109.359403922, -0.020205274999967 ], [ 109.359281224, -0.020224320999949 ], [ 109.358759465, -0.020305309999973 ], [ 109.358425251, -0.020357187999944 ], [ 109.358417937, -0.020358322999925 ], [ 109.358270132, -0.020381265999959 ], [ 109.357148863, -0.020555313999979 ], [ 109.357133096, -0.020557760999958 ], [ 109.356877612, -0.02060926099995 ], [ 109.356816549, -0.020621569999957 ], [ 109.356143251, -0.020757292999977 ], [ 109.356135302, -0.020758894999983 ], [ 109.355944254, -0.02079740599993 ], [ 109.355534595, -0.020879984999967 ], [ 109.355440646, -0.020898922999951 ], [ 109.354730091, -0.021042155999973 ], [ 109.354658266, -0.021056633999932 ], [ 109.354601105, -0.021068156999953 ], [ 109.354525334, -0.021083430999966 ], [ 109.354446251, -0.021099371999987 ], [ 109.353943543, -0.021200707999923 ], [ 109.353935966, -0.021202234999976 ], [ 109.353380927, -0.021314118999953 ], [ 109.352955052, -0.021399965999937 ], [ 109.352693091, -0.021452771999975 ], [ 109.352643888, -0.021462689999972 ], [ 109.352384891, -0.021514897999968 ], [ 109.351962891, -0.021599963999969 ], [ 109.351580288, -0.021677088999976 ], [ 109.350746406, -0.021845181999937 ], [ 109.350703832, -0.021853763999959 ], [ 109.350697495, -0.021855040999982 ], [ 109.350135843, -0.021968257999963 ], [ 109.349873569, -0.02202112699996 ], [ 109.349841197, -0.022027651999969 ], [ 109.349608598, -0.022074539999954 ], [ 109.349601325, -0.022082958999933 ], [ 109.349587078, -0.022085078999971 ], [ 109.349468732, -0.022102688999952 ], [ 109.349401362, -0.022111911999959 ], [ 109.348652777, -0.022220533999931 ], [ 109.348644975, -0.022221669999971 ], [ 109.348331903, -0.022267093999981 ], [ 109.348214862, -0.022284076999941 ], [ 109.348126505, -0.02229689799998 ], [ 109.348067061, -0.022305522999949 ], [ 109.347985204, -0.022317400999964 ], [ 109.347634669, -0.022368264999962 ], [ 109.347611517, -0.022371623999955 ], [ 109.3475424, -0.022381652999974 ], [ 109.347314903, -0.022436367999949 ], [ 109.347311631, -0.022437154999977 ], [ 109.346730968, -0.022576807999938 ], [ 109.346550848, -0.022620127999981 ], [ 109.346542593, -0.022622112999957 ], [ 109.346493501986771, -0.022633919503885 ], [ 109.346453571, -0.02264352299995 ], [ 109.346244522, -0.022693800999951 ], [ 109.3460929, -0.022730266999926 ], [ 109.345709114, -0.022822569999967 ], [ 109.345669996, -0.022833125999972 ], [ 109.34558824, -0.022855186999953 ], [ 109.344615506, -0.023117671999955 ], [ 109.344250695, -0.023216112999942 ], [ 109.344247136, -0.023217072999965 ], [ 109.344161317, -0.023118995999939 ], [ 109.34413525, -0.023089204999972 ], [ 109.343808397, -0.022715663999974 ], [ 109.343330313, -0.022169288999988 ], [ 109.34329081, -0.022124142999928 ], [ 109.343272467, -0.02210317899995 ], [ 109.342772059, -0.021687114999973 ], [ 109.342765159, -0.021681377999926 ], [ 109.34264033, -0.021577588999954 ], [ 109.342194276, -0.021206716999933 ], [ 109.34218971, -0.021202920999948 ], [ 109.341945378, -0.020999770999936 ], [ 109.341728085, -0.020819102999955 ], [ 109.341497075, -0.020627029999961 ], [ 109.341495617, -0.020625816999937 ], [ 109.341254459, -0.020425305999934 ], [ 109.341253893, -0.020424834999975 ], [ 109.340703502, -0.019967211999935 ], [ 109.340703471, -0.01996718699996 ], [ 109.340689633, -0.01995568199993 ], [ 109.339998808, -0.019330978999958 ], [ 109.339997646, -0.019329927999937 ], [ 109.339864155, -0.01920921499994 ], [ 109.339696781, -0.01905785999998 ], [ 109.339627898, -0.018995570999953 ], [ 109.339379539, -0.018770983999957 ], [ 109.339319146653068, -0.018716372056765 ], [ 109.338530344, -0.018003068999978 ], [ 109.338254339, -0.017753481999929 ], [ 109.337873855, -0.017409403999986 ], [ 109.336917037, -0.01661755899995 ], [ 109.336856806, -0.016567712999971 ], [ 109.336551753, -0.016315256999972 ], [ 109.336183764, -0.01601071499994 ], [ 109.336168042, -0.015997703999981 ], [ 109.336083549, -0.015927779999973 ], [ 109.335675171, -0.015589812999967 ], [ 109.335326005, -0.015300849999962 ], [ 109.334836204, -0.01488640299994 ], [ 109.334671358, -0.014746917999967 ], [ 109.33455704, -0.014650187999973 ], [ 109.334378056, -0.014498738999972 ], [ 109.333968907, -0.014152535999936 ], [ 109.333269277, -0.013560541999933 ], [ 109.333253861, -0.013547496999934 ], [ 109.333152555, -0.013461776999978 ], [ 109.332904219, -0.013251645999965 ], [ 109.332591087, -0.012986688999948 ], [ 109.332372851, -0.012802027999949 ], [ 109.332193311, -0.012650109999929 ], [ 109.332039201, -0.012519708999952 ], [ 109.331901137, -0.012402885999962 ], [ 109.331832052, -0.012344428999942 ], [ 109.331822252, -0.012336136999976 ], [ 109.331697455, -0.012230538999978 ], [ 109.331690192, -0.012224392999939 ], [ 109.330918697, -0.011571588999969 ], [ 109.330289887, -0.011039519999945 ], [ 109.330289548, -0.01103923299997 ], [ 109.329756415, -0.010588119999975 ], [ 109.329752609435772, -0.01058489990414 ], [ 109.329174649, -0.010095855999969 ], [ 109.329174593, -0.010095808999954 ], [ 109.328609183, -0.009617384999961 ], [ 109.328604464, -0.009613391999955 ], [ 109.328281937, -0.009340484999947 ], [ 109.328241279, -0.009304292999958 ], [ 109.328034175, -0.009129223999933 ], [ 109.328033305, -0.00913010399995 ], [ 109.327988471, -0.009092166999947 ], [ 109.32795412, -0.009063100999926 ], [ 109.327945035, -0.00905541299994 ], [ 109.3279449, -0.009055558999931 ], [ 109.327807839622679, -0.008939551889344 ], [ 109.326868033, -0.00814410499994 ], [ 109.326859976, -0.008137287999944 ], [ 109.326760108, -0.008052783999971 ], [ 109.326524983, -0.007853831999972 ], [ 109.326188905, -0.007569457999984 ], [ 109.32588856, -0.007304606999987 ], [ 109.325888482, -0.007304538999965 ], [ 109.325635105, -0.007081105999934 ], [ 109.325518818, -0.006978561999978 ], [ 109.325439706, -0.006908799999958 ], [ 109.325055353, -0.006569870999959 ], [ 109.324735799, -0.006288082999964 ], [ 109.324507433, -0.006086705999968 ], [ 109.324463751, -0.006048185999929 ], [ 109.324241217, -0.005851951999948 ], [ 109.323726275, -0.005397866999942 ], [ 109.323726193, -0.005397794999968 ], [ 109.323358547, -0.005073597999963 ], [ 109.323135869, -0.004877236999964 ], [ 109.323133579, -0.004875216999951 ], [ 109.322992273, -0.004750610999969 ], [ 109.322711215, -0.004502767999955 ], [ 109.322710942, -0.004502527999931 ], [ 109.322698296, -0.004491376999963 ], [ 109.322355688, -0.004189258999935 ], [ 109.322067582, -0.003935201999985 ], [ 109.321841608, -0.003735934999948 ], [ 109.321723762, -0.003632015999931 ], [ 109.320979186, -0.003140706999946 ], [ 109.320978858, -0.00314053699998 ], [ 109.320770194, -0.003032437999945 ], [ 109.320689454, -0.002990610999983 ], [ 109.32050975, -0.002897514999975 ], [ 109.320314318, -0.002796270999964 ], [ 109.318955022, -0.002092085999953 ], [ 109.318664209, -0.001941429999928 ], [ 109.318171071, -0.001685958999934 ], [ 109.317882992, -0.001536718999955 ], [ 109.316660681390815, -0.000903499703612 ], [ 109.316503997443093, -0.000822329309885 ], [ 109.31591589, -0.000517659999956 ], [ 109.315743782, -0.000428498999951 ], [ 109.314995146, -0.00004066699996 ], [ 109.314994446, -0.000040303999931 ] ] ] ] } },
{ "type": "Feature", "properties": { "fid": null, "gid": 611680.0, "kdprov": "61", "kdkab": "71", "kdkec": "030", "nmprov": "KALIMANTAN BARAT", "nmkab": "PONTIANAK", "nmkec": "PONTIANAK BARAT", "luas": 0.049110434977035003, "sumber": "", "periode": "2024_1", "layer": null, "path": null, "idkec": "6171030" }, "geometry": { "type": "MultiPolygon", "coordinates": [ [ [ [ 109.2853557, -0.040537435999963 ], [ 109.285264893, -0.040623407999932 ], [ 109.2851984, -0.040686359999939 ], [ 109.28503651, -0.040839619999933 ], [ 109.284971571, -0.040900589999978 ], [ 109.284973863, -0.04090342599994 ], [ 109.284857079, -0.041013649999973 ], [ 109.284441299, -0.041406049999986 ], [ 109.283801259, -0.041969839999988 ], [ 109.283798719, -0.041972079999943 ], [ 109.283742229, -0.042028929999959 ], [ 109.283536339, -0.042236129999943 ], [ 109.283123999, -0.042651109999954 ], [ 109.282730919, -0.043046699999941 ], [ 109.282423888, -0.04335568999995 ], [ 109.282382808, -0.043409179999978 ], [ 109.282331979, -0.043475379999962 ], [ 109.282329335, -0.043471075999951 ], [ 109.28232603, -0.043475379999962 ], [ 109.28205035, -0.043026679999979 ], [ 109.28200771, -0.042905359999959 ], [ 109.28198488, -0.042840409999946 ], [ 109.28186973, -0.042682669999986 ], [ 109.28181125, -0.042602559999983 ], [ 109.28177425, -0.042502249999929 ], [ 109.28135258, -0.041800919999966 ], [ 109.28036372, -0.040102599999957 ], [ 109.27996694, -0.039425229999949 ], [ 109.279743997, -0.039044631999955 ], [ 109.27936124, -0.038391209999927 ], [ 109.27936032, -0.038389629999927 ], [ 109.2791658, -0.038099239999952 ], [ 109.27519615, -0.032173119999932 ], [ 109.275196064, -0.032172990999929 ], [ 109.274622213, -0.031316319999972 ], [ 109.27414089, -0.030597779999935 ], [ 109.273864314349993, -0.030184894984218 ], [ 109.275834625393841, -0.027763235155004 ], [ 109.277820499812748, -0.025164976554056 ], [ 109.279230163103065, -0.023226689529866 ], [ 109.279233402866041, -0.023232400570058 ], [ 109.280177839954533, -0.021981427135188 ], [ 109.28061876958283, -0.021463153878828 ], [ 109.281458331012118, -0.020667442265001 ], [ 109.281944646396937, -0.020305720077947 ], [ 109.281946756521577, -0.02031419933115 ], [ 109.282163197125897, -0.020171923689151 ], [ 109.282718273141171, -0.019807048546239 ], [ 109.284802055895554, -0.018883352059703 ], [ 109.285606495413546, -0.018488797471644 ], [ 109.285349143, -0.016944681999972 ], [ 109.285353976, -0.016916221999967 ], [ 109.285360194, -0.01687960699997 ], [ 109.28535718, -0.016821899999973 ], [ 109.28535222, -0.016727059999944 ], [ 109.28535219, -0.016726369999963 ], [ 109.28537058, -0.016633779999949 ], [ 109.28539493, -0.016511229999936 ], [ 109.28545687, -0.016268719999979 ], [ 109.28547186, -0.016210039999984 ], [ 109.28549517, -0.016045759999937 ], [ 109.2855317, -0.015788359999939 ], [ 109.28554189, -0.01574526999997 ], [ 109.285580638, -0.01558143399995 ], [ 109.28559911, -0.015503329999946 ], [ 109.28565993, -0.015246209999933 ], [ 109.28567686, -0.015169489999956 ], [ 109.28583089, -0.014471699999945 ], [ 109.28590783, -0.014136079999968 ], [ 109.28590783, -0.013826279999935 ], [ 109.28590489, -0.01379668999994 ], [ 109.28589074, -0.013654169999947 ], [ 109.28586639, -0.013552019999964 ], [ 109.28583945, -0.013439029999974 ], [ 109.28581739, -0.013362299999931 ], [ 109.28574548, -0.013112229999933 ], [ 109.28574542, -0.013112009999935 ], [ 109.28573672, -0.01307136999998 ], [ 109.28573426, -0.013059869999959 ], [ 109.28564984, -0.012665609999952 ], [ 109.2856343, -0.012363319999967 ], [ 109.28565001, -0.012300069999986 ], [ 109.28570269, -0.012087939999958 ], [ 109.285746262, -0.01198375499996 ], [ 109.28576242, -0.011945119999957 ], [ 109.28579026, -0.011878579999971 ], [ 109.28580632, -0.011840169999972 ], [ 109.285830507, -0.011782337999939 ], [ 109.28583946, -0.011760929999977 ], [ 109.28615118, -0.011016539999954 ], [ 109.28619074, -0.010922059999928 ], [ 109.28620703, -0.010883159999934 ], [ 109.28629251, -0.010633599999949 ], [ 109.286373312, -0.010394984999959 ], [ 109.28640445, -0.010303029999936 ], [ 109.286412103, -0.010280427999929 ], [ 109.28642073, -0.010254949999929 ], [ 109.2864482, -0.01018703999996 ], [ 109.286579101, -0.009863434999943 ], [ 109.28668032, -0.009613209999941 ], [ 109.28671405, -0.009529825999947 ], [ 109.28672745, -0.009496699999943 ], [ 109.28683213, -0.009177769999956 ], [ 109.286882473, -0.009024376999946 ], [ 109.28689943, -0.00897270999996 ], [ 109.28689964, -0.008970889999947 ], [ 109.28690146, -0.008954989999948 ], [ 109.28690248, -0.008946091999981 ], [ 109.28692507, -0.008748969999944 ], [ 109.28692506, -0.008748869999984 ], [ 109.286922211, -0.008723032999979 ], [ 109.286932505, -0.008600978999938 ], [ 109.286956428, -0.008317311999975 ], [ 109.286962365, -0.008246914999971 ], [ 109.287000671, -0.007792719999947 ], [ 109.287019801, -0.007565887999931 ], [ 109.28703939, -0.007412639999929 ], [ 109.28703942, -0.007411979999973 ], [ 109.287045816, -0.007257424999985 ], [ 109.287110234, -0.006493611999933 ], [ 109.287070314, -0.00628070599994 ], [ 109.287069109, -0.006274277999982 ], [ 109.28704073, -0.006167149999955 ], [ 109.28703621, -0.006150069999934 ], [ 109.28703614, -0.006149939999949 ], [ 109.28695959, -0.006002809999933 ], [ 109.28694218, -0.005969349999933 ], [ 109.286921358, -0.005890749999945 ], [ 109.28691952, -0.00588380999995 ], [ 109.28690799, -0.005840259999953 ], [ 109.2869045, -0.005813199999982 ], [ 109.286875785, -0.005590157999968 ], [ 109.28687486, -0.005582969999981 ], [ 109.28687291, -0.005567849999978 ], [ 109.286868072, -0.00553026299998 ], [ 109.286877811, -0.005527594999938 ], [ 109.286858242, -0.005375559999957 ], [ 109.286823002, -0.005161499999927 ], [ 109.286765902, -0.004814689999932 ], [ 109.286733582, -0.004663108999982 ], [ 109.286726682, -0.004630749999936 ], [ 109.286718694, -0.004593284999945 ], [ 109.286661632, -0.004325669999957 ], [ 109.286659042, -0.004305589999943 ], [ 109.286656198, -0.004283562999949 ], [ 109.286619112, -0.003996319999945 ], [ 109.286614307, -0.003959112999951 ], [ 109.286595762, -0.003815479999964 ], [ 109.286589573, -0.003701862999944 ], [ 109.286586432, -0.003644189999937 ], [ 109.286586382, -0.003643379999968 ], [ 109.286577556, -0.003481393999951 ], [ 109.28640755, -0.003442534999987 ], [ 109.286393472, -0.003241921999972 ], [ 109.28646427, -0.002290000999955 ], [ 109.286502556, -0.001962108999978 ], [ 109.286535316, -0.001681540999929 ], [ 109.286571932, -0.00136794499997 ], [ 109.286609256, -0.001048286999948 ], [ 109.286641686, -0.00077054499997 ], [ 109.286680723, -0.000436216999954 ], [ 109.286679641, -0.000436114999959 ], [ 109.286710627, -0.000200457999943 ], [ 109.286382983, -0.000165557999941 ], [ 109.286382983, -0.000081355999959 ], [ 109.286382983, 0.00026071900004 ], [ 109.286382983, 0.000516728000031 ], [ 109.286521561, 0.001964097000032 ], [ 109.28653189, 0.001987925000029 ], [ 109.287710719, 0.004707401000063 ], [ 109.288076713, 0.00555172400004 ], [ 109.288107508, 0.005597916000058 ], [ 109.288564344, 0.005382934000059 ], [ 109.288566321, 0.005382004000067 ], [ 109.288578507, 0.005376270000061 ], [ 109.288582623, 0.005386540000064 ], [ 109.288851923, 0.005313701000026 ], [ 109.289647152, 0.005098610000063 ], [ 109.289814865, 0.005053248000029 ], [ 109.290057791424971, 0.004987541991456 ], [ 109.29015963, 0.004959997000066 ], [ 109.292454286, 0.004339348000029 ], [ 109.292483872, 0.004331346000077 ], [ 109.292825012, 0.00423907500004 ], [ 109.292845874, 0.004233432000032 ], [ 109.293068033, 0.00417334300005 ], [ 109.293245276, 0.004125404000034 ], [ 109.293419428, 0.004078299000063 ], [ 109.293519639, 0.004051195000047 ], [ 109.293754647, 0.003987631000024 ], [ 109.29391462, 0.003944362000033 ], [ 109.294456765, 0.003797724000026 ], [ 109.294702814, 0.003731174000048 ], [ 109.295230756, 0.003588378000063 ], [ 109.295715017, 0.003457397000026 ], [ 109.296161092, 0.003336745000073 ], [ 109.296702855, 0.003236221000061 ], [ 109.298052122, 0.002985867000063 ], [ 109.29812603, 0.002972153000023 ], [ 109.298259506, 0.002947387000061 ], [ 109.298608136, 0.002882699000046 ], [ 109.298931856, 0.002822633000043 ], [ 109.299539909, 0.002709810000044 ], [ 109.29953952, 0.002707028000025 ], [ 109.299637093, 0.002689288000049 ], [ 109.299820252, 0.002655986000021 ], [ 109.29982128, 0.002655799000013 ], [ 109.299988702, 0.002625359000031 ], [ 109.299988904, 0.002626499000024 ], [ 109.300206551, 0.002586115000032 ], [ 109.300655417, 0.002504138000057 ], [ 109.300902756, 0.002459167000039 ], [ 109.301480423, 0.00235413700005 ], [ 109.301484179, 0.002353454000061 ], [ 109.301938858, 0.002270785000054 ], [ 109.301940447, 0.00227049600005 ], [ 109.303378687, 0.002059554000023 ], [ 109.303412551, 0.002054587000034 ], [ 109.304202509, 0.00193872700003 ], [ 109.304353017, 0.001916652000039 ], [ 109.304354362, 0.001916455000069 ], [ 109.305369339, 0.001767592000012 ], [ 109.305372979, 0.00176705800003 ], [ 109.30675358, 0.001564570000021 ], [ 109.306760352, 0.001563577000072 ], [ 109.307189986, 0.001500564000028 ], [ 109.307573343, 0.001444338000055 ], [ 109.307993301, 0.001382744000059 ], [ 109.307999877, 0.001381780000029 ], [ 109.308340461, 0.001331827000058 ], [ 109.308529702, 0.001304072000033 ], [ 109.308544673, 0.001300996000052 ], [ 109.308547949, 0.001300323000061 ], [ 109.308922622, 0.001223335000011 ], [ 109.308928011, 0.001222228000067 ], [ 109.308937899, 0.001220196000019 ], [ 109.309261658, 0.001153670000059 ], [ 109.309266862, 0.001152601000048 ], [ 109.309626269, 0.001078750000029 ], [ 109.309631515, 0.001077672000071 ], [ 109.31006536, 0.000988526000063 ], [ 109.310066402, 0.000988312000057 ], [ 109.310235916, 0.000953480000013 ], [ 109.310236131, 0.000953436000023 ], [ 109.3105722, 0.000884381000046 ], [ 109.310575067, 0.000883792000025 ], [ 109.310587101, 0.000881319000027 ], [ 109.310897899, 0.000817456000051 ], [ 109.311297508, 0.000735345000056 ], [ 109.311789348, 0.000634282000026 ], [ 109.311790419, 0.000634062000072 ], [ 109.312009954, 0.00058895200005 ], [ 109.312356996, 0.000517642000031 ], [ 109.312482487, 0.000491856000048 ], [ 109.312574935, 0.00047286000006 ], [ 109.312721825, 0.000442677000025 ], [ 109.313011874, 0.000383078000026 ], [ 109.313045165, 0.000376237000076 ], [ 109.313215023, 0.000341335000018 ], [ 109.313264435, 0.000331182000027 ], [ 109.313494356, 0.000283938000052 ], [ 109.313613233, 0.000259511000017 ], [ 109.313628959, 0.000256280000035 ], [ 109.313806585, 0.000219781000045 ], [ 109.314097628, 0.000159978000059 ], [ 109.314106741, 0.000158105000015 ], [ 109.314350392, 0.000108040000028 ], [ 109.314753368, 0.000025237000048 ], [ 109.314943243, -0.00001377899998 ], [ 109.314994446, -0.000040303999931 ], [ 109.314995146, -0.00004066699996 ], [ 109.315743782, -0.000428498999951 ], [ 109.31591589, -0.000517659999956 ], [ 109.316503997443093, -0.000822329309885 ], [ 109.316660681390815, -0.000903499703612 ], [ 109.317882992, -0.001536718999955 ], [ 109.318171071, -0.001685958999934 ], [ 109.318664209, -0.001941429999928 ], [ 109.318955022, -0.002092085999953 ], [ 109.320314318, -0.002796270999964 ], [ 109.32050975, -0.002897514999975 ], [ 109.320689454, -0.002990610999983 ], [ 109.320770194, -0.003032437999945 ], [ 109.320978858, -0.00314053699998 ], [ 109.320979186, -0.003140706999946 ], [ 109.321723762, -0.003632015999931 ], [ 109.321841608, -0.003735934999948 ], [ 109.322067582, -0.003935201999985 ], [ 109.322355688, -0.004189258999935 ], [ 109.322698296, -0.004491376999963 ], [ 109.322710942, -0.004502527999931 ], [ 109.322711215, -0.004502767999955 ], [ 109.322992273, -0.004750610999969 ], [ 109.323133579, -0.004875216999951 ], [ 109.323135869, -0.004877236999964 ], [ 109.323358547, -0.005073597999963 ], [ 109.323726193, -0.005397794999968 ], [ 109.323726275, -0.005397866999942 ], [ 109.324241217, -0.005851951999948 ], [ 109.324463751, -0.006048185999929 ], [ 109.324507433, -0.006086705999968 ], [ 109.324735799, -0.006288082999964 ], [ 109.325055353, -0.006569870999959 ], [ 109.325439706, -0.006908799999958 ], [ 109.325518818, -0.006978561999978 ], [ 109.325635105, -0.007081105999934 ], [ 109.325888482, -0.007304538999965 ], [ 109.32588856, -0.007304606999987 ], [ 109.326188905, -0.007569457999984 ], [ 109.326524983, -0.007853831999972 ], [ 109.326760108, -0.008052783999971 ], [ 109.326859976, -0.008137287999944 ], [ 109.326868033, -0.00814410499994 ], [ 109.327807839622679, -0.008939551889344 ], [ 109.3279449, -0.009055558999931 ], [ 109.327945035, -0.00905541299994 ], [ 109.32795412, -0.009063100999926 ], [ 109.327988471, -0.009092166999947 ], [ 109.328033305, -0.00913010399995 ], [ 109.328034175, -0.009129223999933 ], [ 109.328241279, -0.009304292999958 ], [ 109.328281937, -0.009340484999947 ], [ 109.328604464, -0.009613391999955 ], [ 109.328609183, -0.009617384999961 ], [ 109.329174593, -0.010095808999954 ], [ 109.329174649, -0.010095855999969 ], [ 109.329752609435772, -0.01058489990414 ], [ 109.329756415, -0.010588119999975 ], [ 109.330289548, -0.01103923299997 ], [ 109.330289887, -0.011039519999945 ], [ 109.330918697, -0.011571588999969 ], [ 109.331690192, -0.012224392999939 ], [ 109.331697455, -0.012230538999978 ], [ 109.331822252, -0.012336136999976 ], [ 109.331832052, -0.012344428999942 ], [ 109.331901137, -0.012402885999962 ], [ 109.332039201, -0.012519708999952 ], [ 109.332193311, -0.012650109999929 ], [ 109.332372851, -0.012802027999949 ], [ 109.332591087, -0.012986688999948 ], [ 109.332904219, -0.013251645999965 ], [ 109.333152555, -0.013461776999978 ], [ 109.333253861, -0.013547496999934 ], [ 109.333269277, -0.013560541999933 ], [ 109.333968907, -0.014152535999936 ], [ 109.334378056, -0.014498738999972 ], [ 109.33455704, -0.014650187999973 ], [ 109.334671358, -0.014746917999967 ], [ 109.333527168, -0.016425591999967 ], [ 109.333526993, -0.016425847999933 ], [ 109.33352631, -0.016426849999958 ], [ 109.333526315, -0.016426889999939 ], [ 109.333522498, -0.016431547999968 ], [ 109.333518287, -0.01643674199994 ], [ 109.33318717, -0.016845129999978 ], [ 109.33318566, -0.016847319999962 ], [ 109.33318493, -0.016848219999932 ], [ 109.33318024, -0.016855189999944 ], [ 109.33312364, -0.016937349999985 ], [ 109.33310714, -0.016963769999964 ], [ 109.33296225, -0.017178969999985 ], [ 109.33281832, -0.017424329999936 ], [ 109.33281746, -0.017425779999939 ], [ 109.33281758, -0.017425719999946 ], [ 109.33281745, -0.017425809999961 ], [ 109.33278212, -0.01745308999995 ], [ 109.33274901, -0.017478919999977 ], [ 109.3326473, -0.017558279999944 ], [ 109.33264717, -0.017558189999938 ], [ 109.332640119, -0.017563706999963 ], [ 109.33256045, -0.017626039999931 ], [ 109.33229766, -0.017831619999923 ], [ 109.33229426, -0.017833719999946 ], [ 109.332211446, -0.017884782999948 ], [ 109.33220665, -0.017887739999947 ], [ 109.33204521, -0.017986879999969 ], [ 109.33200213, -0.01801326999993 ], [ 109.33197741, -0.018028359999963 ], [ 109.3319497, -0.01804537999993 ], [ 109.33174408, -0.018171739999958 ], [ 109.3317218, -0.018185429999963 ], [ 109.33172108, -0.018185869999969 ], [ 109.33165864, -0.018205829999948 ], [ 109.33115161, -0.018367869999965 ], [ 109.33105876, -0.018389899999934 ], [ 109.330840592, -0.018441654999952 ], [ 109.33084019, -0.018441749999968 ], [ 109.330842951, -0.01845109099998 ], [ 109.330850799, -0.018477638999971 ], [ 109.33085194, -0.018481499999954 ], [ 109.330850762, -0.018477587999944 ], [ 109.330843774, -0.01845438299995 ], [ 109.33083997, -0.018441749999968 ], [ 109.33068407, -0.018479159999971 ], [ 109.33068372, -0.018479239999979 ], [ 109.33050445, -0.018521699999951 ], [ 109.330488378, -0.018524283999967 ], [ 109.33042994, -0.018533678999984 ], [ 109.3301177, -0.018583879999938 ], [ 109.330032674, -0.018597828999938 ], [ 109.329818869, -0.01863290499995 ], [ 109.32981427, -0.018633659999988 ], [ 109.32964065, -0.018665519999957 ], [ 109.32964055, -0.018665109999968 ], [ 109.32918752, -0.018750269999943 ], [ 109.32908315, -0.018769769999957 ], [ 109.32908314, -0.018769559999952 ], [ 109.329082887, -0.018769606999973 ], [ 109.32900155, -0.018784579999934 ], [ 109.3290015, -0.018784589999943 ], [ 109.328809373, -0.018819970999973 ], [ 109.32880487, -0.018820799999962 ], [ 109.32875493, -0.01883 ], [ 109.32848979, -0.018878489999961 ], [ 109.32848857, -0.018878709999971 ], [ 109.328400459, -0.018894823999971 ], [ 109.32811637, -0.018946779999961 ], [ 109.32808546, -0.01895223999998 ], [ 109.327954803, -0.018975297999929 ], [ 109.32772093, -0.019016569999972 ], [ 109.32758556, -0.019040236999957 ], [ 109.3275852, -0.019040299999978 ], [ 109.3275852, -0.019040449999973 ], [ 109.32716386, -0.019111839999932 ], [ 109.327127643, -0.019117980999967 ], [ 109.326768604, -0.019178860999953 ], [ 109.32656479, -0.019213419999979 ], [ 109.326563605, -0.019219187999971 ], [ 109.32656149, -0.019229489999937 ], [ 109.32652127, -0.019237289999988 ], [ 109.326514038, -0.019238845999957 ], [ 109.326513946, -0.019238862999946 ], [ 109.326497797, -0.019241790999961 ], [ 109.326439905, -0.019251573999952 ], [ 109.326436471, -0.01925215399996 ], [ 109.326317478, -0.01927226099997 ], [ 109.32631664, -0.01927245999997 ], [ 109.326165896, -0.019292640999937 ], [ 109.326028429, -0.019311044999935 ], [ 109.326025119, -0.019311535999973 ], [ 109.325855196, -0.019356013999924 ], [ 109.325792167, -0.019367434999941 ], [ 109.32579203, -0.019367459999953 ], [ 109.325688476, -0.019386224999948 ], [ 109.3256805, -0.019387669999956 ], [ 109.32561345, -0.019401209999949 ], [ 109.32561352, -0.019401699999945 ], [ 109.32556037, -0.019412749999965 ], [ 109.325486643, -0.019428083999968 ], [ 109.32533069, -0.019460519999946 ], [ 109.325329479, -0.01946077199995 ], [ 109.32490239, -0.019549579999934 ], [ 109.32489565, -0.019550979999967 ], [ 109.3248956, -0.019550759999954 ], [ 109.32489547, -0.019551019999946 ], [ 109.324890921, -0.019551965999947 ], [ 109.3247274, -0.019585969999981 ], [ 109.3245451, -0.019613629999984 ], [ 109.32454504, -0.019613189999974 ], [ 109.32451366, -0.01961780899996 ], [ 109.32446148, -0.019625489999953 ], [ 109.324376917, -0.019637937999968 ], [ 109.324375765, -0.019638107999927 ], [ 109.324375687, -0.01963811899998 ], [ 109.324375622, -0.019638128999934 ], [ 109.324167846, -0.01966871299993 ], [ 109.324167269, -0.019668797999946 ], [ 109.32416719, -0.019668809999927 ], [ 109.324129861, -0.01967433599998 ], [ 109.324129621, -0.019674371999938 ], [ 109.32380966, -0.019721759999936 ], [ 109.32372236, -0.01973453999995 ], [ 109.32372186, -0.019729939999936 ], [ 109.32372146, -0.019730009999938 ], [ 109.32372192, -0.019734239999942 ], [ 109.323721841, -0.019734251999987 ], [ 109.32351792, -0.01976468999994 ], [ 109.32350471, -0.019766660999953 ], [ 109.32349071, -0.019768749999974 ], [ 109.32347217, -0.019772327999937 ], [ 109.32346563, -0.019773589999949 ], [ 109.323408765, -0.019784580999953 ], [ 109.323408266, -0.019784676999967 ], [ 109.32326375, -0.019812609999982 ], [ 109.32315831, -0.019832989999945 ], [ 109.323158293, -0.019832849999945 ], [ 109.323131026, -0.019838127999943 ], [ 109.323053356, -0.019853161999955 ], [ 109.32297892, -0.019867569999974 ], [ 109.32297747, -0.019867849999966 ], [ 109.32284505, -0.019893486999942 ], [ 109.322492088, -0.019961822999962 ], [ 109.32244789, -0.019970379999964 ], [ 109.322363565995715, -0.019986697242333 ], [ 109.32236319, -0.019986769999944 ], [ 109.32236305, -0.019986629999957 ], [ 109.322279784, -0.020002887999973 ], [ 109.322236433, -0.020011352999974 ], [ 109.32218298, -0.020021789999937 ], [ 109.32218144, -0.020022089999942 ], [ 109.32213095, -0.02003194999998 ], [ 109.322087082, -0.020040516999932 ], [ 109.321745569, -0.020107206999968 ], [ 109.32174463, -0.020107389999966 ], [ 109.32174461, -0.020107239999966 ], [ 109.32159689, -0.020135789999928 ], [ 109.32159623, -0.020130239999958 ], [ 109.32159689, -0.020136089999944 ], [ 109.32159223, -0.020136995999969 ], [ 109.321577757046981, -0.020139810329115 ], [ 109.32152515, -0.020150039999976 ], [ 109.321522354, -0.020150583999961 ], [ 109.321315675, -0.020190778999966 ], [ 109.320970694, -0.020257869999974 ], [ 109.320961929, -0.020259574999958 ], [ 109.320958999, -0.020260144999961 ], [ 109.32090872, -0.020269919999981 ], [ 109.320640921, -0.02032450699994 ], [ 109.3206333, -0.020326059999947 ], [ 109.32063266, -0.020326189999945 ], [ 109.3204952, -0.020354199999934 ], [ 109.32049476, -0.020354059999933 ], [ 109.320485478, -0.020355951999932 ], [ 109.32020968, -0.020412180999923 ], [ 109.320205265, -0.020413080999958 ], [ 109.32002345, -0.020450289999936 ], [ 109.32000932, -0.020452955999926 ], [ 109.319899404, -0.020473690999956 ], [ 109.31968568, -0.020514009999944 ], [ 109.31968564, -0.020513729999952 ], [ 109.319683808, -0.020514070999982 ], [ 109.31952638805825, -0.020543373553875 ], [ 109.3195175, -0.020545027999957 ], [ 109.319347317, -0.020576712999969 ], [ 109.31934733, -0.020576849999944 ], [ 109.319347224, -0.020576866999935 ], [ 109.31934533, -0.020577179999975 ], [ 109.319098628, -0.020622975999974 ], [ 109.31907108233365, -0.020628089229307 ], [ 109.319063951, -0.020629412999947 ], [ 109.318977357, -0.020645488999947 ], [ 109.31888551, -0.020662539999939 ], [ 109.318879084, -0.020663732999933 ], [ 109.318763484, -0.020685190999933 ], [ 109.318442451, -0.020744782999951 ], [ 109.31837665, -0.020757 ], [ 109.31837597, -0.020757119999931 ], [ 109.318359407, -0.02076019499998 ], [ 109.31834333, -0.020763179999958 ], [ 109.318142671, -0.020809247999981 ], [ 109.318066287, -0.020826784999936 ], [ 109.31795755, -0.020851749999965 ], [ 109.317837377, -0.02088085899993 ], [ 109.3178081, -0.020887949999975 ], [ 109.317802235, -0.02088936999996 ], [ 109.317523461, -0.020956880999963 ], [ 109.31742033, -0.020981856999927 ], [ 109.317218239, -0.021030798999955 ], [ 109.317012076, -0.021080726999977 ], [ 109.31689698, -0.021108599999942 ], [ 109.31685762, -0.021118130999984 ], [ 109.316731364, -0.021148706999954 ], [ 109.316531578, -0.021197090999986 ], [ 109.31647462, -0.021210884999964 ], [ 109.316245128, -0.021266462999969 ], [ 109.31618733, -0.021280459999962 ], [ 109.316182383, -0.02128165799996 ], [ 109.31599089, -0.021328029999956 ], [ 109.31599016, -0.021328209999978 ], [ 109.31593368, -0.02134188899993 ], [ 109.315826589, -0.021367822999933 ], [ 109.31573307, -0.02139046999997 ], [ 109.31573294, -0.021390499999942 ], [ 109.31562779, -0.021415969999971 ], [ 109.31560917, -0.021420479999969 ], [ 109.315577636, -0.021428114999938 ], [ 109.31550905, -0.021444719999987 ], [ 109.315444632, -0.021462766999952 ], [ 109.31535314, -0.021488399999962 ], [ 109.31528338, -0.021507799999938 ], [ 109.31525296, -0.021516239999928 ], [ 109.315253011, -0.021516459999938 ], [ 109.31513445, -0.021549669999959 ], [ 109.31510827, -0.021557009999934 ], [ 109.314952702, -0.021600590999924 ], [ 109.31492861, -0.021607339999953 ], [ 109.31492838, -0.021607409999944 ], [ 109.314783128872435, -0.021648099620373 ], [ 109.31475382, -0.021656309999971 ], [ 109.31475376, -0.021656329999935 ], [ 109.314720217, -0.021665727999966 ], [ 109.314590231, -0.021702144999951 ], [ 109.31456819, -0.021708319999958 ], [ 109.31456777, -0.021706889999967 ], [ 109.31449665, -0.021728359999939 ], [ 109.314353815, -0.021768380999966 ], [ 109.31435346, -0.021768479999945 ], [ 109.31435359, -0.021768889999983 ], [ 109.31430719, -0.021781888999954 ], [ 109.314296374, -0.021784918999974 ], [ 109.313927962, -0.021888123999926 ], [ 109.3137632, -0.021934279999929 ], [ 109.31376369, -0.021935829999959 ], [ 109.313678076, -0.021959419999981 ], [ 109.313320589, -0.022057921999933 ], [ 109.31324322, -0.022079239999927 ], [ 109.31308996, -0.022121469999944 ], [ 109.313035681, -0.022138580999983 ], [ 109.312920244, -0.022174971999962 ], [ 109.312459912, -0.022320086999967 ], [ 109.312327948, -0.022361687999943 ], [ 109.31232572, -0.022362389999962 ], [ 109.31232438, -0.022366979999956 ], [ 109.31232439, -0.022367029999944 ], [ 109.31232436, -0.022367039999954 ], [ 109.31232104, -0.02237840999994 ], [ 109.31218869, -0.022410229999928 ], [ 109.31205255, -0.022453569999934 ], [ 109.31205105, -0.022448969999969 ], [ 109.31205061, -0.02244910999997 ], [ 109.31205181, -0.022452829999967 ], [ 109.312043712, -0.022455378999948 ], [ 109.311741862, -0.022550401999985 ], [ 109.31173882, -0.022551359999975 ], [ 109.31173005, -0.022554119999936 ], [ 109.311613768, -0.022590725999976 ], [ 109.3116007, -0.022594839999951 ], [ 109.31159634, -0.022583669999963 ], [ 109.31159601, -0.022583769999935 ], [ 109.31159997, -0.022594099999942 ], [ 109.311357448, -0.022672547999952 ], [ 109.31135531, -0.02267323999996 ], [ 109.31134999, -0.022659979999956 ], [ 109.3113491, -0.022660249999941 ], [ 109.31135457, -0.022673979999986 ], [ 109.31127968, -0.022697199999928 ], [ 109.31127776, -0.022697789999942 ], [ 109.311273667, -0.022699058999941 ], [ 109.31118045, -0.022727969999951 ], [ 109.31109806, -0.02276172299998 ], [ 109.31086022, -0.022859157999966 ], [ 109.31077783, -0.022892909999939 ], [ 109.310604985, -0.022963682999945 ], [ 109.31060443, -0.022963909999936 ], [ 109.3106002, -0.022952249999953 ], [ 109.31059806, -0.022953069999976 ], [ 109.31060223, -0.02296465999996 ], [ 109.31043941, -0.023032739999973 ], [ 109.31043443, -0.023034819999976 ], [ 109.310431174, -0.02303618199995 ], [ 109.31037846, -0.023058230999941 ], [ 109.31036345, -0.023064509999929 ], [ 109.31036026, -0.023056649999948 ], [ 109.31035934, -0.023057049999975 ], [ 109.31036198, -0.023063769999965 ], [ 109.31010569, -0.023169049999989 ], [ 109.31010442, -0.023169609999967 ], [ 109.310088535, -0.023176300999973 ], [ 109.310085264, -0.023177678999959 ], [ 109.309854038, -0.023275074999962 ], [ 109.309691672, -0.023343465999979 ], [ 109.309688839, -0.023344658999984 ], [ 109.309394669, -0.023468564999979 ], [ 109.3093868, -0.023471879999943 ], [ 109.309389821, -0.023462470999963 ], [ 109.309176588, -0.023547735999953 ], [ 109.308913552169884, -0.023652916245425 ], [ 109.308767603, -0.023711276999956 ], [ 109.30876472, -0.023712429999935 ], [ 109.30876399, -0.023710949999955 ], [ 109.308750081, -0.023716611999931 ], [ 109.308707876, -0.023733791999977 ], [ 109.308706152, -0.023734493999944 ], [ 109.308569242, -0.023790234999977 ], [ 109.30856415, -0.023792309999985 ], [ 109.308415545, -0.023851441999968 ], [ 109.307821798, -0.024087701999975 ], [ 109.307681726, -0.024143438999949 ], [ 109.30750837, -0.024212419999971 ], [ 109.307221411, -0.024325292999952 ], [ 109.30691471, -0.024445931999944 ], [ 109.30691108, -0.024447359999952 ], [ 109.30672958, -0.024517889999976 ], [ 109.30670761, -0.024527459999946 ], [ 109.306240439, -0.02473091999997 ], [ 109.305979055, -0.024844756999934 ], [ 109.305883578484071, -0.024886338460748 ], [ 109.30580893, -0.024918848999963 ], [ 109.305796858, -0.024924106999949 ], [ 109.30541255, -0.025091478999973 ], [ 109.305407656, -0.025093610999933 ], [ 109.30518415, -0.025190950999962 ], [ 109.305177952, -0.025193649999947 ], [ 109.305064476, -0.025243070999976 ], [ 109.304941283, -0.025296722999942 ], [ 109.30493141, -0.02530127999995 ], [ 109.304915439, -0.025308644999935 ], [ 109.304667193, -0.025423119999971 ], [ 109.30462417, -0.025442958999976 ], [ 109.304609074, -0.025449919999978 ], [ 109.304491878, -0.025503961999961 ], [ 109.304278958, -0.02560214499994 ], [ 109.304233279, -0.025623208999943 ], [ 109.30419771, -0.025639610999982 ], [ 109.304191969, -0.025642257999951 ], [ 109.304008104, -0.025727045999933 ], [ 109.303531526, -0.025946815999931 ], [ 109.30348007, -0.025970544999947 ], [ 109.303477, -0.025971959999936 ], [ 109.303458733, -0.025980397999953 ], [ 109.303457219, -0.025981096999948 ], [ 109.30302451, -0.026180909999936 ], [ 109.302739172, -0.026324533999972 ], [ 109.30245828, -0.026465919999962 ], [ 109.302153794, -0.026619183999977 ], [ 109.30203309, -0.026679939999957 ], [ 109.30182608, -0.026784139999956 ], [ 109.301743534, -0.026825689999956 ], [ 109.30128034, -0.027058839999948 ], [ 109.30052453, -0.027575779999946 ], [ 109.300405364, -0.027654675999942 ], [ 109.300312673, -0.027716044999982 ], [ 109.300280273, -0.027737495999929 ], [ 109.30024219, -0.027762709999934 ], [ 109.299792781, -0.028073833999951 ], [ 109.29925208, -0.028448159999923 ], [ 109.2988914, -0.028696639999967 ], [ 109.298742815, -0.028799006999978 ], [ 109.29873506, -0.028804349999973 ], [ 109.298216714921267, -0.029161450171451 ], [ 109.29815292, -0.029205399999965 ], [ 109.29815279, -0.029205199999981 ], [ 109.297828087, -0.029423851999988 ], [ 109.29776661, -0.029465249999932 ], [ 109.29765041, -0.029543499999937 ], [ 109.297154508, -0.02987479499996 ], [ 109.29699778, -0.029979499999969 ], [ 109.296805268, -0.030116833999962 ], [ 109.296540181, -0.030311045999951 ], [ 109.29653978, -0.030311339999968 ], [ 109.29654021, -0.030311969999964 ], [ 109.29643785, -0.030387769999955 ], [ 109.295750266, -0.030894619999979 ], [ 109.29535839, -0.031183489999939 ], [ 109.29468556, -0.031693909999954 ], [ 109.29457588, -0.031783067999933 ], [ 109.292820636, -0.033233932999963 ], [ 109.29256935, -0.033460279999931 ], [ 109.29256127, -0.033468059999969 ], [ 109.291656791120204, -0.034286555841954 ], [ 109.291047038, -0.034905118999978 ], [ 109.289721400128926, -0.036226641210471 ], [ 109.289212601, -0.036723883999968 ], [ 109.289108454, -0.036828772999975 ], [ 109.28878675, -0.037152769999986 ], [ 109.288787139, -0.037153797999963 ], [ 109.28878756, -0.037154909999971 ], [ 109.28857779, -0.037362649999976 ], [ 109.28805057, -0.037893599999967 ], [ 109.28767909, -0.038259539999955 ], [ 109.287534282, -0.038407830999969 ], [ 109.28746244, -0.038481399999963 ], [ 109.28745517, -0.038488719999978 ], [ 109.287280043, -0.038659376999926 ], [ 109.28664182, -0.039281309999983 ], [ 109.286373658, -0.039545461999974 ], [ 109.286373449, -0.039545667999961 ], [ 109.28637102, -0.039548059999961 ], [ 109.28636299, -0.039536759999975 ], [ 109.28636247, -0.039537269999937 ], [ 109.28637074, -0.039548909999955 ], [ 109.28594352, -0.039968769999976 ], [ 109.28553381, -0.040368809999971 ], [ 109.2853557, -0.040537435999963 ] ] ] ] } },
{ "type": "Feature", "properties": { "fid": null, "gid": 609847.0, "kdprov": "61", "kdkab": "71", "kdkec": "031", "nmprov": "KALIMANTAN BARAT", "nmkab": "PONTIANAK", "nmkec": "PONTIANAK KOTA", "luas": 0.074041463757681003, "sumber": "", "periode": "2024_1", "layer": null, "path": null, "idkec": "6171031" }, "geometry": { "type": "MultiPolygon", "coordinates": [ [ [ [ 109.30362813, -0.063107639999946 ], [ 109.30343221, -0.062868123999986 ], [ 109.303372371, -0.062794968999934 ], [ 109.3032343, -0.062626174999934 ], [ 109.30320812, -0.062594169999962 ], [ 109.30320549, -0.062590949999966 ], [ 109.303196221, -0.06257850799995 ], [ 109.30312122, -0.062477829999974 ], [ 109.30297909, -0.062287019999933 ], [ 109.302957672, -0.062264188999967 ], [ 109.30290315, -0.062206069999944 ], [ 109.30289586, -0.062198299999981 ], [ 109.30273004, -0.062021529999924 ], [ 109.30272248, -0.062013479999971 ], [ 109.302642617, -0.061914910999978 ], [ 109.302642455, -0.061914944999952 ], [ 109.30262175, -0.061890043999936 ], [ 109.30261768, -0.061885078999974 ], [ 109.302609829, -0.061875499999937 ], [ 109.302600727, -0.061863362999936 ], [ 109.302600809, -0.061863307999943 ], [ 109.303076316, -0.061526632999976 ], [ 109.303072592694363, -0.06152164761461 ], [ 109.302955092, -0.061364317999958 ], [ 109.30295852, -0.06136166999995 ], [ 109.30295826, -0.061361319999944 ], [ 109.302954016, -0.061355741999934 ], [ 109.30284023, -0.06120620199994 ], [ 109.302808119, -0.061164000999951 ], [ 109.302576475, -0.060859568999949 ], [ 109.30257297, -0.060854962999941 ], [ 109.30246272, -0.060710069999971 ], [ 109.30234121, -0.060550379999939 ], [ 109.30227292, -0.060470169999976 ], [ 109.30219984, -0.060384329999979 ], [ 109.30218556, -0.060361569999943 ], [ 109.302131173, -0.060274868999954 ], [ 109.302129249, -0.060271802999987 ], [ 109.30205996, -0.060161349999929 ], [ 109.30203019, -0.060113899999984 ], [ 109.3019801, -0.060090779999939 ], [ 109.3019171, -0.060061709999964 ], [ 109.3019159, -0.060059879999929 ], [ 109.301856997, -0.05997014999998 ], [ 109.301853217, -0.059964390999933 ], [ 109.301817076, -0.059909335999977 ], [ 109.30177439, -0.059844309999968 ], [ 109.30177421, -0.059844029999962 ], [ 109.301769196, -0.059836390999977 ], [ 109.3016506, -0.059655709999965 ], [ 109.301646841, -0.059649983999983 ], [ 109.30155896, -0.059516099999942 ], [ 109.30161895, -0.059304741999946 ], [ 109.30162488, -0.059283849999934 ], [ 109.30162494, -0.059283639999943 ], [ 109.301321742, -0.058930252999973 ], [ 109.301313937, -0.058921155999941 ], [ 109.300830666, -0.058357885999958 ], [ 109.300580273, -0.058066043999931 ], [ 109.30053526, -0.058013579999964 ], [ 109.30047363, -0.057941699999959 ], [ 109.30047358, -0.057941649999974 ], [ 109.300444276, -0.057907474999985 ], [ 109.300323109, -0.057766165999967 ], [ 109.300044758, -0.057441543999971 ], [ 109.29996477, -0.057348259999972 ], [ 109.299776776, -0.057141883999977 ], [ 109.299694056, -0.057051074999955 ], [ 109.299617876, -0.056967445999941 ], [ 109.29950938, -0.05684833999994 ], [ 109.299426263, -0.056757095999957 ], [ 109.299342837, -0.056665511999938 ], [ 109.299319654, -0.056640061999938 ], [ 109.29896267, -0.056248170999936 ], [ 109.29875484, -0.056020019999949 ], [ 109.298757665, -0.056016961999942 ], [ 109.298748889, -0.05600836999997 ], [ 109.298538686, -0.055802633999978 ], [ 109.298315918, -0.055584598999927 ], [ 109.298066363, -0.055340347999969 ], [ 109.297907419, -0.055184779999931 ], [ 109.297774917, -0.055048570999928 ], [ 109.297772369, -0.055045949999964 ], [ 109.297577939, -0.054846069999942 ], [ 109.297570234, -0.054838149999966 ], [ 109.297679797108728, -0.054712909928464 ], [ 109.296779078752792, -0.053759208139845 ], [ 109.296959075465338, -0.05362759764035 ], [ 109.296787959380083, -0.053438277716248 ], [ 109.296449028, -0.053685530999931 ], [ 109.296445549, -0.053688068999976 ], [ 109.2961322, -0.053365939999933 ], [ 109.29587144, -0.053097879999948 ], [ 109.29571077, -0.052877609999947 ], [ 109.295648, -0.052791549999944 ], [ 109.29511196, -0.052194529999957 ], [ 109.29510153, -0.052182909999938 ], [ 109.294910961, -0.051970662999975 ], [ 109.294082634, -0.05104811099994 ], [ 109.293701414, -0.050623525999926 ], [ 109.293272730819993, -0.050146079145865 ], [ 109.293106173, -0.049960574999944 ], [ 109.29290915, -0.049741139999984 ], [ 109.292689805, -0.04949683799993 ], [ 109.29268581, -0.049492388999971 ], [ 109.29244835, -0.049227909999958 ], [ 109.292318654, -0.049083457999927 ], [ 109.292293275, -0.049055191999975 ], [ 109.29223282, -0.048987859999954 ], [ 109.291854189618505, -0.048566159561977 ], [ 109.291413316822897, -0.04807513649544 ], [ 109.28977344, -0.046248719999937 ], [ 109.289633190737305, -0.046092515957264 ], [ 109.28735581, -0.043556059999961 ], [ 109.28734902, -0.043548489999977 ], [ 109.287347567, -0.043546871999985 ], [ 109.28721209, -0.043673079999968 ], [ 109.284973863, -0.04090342599994 ], [ 109.284971571, -0.040900589999978 ], [ 109.28503651, -0.040839619999933 ], [ 109.2851984, -0.040686359999939 ], [ 109.285264893, -0.040623407999932 ], [ 109.2853557, -0.040537435999963 ], [ 109.28553381, -0.040368809999971 ], [ 109.28594352, -0.039968769999976 ], [ 109.28637074, -0.039548909999955 ], [ 109.28636247, -0.039537269999937 ], [ 109.28636299, -0.039536759999975 ], [ 109.28637102, -0.039548059999961 ], [ 109.286373449, -0.039545667999961 ], [ 109.286373658, -0.039545461999974 ], [ 109.28664182, -0.039281309999983 ], [ 109.287280043, -0.038659376999926 ], [ 109.28745517, -0.038488719999978 ], [ 109.28746244, -0.038481399999963 ], [ 109.287534282, -0.038407830999969 ], [ 109.28767909, -0.038259539999955 ], [ 109.28805057, -0.037893599999967 ], [ 109.28857779, -0.037362649999976 ], [ 109.28878756, -0.037154909999971 ], [ 109.288787139, -0.037153797999963 ], [ 109.28878675, -0.037152769999986 ], [ 109.289108454, -0.036828772999975 ], [ 109.289212601, -0.036723883999968 ], [ 109.289721400128926, -0.036226641210471 ], [ 109.291047038, -0.034905118999978 ], [ 109.291656791120204, -0.034286555841954 ], [ 109.29256127, -0.033468059999969 ], [ 109.29256935, -0.033460279999931 ], [ 109.292820636, -0.033233932999963 ], [ 109.29457588, -0.031783067999933 ], [ 109.29468556, -0.031693909999954 ], [ 109.29535839, -0.031183489999939 ], [ 109.295750266, -0.030894619999979 ], [ 109.29643785, -0.030387769999955 ], [ 109.29654021, -0.030311969999964 ], [ 109.29653978, -0.030311339999968 ], [ 109.296540181, -0.030311045999951 ], [ 109.296805268, -0.030116833999962 ], [ 109.29699778, -0.029979499999969 ], [ 109.297154508, -0.02987479499996 ], [ 109.29765041, -0.029543499999937 ], [ 109.29776661, -0.029465249999932 ], [ 109.297828087, -0.029423851999988 ], [ 109.29815279, -0.029205199999981 ], [ 109.29815292, -0.029205399999965 ], [ 109.298216714921267, -0.029161450171451 ], [ 109.29873506, -0.028804349999973 ], [ 109.298742815, -0.028799006999978 ], [ 109.2988914, -0.028696639999967 ], [ 109.29925208, -0.028448159999923 ], [ 109.299792781, -0.028073833999951 ], [ 109.30024219, -0.027762709999934 ], [ 109.300280273, -0.027737495999929 ], [ 109.300312673, -0.027716044999982 ], [ 109.300405364, -0.027654675999942 ], [ 109.30052453, -0.027575779999946 ], [ 109.30128034, -0.027058839999948 ], [ 109.301743534, -0.026825689999956 ], [ 109.30182608, -0.026784139999956 ], [ 109.30203309, -0.026679939999957 ], [ 109.302153794, -0.026619183999977 ], [ 109.30245828, -0.026465919999962 ], [ 109.302739172, -0.026324533999972 ], [ 109.30302451, -0.026180909999936 ], [ 109.303457219, -0.025981096999948 ], [ 109.303458733, -0.025980397999953 ], [ 109.303477, -0.025971959999936 ], [ 109.30348007, -0.025970544999947 ], [ 109.303531526, -0.025946815999931 ], [ 109.304008104, -0.025727045999933 ], [ 109.304191969, -0.025642257999951 ], [ 109.30419771, -0.025639610999982 ], [ 109.304233279, -0.025623208999943 ], [ 109.304278958, -0.02560214499994 ], [ 109.304491878, -0.025503961999961 ], [ 109.304609074, -0.025449919999978 ], [ 109.30462417, -0.025442958999976 ], [ 109.304667193, -0.025423119999971 ], [ 109.304915439, -0.025308644999935 ], [ 109.30493141, -0.02530127999995 ], [ 109.304941283, -0.025296722999942 ], [ 109.305064476, -0.025243070999976 ], [ 109.305177952, -0.025193649999947 ], [ 109.30518415, -0.025190950999962 ], [ 109.305407656, -0.025093610999933 ], [ 109.30541255, -0.025091478999973 ], [ 109.305796858, -0.024924106999949 ], [ 109.30580893, -0.024918848999963 ], [ 109.305883578484071, -0.024886338460748 ], [ 109.305979055, -0.024844756999934 ], [ 109.306240439, -0.02473091999997 ], [ 109.30670761, -0.024527459999946 ], [ 109.30672958, -0.024517889999976 ], [ 109.30691108, -0.024447359999952 ], [ 109.30691471, -0.024445931999944 ], [ 109.307221411, -0.024325292999952 ], [ 109.30750837, -0.024212419999971 ], [ 109.307681726, -0.024143438999949 ], [ 109.307821798, -0.024087701999975 ], [ 109.308415545, -0.023851441999968 ], [ 109.30856415, -0.023792309999985 ], [ 109.308569242, -0.023790234999977 ], [ 109.308706152, -0.023734493999944 ], [ 109.308707876, -0.023733791999977 ], [ 109.308750081, -0.023716611999931 ], [ 109.30876399, -0.023710949999955 ], [ 109.30876472, -0.023712429999935 ], [ 109.308767603, -0.023711276999956 ], [ 109.308913552169884, -0.023652916245425 ], [ 109.309176588, -0.023547735999953 ], [ 109.309389821, -0.023462470999963 ], [ 109.3093868, -0.023471879999943 ], [ 109.309394669, -0.023468564999979 ], [ 109.309688839, -0.023344658999984 ], [ 109.309691672, -0.023343465999979 ], [ 109.309854038, -0.023275074999962 ], [ 109.310085264, -0.023177678999959 ], [ 109.310088535, -0.023176300999973 ], [ 109.31010442, -0.023169609999967 ], [ 109.31010569, -0.023169049999989 ], [ 109.31036198, -0.023063769999965 ], [ 109.31035934, -0.023057049999975 ], [ 109.31036026, -0.023056649999948 ], [ 109.31036345, -0.023064509999929 ], [ 109.31037846, -0.023058230999941 ], [ 109.310431174, -0.02303618199995 ], [ 109.31043443, -0.023034819999976 ], [ 109.31043941, -0.023032739999973 ], [ 109.31060223, -0.02296465999996 ], [ 109.31059806, -0.022953069999976 ], [ 109.3106002, -0.022952249999953 ], [ 109.31060443, -0.022963909999936 ], [ 109.310604985, -0.022963682999945 ], [ 109.31077783, -0.022892909999939 ], [ 109.31086022, -0.022859157999966 ], [ 109.31109806, -0.02276172299998 ], [ 109.31118045, -0.022727969999951 ], [ 109.311273667, -0.022699058999941 ], [ 109.31127776, -0.022697789999942 ], [ 109.31127968, -0.022697199999928 ], [ 109.31135457, -0.022673979999986 ], [ 109.3113491, -0.022660249999941 ], [ 109.31134999, -0.022659979999956 ], [ 109.31135531, -0.02267323999996 ], [ 109.311357448, -0.022672547999952 ], [ 109.31159997, -0.022594099999942 ], [ 109.31159601, -0.022583769999935 ], [ 109.31159634, -0.022583669999963 ], [ 109.3116007, -0.022594839999951 ], [ 109.311613768, -0.022590725999976 ], [ 109.31173005, -0.022554119999936 ], [ 109.31173882, -0.022551359999975 ], [ 109.311741862, -0.022550401999985 ], [ 109.312043712, -0.022455378999948 ], [ 109.31205181, -0.022452829999967 ], [ 109.31205061, -0.02244910999997 ], [ 109.31205105, -0.022448969999969 ], [ 109.31205255, -0.022453569999934 ], [ 109.31218869, -0.022410229999928 ], [ 109.31232104, -0.02237840999994 ], [ 109.31232436, -0.022367039999954 ], [ 109.31232439, -0.022367029999944 ], [ 109.31232438, -0.022366979999956 ], [ 109.31232572, -0.022362389999962 ], [ 109.312327948, -0.022361687999943 ], [ 109.312459912, -0.022320086999967 ], [ 109.312920244, -0.022174971999962 ], [ 109.313035681, -0.022138580999983 ], [ 109.31308996, -0.022121469999944 ], [ 109.31324322, -0.022079239999927 ], [ 109.313320589, -0.022057921999933 ], [ 109.313678076, -0.021959419999981 ], [ 109.31376369, -0.021935829999959 ], [ 109.3137632, -0.021934279999929 ], [ 109.313927962, -0.021888123999926 ], [ 109.314296374, -0.021784918999974 ], [ 109.31430719, -0.021781888999954 ], [ 109.31435359, -0.021768889999983 ], [ 109.31435346, -0.021768479999945 ], [ 109.314353815, -0.021768380999966 ], [ 109.31449665, -0.021728359999939 ], [ 109.31456777, -0.021706889999967 ], [ 109.31456819, -0.021708319999958 ], [ 109.314590231, -0.021702144999951 ], [ 109.314720217, -0.021665727999966 ], [ 109.31475376, -0.021656329999935 ], [ 109.31475382, -0.021656309999971 ], [ 109.314783128872435, -0.021648099620373 ], [ 109.31492838, -0.021607409999944 ], [ 109.31492861, -0.021607339999953 ], [ 109.314952702, -0.021600590999924 ], [ 109.31510827, -0.021557009999934 ], [ 109.31513445, -0.021549669999959 ], [ 109.315253011, -0.021516459999938 ], [ 109.31525296, -0.021516239999928 ], [ 109.31528338, -0.021507799999938 ], [ 109.31535314, -0.021488399999962 ], [ 109.315444632, -0.021462766999952 ], [ 109.31550905, -0.021444719999987 ], [ 109.315577636, -0.021428114999938 ], [ 109.31560917, -0.021420479999969 ], [ 109.31562779, -0.021415969999971 ], [ 109.31573294, -0.021390499999942 ], [ 109.31573307, -0.02139046999997 ], [ 109.315826589, -0.021367822999933 ], [ 109.31593368, -0.02134188899993 ], [ 109.31599016, -0.021328209999978 ], [ 109.31599089, -0.021328029999956 ], [ 109.316182383, -0.02128165799996 ], [ 109.31618733, -0.021280459999962 ], [ 109.316245128, -0.021266462999969 ], [ 109.31647462, -0.021210884999964 ], [ 109.316531578, -0.021197090999986 ], [ 109.316731364, -0.021148706999954 ], [ 109.31685762, -0.021118130999984 ], [ 109.31689698, -0.021108599999942 ], [ 109.317012076, -0.021080726999977 ], [ 109.317218239, -0.021030798999955 ], [ 109.31742033, -0.020981856999927 ], [ 109.317523461, -0.020956880999963 ], [ 109.317802235, -0.02088936999996 ], [ 109.3178081, -0.020887949999975 ], [ 109.317837377, -0.02088085899993 ], [ 109.31795755, -0.020851749999965 ], [ 109.318066287, -0.020826784999936 ], [ 109.318142671, -0.020809247999981 ], [ 109.31834333, -0.020763179999958 ], [ 109.318359407, -0.02076019499998 ], [ 109.31837597, -0.020757119999931 ], [ 109.31837665, -0.020757 ], [ 109.318442451, -0.020744782999951 ], [ 109.318763484, -0.020685190999933 ], [ 109.318879084, -0.020663732999933 ], [ 109.31888551, -0.020662539999939 ], [ 109.318977357, -0.020645488999947 ], [ 109.319063951, -0.020629412999947 ], [ 109.31907108233365, -0.020628089229307 ], [ 109.319098628, -0.020622975999974 ], [ 109.31934533, -0.020577179999975 ], [ 109.319347224, -0.020576866999935 ], [ 109.31934733, -0.020576849999944 ], [ 109.319347317, -0.020576712999969 ], [ 109.3195175, -0.020545027999957 ], [ 109.31952638805825, -0.020543373553875 ], [ 109.319683808, -0.020514070999982 ], [ 109.31968564, -0.020513729999952 ], [ 109.31968568, -0.020514009999944 ], [ 109.319899404, -0.020473690999956 ], [ 109.32000932, -0.020452955999926 ], [ 109.32002345, -0.020450289999936 ], [ 109.320205265, -0.020413080999958 ], [ 109.32020968, -0.020412180999923 ], [ 109.320485478, -0.020355951999932 ], [ 109.32049476, -0.020354059999933 ], [ 109.3204952, -0.020354199999934 ], [ 109.32063266, -0.020326189999945 ], [ 109.3206333, -0.020326059999947 ], [ 109.320640921, -0.02032450699994 ], [ 109.32090872, -0.020269919999981 ], [ 109.320958999, -0.020260144999961 ], [ 109.320961929, -0.020259574999958 ], [ 109.320970694, -0.020257869999974 ], [ 109.321315675, -0.020190778999966 ], [ 109.321522354, -0.020150583999961 ], [ 109.32152515, -0.020150039999976 ], [ 109.321577757046981, -0.020139810329115 ], [ 109.32159223, -0.020136995999969 ], [ 109.32159689, -0.020136089999944 ], [ 109.32159623, -0.020130239999958 ], [ 109.32159689, -0.020135789999928 ], [ 109.32174461, -0.020107239999966 ], [ 109.32174463, -0.020107389999966 ], [ 109.321745569, -0.020107206999968 ], [ 109.322087082, -0.020040516999932 ], [ 109.32213095, -0.02003194999998 ], [ 109.32218144, -0.020022089999942 ], [ 109.32218298, -0.020021789999937 ], [ 109.322236433, -0.020011352999974 ], [ 109.322279784, -0.020002887999973 ], [ 109.32236305, -0.019986629999957 ], [ 109.32236319, -0.019986769999944 ], [ 109.322363565995715, -0.019986697242333 ], [ 109.32244789, -0.019970379999964 ], [ 109.322492088, -0.019961822999962 ], [ 109.32284505, -0.019893486999942 ], [ 109.32297747, -0.019867849999966 ], [ 109.32297892, -0.019867569999974 ], [ 109.323053356, -0.019853161999955 ], [ 109.323131026, -0.019838127999943 ], [ 109.323158293, -0.019832849999945 ], [ 109.32315831, -0.019832989999945 ], [ 109.32326375, -0.019812609999982 ], [ 109.323408266, -0.019784676999967 ], [ 109.323408765, -0.019784580999953 ], [ 109.32346563, -0.019773589999949 ], [ 109.32347217, -0.019772327999937 ], [ 109.32349071, -0.019768749999974 ], [ 109.32350471, -0.019766660999953 ], [ 109.32351792, -0.01976468999994 ], [ 109.323721841, -0.019734251999987 ], [ 109.32372192, -0.019734239999942 ], [ 109.32372146, -0.019730009999938 ], [ 109.32372186, -0.019729939999936 ], [ 109.32372236, -0.01973453999995 ], [ 109.32380966, -0.019721759999936 ], [ 109.324129621, -0.019674371999938 ], [ 109.324129861, -0.01967433599998 ], [ 109.32416719, -0.019668809999927 ], [ 109.324167269, -0.019668797999946 ], [ 109.324167846, -0.01966871299993 ], [ 109.324375622, -0.019638128999934 ], [ 109.324375687, -0.01963811899998 ], [ 109.324375765, -0.019638107999927 ], [ 109.324376917, -0.019637937999968 ], [ 109.32446148, -0.019625489999953 ], [ 109.32451366, -0.01961780899996 ], [ 109.32454504, -0.019613189999974 ], [ 109.3245451, -0.019613629999984 ], [ 109.3247274, -0.019585969999981 ], [ 109.324890921, -0.019551965999947 ], [ 109.32489547, -0.019551019999946 ], [ 109.3248956, -0.019550759999954 ], [ 109.32489565, -0.019550979999967 ], [ 109.32490239, -0.019549579999934 ], [ 109.325329479, -0.01946077199995 ], [ 109.32533069, -0.019460519999946 ], [ 109.325486643, -0.019428083999968 ], [ 109.32556037, -0.019412749999965 ], [ 109.32561352, -0.019401699999945 ], [ 109.32561345, -0.019401209999949 ], [ 109.3256805, -0.019387669999956 ], [ 109.325688476, -0.019386224999948 ], [ 109.32579203, -0.019367459999953 ], [ 109.325792167, -0.019367434999941 ], [ 109.325855196, -0.019356013999924 ], [ 109.326025119, -0.019311535999973 ], [ 109.326028429, -0.019311044999935 ], [ 109.326165896, -0.019292640999937 ], [ 109.32631664, -0.01927245999997 ], [ 109.326317478, -0.01927226099997 ], [ 109.326436471, -0.01925215399996 ], [ 109.326439905, -0.019251573999952 ], [ 109.326497797, -0.019241790999961 ], [ 109.326513946, -0.019238862999946 ], [ 109.326514038, -0.019238845999957 ], [ 109.32652127, -0.019237289999988 ], [ 109.32656149, -0.019229489999937 ], [ 109.326563605, -0.019219187999971 ], [ 109.32656479, -0.019213419999979 ], [ 109.326768604, -0.019178860999953 ], [ 109.327127643, -0.019117980999967 ], [ 109.32716386, -0.019111839999932 ], [ 109.3275852, -0.019040449999973 ], [ 109.3275852, -0.019040299999978 ], [ 109.32758556, -0.019040236999957 ], [ 109.32772093, -0.019016569999972 ], [ 109.327954803, -0.018975297999929 ], [ 109.32808546, -0.01895223999998 ], [ 109.32811637, -0.018946779999961 ], [ 109.328400459, -0.018894823999971 ], [ 109.32848857, -0.018878709999971 ], [ 109.32848979, -0.018878489999961 ], [ 109.32875493, -0.01883 ], [ 109.32880487, -0.018820799999962 ], [ 109.328809373, -0.018819970999973 ], [ 109.3290015, -0.018784589999943 ], [ 109.32900155, -0.018784579999934 ], [ 109.329082887, -0.018769606999973 ], [ 109.32908314, -0.018769559999952 ], [ 109.32908315, -0.018769769999957 ], [ 109.32918752, -0.018750269999943 ], [ 109.32964055, -0.018665109999968 ], [ 109.32964065, -0.018665519999957 ], [ 109.32981427, -0.018633659999988 ], [ 109.329818869, -0.01863290499995 ], [ 109.330032674, -0.018597828999938 ], [ 109.3301177, -0.018583879999938 ], [ 109.33042994, -0.018533678999984 ], [ 109.330488378, -0.018524283999967 ], [ 109.33050445, -0.018521699999951 ], [ 109.33068372, -0.018479239999979 ], [ 109.33068407, -0.018479159999971 ], [ 109.33083997, -0.018441749999968 ], [ 109.330843774, -0.01845438299995 ], [ 109.330850762, -0.018477587999944 ], [ 109.33085194, -0.018481499999954 ], [ 109.330850799, -0.018477638999971 ], [ 109.330842951, -0.01845109099998 ], [ 109.33084019, -0.018441749999968 ], [ 109.330840592, -0.018441654999952 ], [ 109.33105876, -0.018389899999934 ], [ 109.33115161, -0.018367869999965 ], [ 109.33165864, -0.018205829999948 ], [ 109.33172108, -0.018185869999969 ], [ 109.3317218, -0.018185429999963 ], [ 109.33174408, -0.018171739999958 ], [ 109.3319497, -0.01804537999993 ], [ 109.33197741, -0.018028359999963 ], [ 109.33200213, -0.01801326999993 ], [ 109.33204521, -0.017986879999969 ], [ 109.33220665, -0.017887739999947 ], [ 109.332211446, -0.017884782999948 ], [ 109.33229426, -0.017833719999946 ], [ 109.33229766, -0.017831619999923 ], [ 109.33256045, -0.017626039999931 ], [ 109.332640119, -0.017563706999963 ], [ 109.33264717, -0.017558189999938 ], [ 109.3326473, -0.017558279999944 ], [ 109.33274901, -0.017478919999977 ], [ 109.33278212, -0.01745308999995 ], [ 109.33281745, -0.017425809999961 ], [ 109.33281758, -0.017425719999946 ], [ 109.33281746, -0.017425779999939 ], [ 109.33281832, -0.017424329999936 ], [ 109.33296225, -0.017178969999985 ], [ 109.33310714, -0.016963769999964 ], [ 109.33312364, -0.016937349999985 ], [ 109.33318024, -0.016855189999944 ], [ 109.33318493, -0.016848219999932 ], [ 109.33318566, -0.016847319999962 ], [ 109.33318717, -0.016845129999978 ], [ 109.333518287, -0.01643674199994 ], [ 109.333522498, -0.016431547999968 ], [ 109.333526315, -0.016426889999939 ], [ 109.33352631, -0.016426849999958 ], [ 109.333526993, -0.016425847999933 ], [ 109.333527168, -0.016425591999967 ], [ 109.334671358, -0.014746917999967 ], [ 109.334836204, -0.01488640299994 ], [ 109.335326005, -0.015300849999962 ], [ 109.335675171, -0.015589812999967 ], [ 109.336083549, -0.015927779999973 ], [ 109.336168042, -0.015997703999981 ], [ 109.336183764, -0.01601071499994 ], [ 109.336551753, -0.016315256999972 ], [ 109.336856806, -0.016567712999971 ], [ 109.336917037, -0.01661755899995 ], [ 109.337873855, -0.017409403999986 ], [ 109.338254339, -0.017753481999929 ], [ 109.338530344, -0.018003068999978 ], [ 109.339319146653068, -0.018716372056765 ], [ 109.339379539, -0.018770983999957 ], [ 109.339627898, -0.018995570999953 ], [ 109.339696781, -0.01905785999998 ], [ 109.339864155, -0.01920921499994 ], [ 109.339997646, -0.019329927999937 ], [ 109.339998808, -0.019330978999958 ], [ 109.340689633, -0.01995568199993 ], [ 109.340703471, -0.01996718699996 ], [ 109.340703502, -0.019967211999935 ], [ 109.341253893, -0.020424834999975 ], [ 109.341254459, -0.020425305999934 ], [ 109.341495617, -0.020625816999937 ], [ 109.341497075, -0.020627029999961 ], [ 109.341728085, -0.020819102999955 ], [ 109.341945378, -0.020999770999936 ], [ 109.34218971, -0.021202920999948 ], [ 109.342194276, -0.021206716999933 ], [ 109.34264033, -0.021577588999954 ], [ 109.342765159, -0.021681377999926 ], [ 109.342772059, -0.021687114999973 ], [ 109.343272467, -0.02210317899995 ], [ 109.34329081, -0.022124142999928 ], [ 109.343330313, -0.022169288999988 ], [ 109.343808397, -0.022715663999974 ], [ 109.34413525, -0.023089204999972 ], [ 109.344161317, -0.023118995999939 ], [ 109.344247136, -0.023217072999965 ], [ 109.344331147, -0.023365954999975 ], [ 109.344333078, -0.023369377999933 ], [ 109.344588101015532, -0.023821321213726 ], [ 109.344629439, -0.02389457899995 ], [ 109.344632958, -0.02390081599998 ], [ 109.345085706, -0.024703164999948 ], [ 109.345086002, -0.024703688999986 ], [ 109.345198709241359, -0.02490342584595 ], [ 109.345411825, -0.025281102999943 ], [ 109.345503217, -0.02544306499994 ], [ 109.345586229, -0.02564290899994 ], [ 109.345435554, -0.025722889999939 ], [ 109.344763899, -0.026079414999977 ], [ 109.344759021, -0.02608002099993 ], [ 109.344758883, -0.026080040999942 ], [ 109.344756597, -0.026080299999939 ], [ 109.344756139, -0.026080351999949 ], [ 109.344754685, -0.026080518999945 ], [ 109.344723695, -0.026084085999973 ], [ 109.344714952, -0.026085091999968 ], [ 109.344493112, -0.026214533999961 ], [ 109.34446071, -0.026233439999952 ], [ 109.34442985, -0.026251489999945 ], [ 109.3444296, -0.026251589999964 ], [ 109.34442734, -0.026252909999929 ], [ 109.344426668, -0.026253199999926 ], [ 109.34417193, -0.026363159999966 ], [ 109.34415164, -0.026372 ], [ 109.34414935, -0.02637298999998 ], [ 109.34408827, -0.026403679999934 ], [ 109.343894082, -0.026500812999932 ], [ 109.34389215, -0.026501779999937 ], [ 109.34384741, -0.026524689999972 ], [ 109.34382615, -0.026535369999983 ], [ 109.34379217, -0.02655243999994 ], [ 109.34357983, -0.026673859999964 ], [ 109.34349842, -0.026720239999981 ], [ 109.34349259, -0.026724369999957 ], [ 109.34345488, -0.026750889999962 ], [ 109.343454654, -0.026751047999941 ], [ 109.343423246, -0.026773008999953 ], [ 109.343344557664764, -0.026828027490173 ], [ 109.34327393, -0.026877409999941 ], [ 109.34324193, -0.02690175999993 ], [ 109.34303327, -0.027060499999955 ], [ 109.34303308, -0.027060649999951 ], [ 109.342979630017112, -0.027101321875672 ], [ 109.34296494, -0.027112499999931 ], [ 109.34290717, -0.027166539999945 ], [ 109.34288515, -0.027187219999971 ], [ 109.342884012, -0.027188266999937 ], [ 109.34288352, -0.027188719999979 ], [ 109.34288338, -0.027188419999961 ], [ 109.34275493, -0.027309559999939 ], [ 109.342754, -0.027310449999967 ], [ 109.34259514, -0.027405619999975 ], [ 109.34231725, -0.027572089999986 ], [ 109.342311303, -0.027576021999956 ], [ 109.34223088, -0.027629189999981 ], [ 109.34223097, -0.027629339999975 ], [ 109.34223119, -0.027629699999975 ], [ 109.341876529, -0.027862538999961 ], [ 109.341865479, -0.027869793 ], [ 109.34171519, -0.027968459999953 ], [ 109.34171334, -0.027969481999942 ], [ 109.341563719, -0.028052111999962 ], [ 109.34156242, -0.028052829999989 ], [ 109.34156236, -0.028052709999939 ], [ 109.34156277, -0.028052479999932 ], [ 109.34156247, -0.028051929999945 ], [ 109.34156206, -0.028052159999963 ], [ 109.3412386, -0.028229759999937 ], [ 109.341199929, -0.028251073999975 ], [ 109.34107462, -0.028320139999954 ], [ 109.34104445, -0.028338939999965 ], [ 109.34092886, -0.02841097999994 ], [ 109.340709384, -0.028548518999975 ], [ 109.34070418, -0.028551779999939 ], [ 109.34070391, -0.028551169999955 ], [ 109.34062248, -0.028601919999976 ], [ 109.3406227, -0.028602346999951 ], [ 109.34062248, -0.028601969999962 ], [ 109.3406067, -0.028612279999953 ], [ 109.340589332, -0.028623059999973 ], [ 109.34048683, -0.02868667999997 ], [ 109.34015688, -0.02889654999996 ], [ 109.33991036, -0.029057067999928 ], [ 109.339816742, -0.029118025999942 ], [ 109.339721761, -0.029179870999947 ], [ 109.33971926, -0.029181499999947 ], [ 109.339719088, -0.029181170999946 ], [ 109.339172673, -0.029542053999939 ], [ 109.33916059, -0.029550039999958 ], [ 109.339155791, -0.02955285799994 ], [ 109.33915485, -0.029553409999954 ], [ 109.339145486, -0.029558918999962 ], [ 109.33912655, -0.029570059999972 ], [ 109.33912641, -0.029570139999982 ], [ 109.33881963, -0.029750629999979 ], [ 109.3388194, -0.029750769999969 ], [ 109.33877893, -0.029774579999985 ], [ 109.338524093, -0.029964193999955 ], [ 109.33852348, -0.029964649999962 ], [ 109.33852327, -0.029964809999977 ], [ 109.338394946, -0.030060292999973 ], [ 109.338313772, -0.030120692999958 ], [ 109.33828147, -0.030144729999969 ], [ 109.33818806, -0.030214239999971 ], [ 109.33818782, -0.03021440999993 ], [ 109.338139028, -0.030250716999943 ], [ 109.33813834, -0.030251228999937 ], [ 109.33809491, -0.030283539999971 ], [ 109.33804985, -0.030324379999977 ], [ 109.33804982, -0.030324399999923 ], [ 109.33794992, -0.030414909999932 ], [ 109.33794983, -0.030414989999944 ], [ 109.337900158643606, -0.030459996850807 ], [ 109.33783067, -0.030522959999926 ], [ 109.337742621, -0.030602734999941 ], [ 109.337741812, -0.030603467999924 ], [ 109.33774178, -0.030603429999929 ], [ 109.3376685, -0.030672209999976 ], [ 109.33713228, -0.031175429999965 ], [ 109.33695105, -0.031339319999972 ], [ 109.33655177, -0.031717099999983 ], [ 109.3364885, -0.03178172999998 ], [ 109.336234173, -0.032027794999975 ], [ 109.336036143, -0.032219391999953 ], [ 109.33594643, -0.032306189999934 ], [ 109.33592514, -0.032326789999965 ], [ 109.33527028, -0.032954799999976 ], [ 109.3351849, -0.033036679999955 ], [ 109.33511173, -0.033108619999951 ], [ 109.33476923, -0.033445329999948 ], [ 109.33476944, -0.033445539999955 ], [ 109.33466379, -0.033549029999958 ], [ 109.33462661, -0.033586089999976 ], [ 109.334242498, -0.033952429999939 ], [ 109.33420905, -0.033984329999958 ], [ 109.33420746, -0.033985879999935 ], [ 109.33345144, -0.03470698999997 ], [ 109.3329631, -0.03516141999996 ], [ 109.33295056, -0.035173089999949 ], [ 109.33295052, -0.035173229999942 ], [ 109.33287507, -0.035403479999969 ], [ 109.33287461, -0.035403569999972 ], [ 109.33287412, -0.035405029999946 ], [ 109.33287318, -0.035403819999952 ], [ 109.33287176, -0.035401989999966 ], [ 109.3328725, -0.035403939999987 ], [ 109.33289775, -0.035470429999978 ], [ 109.33289529, -0.035472429999974 ], [ 109.33289615, -0.035474989999965 ], [ 109.332896179, -0.035475468999946 ], [ 109.33264663, -0.03568330999997 ], [ 109.33216124, -0.03606023999993 ], [ 109.33114057, -0.036923619999919 ], [ 109.33114011, -0.036922809999969 ], [ 109.33113745, -0.036925059999932 ], [ 109.331133006, -0.036928552999943 ], [ 109.33094793, -0.037074019999988 ], [ 109.33082828, -0.037168169999975 ], [ 109.33067344, -0.037289989999978 ], [ 109.33067141, -0.037291769999972 ], [ 109.33065845, -0.037301989999946 ], [ 109.330274328, -0.037639653999984 ], [ 109.33027034, -0.037643159999962 ], [ 109.330270573, -0.037643545999975 ], [ 109.33020468, -0.037701289999982 ], [ 109.33012786, -0.037769309999936 ], [ 109.330062, -0.037831889999945 ], [ 109.32986449, -0.038019369999971 ], [ 109.32962592, -0.038245949999976 ], [ 109.32961293, -0.038258309999949 ], [ 109.32960823, -0.038262289999984 ], [ 109.32946043, -0.038386609999978 ], [ 109.32944595, -0.038398779999971 ], [ 109.32932187, -0.038503129999931 ], [ 109.32902161, -0.038757869999928 ], [ 109.32888026, -0.038878369999974 ], [ 109.32883908, -0.038913389999952 ], [ 109.32879051, -0.038954219999944 ], [ 109.328781, -0.038962779999964 ], [ 109.328779628, -0.038963947999958 ], [ 109.32877355, -0.038969119999932 ], [ 109.32864288, -0.039087069999941 ], [ 109.32860179159745, -0.039124043709386 ], [ 109.32834101, -0.039358709999937 ], [ 109.32834126, -0.039359069999938 ], [ 109.328328368, -0.039370380999973 ], [ 109.32831501, -0.039382099999962 ], [ 109.32825396, -0.039435659999921 ], [ 109.327320959, -0.040275847999969 ], [ 109.32707631, -0.040496159999982 ], [ 109.3270762, -0.040496 ], [ 109.32700723, -0.040558219999976 ], [ 109.32687048, -0.040680789999954 ], [ 109.32650034, -0.040986389999955 ], [ 109.326434, -0.041040909999941 ], [ 109.3264341, -0.041041069999958 ], [ 109.32643326, -0.041041769999941 ], [ 109.32643247, -0.04104055999995 ], [ 109.326406022, -0.041062780999934 ], [ 109.326402381, -0.041065839999937 ], [ 109.32630421, -0.041148319999944 ], [ 109.32623352, -0.041206682999933 ], [ 109.326090243591437, -0.04132497558568 ], [ 109.326035682, -0.041370022999965 ], [ 109.32603589, -0.041373759999953 ], [ 109.32602326, -0.041384369999944 ], [ 109.325827622, -0.041562515999942 ], [ 109.32568481, -0.041692559999945 ], [ 109.325685, -0.041692909999937 ], [ 109.325141747, -0.042197480999964 ], [ 109.32486202, -0.04245728999996 ], [ 109.32482123, -0.042494519999945 ], [ 109.32471297, -0.042595329999933 ], [ 109.32460847, -0.042691219999942 ], [ 109.324455002, -0.042829024999956 ], [ 109.32444219, -0.042840529999982 ], [ 109.32444214, -0.042840489999951 ], [ 109.324435736, -0.04284633299995 ], [ 109.32441053, -0.042869329999974 ], [ 109.32406724, -0.043227339999933 ], [ 109.32401743, -0.043279279999983 ], [ 109.32396957, -0.043329199999967 ], [ 109.32348073, -0.04380249999997 ], [ 109.32345948, -0.043822199999972 ], [ 109.32342514, -0.043856189999931 ], [ 109.32315302, -0.044112649999933 ], [ 109.32289919, -0.044346589999979 ], [ 109.32284665, -0.044399479999927 ], [ 109.32276567, -0.044481819999932 ], [ 109.322691543, -0.044558111999948 ], [ 109.32266018, -0.044590389999938 ], [ 109.322555508, -0.044696170999948 ], [ 109.32245632, -0.044796409999959 ], [ 109.32202046, -0.045239629999976 ], [ 109.3220191, -0.045238239999952 ], [ 109.32201871, -0.045238629999972 ], [ 109.32202046, -0.045240419999978 ], [ 109.32194123, -0.045316929999953 ], [ 109.321264971, -0.045969997999987 ], [ 109.32107954, -0.046149069999965 ], [ 109.320755, -0.046458719999977 ], [ 109.32068782, -0.046527359999969 ], [ 109.32068484, -0.046530409999954 ], [ 109.320466327, -0.046750355999969 ], [ 109.32011143, -0.047107580999974 ], [ 109.32008253, -0.047136669999936 ], [ 109.31999015, -0.047229829999942 ], [ 109.319990087, -0.047229756999978 ], [ 109.31992611, -0.047294299999984 ], [ 109.31992183, -0.047298429999953 ], [ 109.31990773, -0.047312619999957 ], [ 109.31987668, -0.047341969999939 ], [ 109.31986947, -0.047348919999941 ], [ 109.3197088, -0.047501189999939 ], [ 109.319668565, -0.047539312999965 ], [ 109.3193117, -0.047877449999931 ], [ 109.31931116, -0.04787795999994 ], [ 109.31930696, -0.047881939999963 ], [ 109.31928413, -0.047903579999974 ], [ 109.319242732, -0.047943933999943 ], [ 109.319220543, -0.047965562999938 ], [ 109.31918978, -0.047995549999949 ], [ 109.31898713, -0.048215099999935 ], [ 109.31866482, -0.048530819999947 ], [ 109.318426833, -0.048776052999932 ], [ 109.318245751, -0.048962647999933 ], [ 109.318135951, -0.049075796999951 ], [ 109.318133490126314, -0.049077619119291 ], [ 109.3181328, -0.049078289999954 ], [ 109.317960455205238, -0.049251024381722 ], [ 109.317836849, -0.049374909999933 ], [ 109.31780068, -0.049411159999976 ], [ 109.317758388, -0.049453309999939 ], [ 109.317506322, -0.049704531999969 ], [ 109.317262, -0.049948034999944 ], [ 109.31718906, -0.050020729999971 ], [ 109.31718901, -0.050020689999941 ], [ 109.31712299, -0.050085179999949 ], [ 109.316961668, -0.050242720999969 ], [ 109.31684906, -0.050352689999958 ], [ 109.31652832, -0.050663159999939 ], [ 109.31648505, -0.050704749999967 ], [ 109.31646404, -0.050728649999939 ], [ 109.316437299, -0.050759067999941 ], [ 109.31638114, -0.050822949999951 ], [ 109.31638019, -0.050824019999943 ], [ 109.31634134, -0.050868209999975 ], [ 109.31632684, -0.050868689999965 ], [ 109.3163341, -0.050875899999945 ], [ 109.31633403, -0.050875949999978 ], [ 109.31632679, -0.050868759999961 ], [ 109.316282254216858, -0.050913430571853 ], [ 109.31627062, -0.050925099999978 ], [ 109.316168145, -0.051027884999939 ], [ 109.316166892, -0.051029141999946 ], [ 109.31604931, -0.051147089999972 ], [ 109.31571613, -0.051456459999943 ], [ 109.315343223, -0.051828322999949 ], [ 109.315339325, -0.051832209999932 ], [ 109.315339304, -0.051832228999952 ], [ 109.31520682, -0.051960869999964 ], [ 109.315036398, -0.052126376999985 ], [ 109.31500362, -0.052158209999959 ], [ 109.314948680985566, -0.052210644118458 ], [ 109.31467729, -0.052482509999949 ], [ 109.314669119, -0.052491928999925 ], [ 109.31457637, -0.052598839999978 ], [ 109.314545238, -0.052626766999935 ], [ 109.31447592, -0.052688949999949 ], [ 109.31426707, -0.052904199999952 ], [ 109.31426767, -0.052904609999927 ], [ 109.314259244, -0.052913252999937 ], [ 109.314168135, -0.053006707999949 ], [ 109.3141496, -0.053025719999938 ], [ 109.31408499, -0.053085399999935 ], [ 109.314061657, -0.053106956999952 ], [ 109.31391511, -0.053242349999948 ], [ 109.31380896, -0.053342409999967 ], [ 109.313682562, -0.053469599999977 ], [ 109.31365741, -0.053494909999936 ], [ 109.31367409, -0.053504919999969 ], [ 109.31367348, -0.053505549999952 ], [ 109.31365741, -0.053495919999938 ], [ 109.313342221, -0.053810373999961 ], [ 109.31332323, -0.053829319999985 ], [ 109.31334323, -0.053841099999947 ], [ 109.31334225, -0.053842099999946 ], [ 109.31332224, -0.053830319999976 ], [ 109.313025587, -0.054127533999977 ], [ 109.312705177, -0.054448551999938 ], [ 109.31269389, -0.05445985999995 ], [ 109.31269342, -0.054459569999953 ], [ 109.31249132, -0.054661949999977 ], [ 109.312490815, -0.054662454999972 ], [ 109.31249068, -0.054662589999965 ], [ 109.312249039, -0.054904572999933 ], [ 109.312083814, -0.055070031999954 ], [ 109.31208104, -0.055072809999957 ], [ 109.311946314, -0.055223289999966 ], [ 109.31193583, -0.055235 ], [ 109.31193651, -0.055235389999957 ], [ 109.31193354, -0.05523892999998 ], [ 109.31184345, -0.055323129999975 ], [ 109.31167327, -0.055471289999965 ], [ 109.311632947, -0.055510013999942 ], [ 109.311483294, -0.055653734999969 ], [ 109.31141369, -0.055720579999958 ], [ 109.31141431, -0.055720939999956 ], [ 109.31129793, -0.055831569999958 ], [ 109.31129811, -0.055831679999933 ], [ 109.31129796, -0.055831819999989 ], [ 109.311143967, -0.055987564999953 ], [ 109.310878752, -0.056255798999927 ], [ 109.31083669, -0.056298339999954 ], [ 109.31083632, -0.056298699999962 ], [ 109.310653063, -0.056484042999959 ], [ 109.310597648, -0.056540088999954 ], [ 109.310596579, -0.056541169999944 ], [ 109.3103488, -0.05679176999997 ], [ 109.31015256, -0.056983259999932 ], [ 109.31014449, -0.056991179999955 ], [ 109.31006407, -0.05707084999995 ], [ 109.31006471, -0.057071239999971 ], [ 109.310063334, -0.057072588999977 ], [ 109.310052682, -0.057083024999944 ], [ 109.31002467, -0.057110469999938 ], [ 109.30993929, -0.057194099999946 ], [ 109.30975857, -0.05737112999998 ], [ 109.309756293, -0.057373350999965 ], [ 109.30968302, -0.057444829999962 ], [ 109.30968354, -0.057445239999938 ], [ 109.30954226, -0.05758258999992 ], [ 109.30944291, -0.05767927999995 ], [ 109.3092863, -0.057831739999926 ], [ 109.30927151, -0.057846139999931 ], [ 109.30910242, -0.058030959999944 ], [ 109.309080419, -0.058054798999944 ], [ 109.309065148, -0.058071346999959 ], [ 109.308818364, -0.058338717999957 ], [ 109.30877475, -0.058385969999967 ], [ 109.30876784, -0.058393459999944 ], [ 109.30876772, -0.058393389999938 ], [ 109.3087487, -0.05841278999998 ], [ 109.308575597, -0.058591043999976 ], [ 109.307927377, -0.059258550999973 ], [ 109.30746989, -0.059729649999958 ], [ 109.307236739, -0.059962023999956 ], [ 109.30721175, -0.059986929999986 ], [ 109.307201034, -0.059997778999963 ], [ 109.30719564, -0.06000323999996 ], [ 109.30719552, -0.060003109999965 ], [ 109.30719542, -0.060003199999933 ], [ 109.30719564, -0.060003429999934 ], [ 109.30718215, -0.060016899999941 ], [ 109.30718115, -0.060017899999935 ], [ 109.30709867, -0.060100259999964 ], [ 109.30686025, -0.060339679999975 ], [ 109.30678088, -0.060419369999984 ], [ 109.306363936, -0.060846955999982 ], [ 109.30635538, -0.060855729999968 ], [ 109.30602388, -0.061200559999979 ], [ 109.30602379, -0.061200659999939 ], [ 109.306014717, -0.061210097999948 ], [ 109.30570614, -0.06153108799993 ], [ 109.305598513, -0.061643044999934 ], [ 109.30546549, -0.061781419999939 ], [ 109.3053775, -0.061868649999953 ], [ 109.30537164, -0.06187426999998 ], [ 109.30535907, -0.06188632999994 ], [ 109.305185247, -0.062055047999932 ], [ 109.30515752, -0.062081959999944 ], [ 109.305133169, -0.062104766999949 ], [ 109.30507805, -0.062156389999937 ], [ 109.30507772, -0.062156189999939 ], [ 109.305007084, -0.062221824999947 ], [ 109.30482773, -0.062388479999926 ], [ 109.30478197, -0.062434691999953 ], [ 109.304714015251577, -0.062503318262841 ], [ 109.304373913053197, -0.062846781279345 ], [ 109.304349862, -0.062871069999977 ], [ 109.304327755, -0.062893394999944 ], [ 109.30387033, -0.063355339999931 ], [ 109.30386475, -0.063360979999977 ], [ 109.30385375, -0.063352149999956 ], [ 109.30385344, -0.063351908999953 ], [ 109.303836431, -0.063333468999934 ], [ 109.303705787, -0.063191831999972 ], [ 109.30362813, -0.063107639999946 ] ] ] ] } }
]
}
