{
"type": "FeatureCollection",
"name": "6171_desa_2025-1",
"crs": { "type": "name", "properties": { "name": "urn:ogc:def:crs:OGC:1.3:CRS84" } },
"features": [
{ "type": "Feature", "properties": { "fid": null, "gid": 610186.0, "kdprov": "61", "kdkab": "71", "kdkec": "020", "kddesa": "003", "iddesa": "6171020003", "nmprov": "KALIMANTAN BARAT", "nmkab": "PONTIANAK", "nmkec": "PONTIANAK TIMUR", "nmdesa": "SAIGON", "luas": 0.041603211821877997, "sumber": "", "periode": "2024_1", "layer": null, "path": null, "idkec": "6171020" }, "geometry": { "type": "MultiPolygon", "coordinates": [ [ [ [ 109.363889924, -0.045275714999946 ], [ 109.363749235, -0.045124976999943 ], [ 109.363663816, -0.044969212999945 ], [ 109.363626131, -0.044906404999951 ], [ 109.363433733, -0.04472512799993 ], [ 109.363362856, -0.044658347999929 ], [ 109.363191501, -0.044496897999979 ], [ 109.363162367, -0.044412732999948 ], [ 109.363146279, -0.044366257999965 ], [ 109.363040762, -0.044215518999975 ], [ 109.363705839, -0.04347854099996 ], [ 109.363784407, -0.043391478999983 ], [ 109.363663816, -0.043260838999976 ], [ 109.363584876, -0.043349115999945 ], [ 109.363196525, -0.043783400999929 ], [ 109.362673957, -0.044240635999934 ], [ 109.362584304, -0.044150518999971 ], [ 109.362684767, -0.044065705999969 ], [ 109.362537665, -0.043948306999936 ], [ 109.36268901, -0.043766550999977 ], [ 109.362536251, -0.043650566999931 ], [ 109.362356394, -0.043841484999982 ], [ 109.362219936, -0.04371311399996 ], [ 109.362254715, -0.043677947999932 ], [ 109.362282493, -0.043649861999934 ], [ 109.36240626, -0.043526660999935 ], [ 109.36252289, -0.043410562999957 ], [ 109.362561249, -0.043371948999948 ], [ 109.362852675, -0.043078582999956 ], [ 109.36285275, -0.043078507999957 ], [ 109.362631563, -0.042808472999978 ], [ 109.36263131, -0.042808690999956 ], [ 109.362631255, -0.042808621999944 ], [ 109.362626305, -0.042812904999953 ], [ 109.362195767, -0.043185405999969 ], [ 109.362185497, -0.04317459199996 ], [ 109.362185091, -0.043174133999967 ], [ 109.362184984, -0.043174012999939 ], [ 109.362115907, -0.043096057999951 ], [ 109.362107211, -0.043086244999937 ], [ 109.36210668, -0.043085645999955 ], [ 109.362112079, -0.043080338999971 ], [ 109.362144037, -0.043049178999987 ], [ 109.362113575, -0.043014805999983 ], [ 109.362073509, -0.042969594999936 ], [ 109.362073595, -0.042969494999964 ], [ 109.362133883, -0.042899135999959 ], [ 109.36199963, -0.042749572999983 ], [ 109.361998522, -0.042748338999956 ], [ 109.361998324, -0.042748518999935 ], [ 109.361729722, -0.042992028999951 ], [ 109.361729536, -0.042991837999988 ], [ 109.361223269, -0.042471854999981 ], [ 109.361192859, -0.042440644999941 ], [ 109.361186774, -0.042434392999951 ], [ 109.361186757, -0.042434372999937 ], [ 109.361186674, -0.042434287999936 ], [ 109.361396002, -0.042229826999976 ], [ 109.361401868, -0.042229052999971 ], [ 109.361846003, -0.041797647999945 ], [ 109.36152351, -0.041514758999942 ], [ 109.361153486, -0.041968586999937 ], [ 109.360940933, -0.041751413999981 ], [ 109.360884934, -0.041827687999956 ], [ 109.360777005, -0.041733419999964 ], [ 109.360598792, -0.04192679999994 ], [ 109.360422205, -0.041783452999941 ], [ 109.360421539, -0.041782911999984 ], [ 109.360349965, -0.041860211999966 ], [ 109.360097579, -0.041640957999962 ], [ 109.360142404, -0.041582489999942 ], [ 109.360002082, -0.041444116999973 ], [ 109.360368535, -0.041044349999939 ], [ 109.360197035, -0.040879995999951 ], [ 109.360218923, -0.040833301999953 ], [ 109.359970515, -0.040666801999983 ], [ 109.359967669, -0.040667850999965 ], [ 109.359967117, -0.040667344999971 ], [ 109.35979347, -0.040564691999979 ], [ 109.359676455, -0.040715140999975 ], [ 109.359469903, -0.040594058999949 ], [ 109.359642183, -0.040369489999939 ], [ 109.359516445, -0.040254229999966 ], [ 109.359797891, -0.039802576999943 ], [ 109.359604112, -0.039696493999941 ], [ 109.359390531, -0.03997796799996 ], [ 109.359389515, -0.039978204999955 ], [ 109.359242019, -0.03983524899996 ], [ 109.359532652, -0.039478675999939 ], [ 109.359428215, -0.039395549999935 ], [ 109.359283952, -0.039280724999979 ], [ 109.359258574, -0.039301026999969 ], [ 109.358987663, -0.039588719999936 ], [ 109.358974986, -0.039576433999972 ], [ 109.358443118, -0.040098970999966 ], [ 109.358413102, -0.04005848499997 ], [ 109.358410327, -0.04005848499997 ], [ 109.358411814, -0.040057195999964 ], [ 109.358177655, -0.039817064999965 ], [ 109.35821834, -0.039772988999967 ], [ 109.358092233, -0.039660296999959 ], [ 109.358569422, -0.039175431999978 ], [ 109.358567908, -0.039173846999979 ], [ 109.359030358, -0.038707996999971 ], [ 109.358648325, -0.038328428999939 ], [ 109.358552199, -0.038416727999957 ], [ 109.358264015, -0.038696327999966 ], [ 109.358215547, -0.038735101999983 ], [ 109.357909431, -0.038431376999943 ], [ 109.357908271, -0.038430226999943 ], [ 109.357987147, -0.03835951099995 ], [ 109.357979387, -0.038349876999974 ], [ 109.358084294, -0.038262248999966 ], [ 109.357917075, -0.038051798999955 ], [ 109.357609914, -0.038339112999956 ], [ 109.357461165, -0.038177208999969 ], [ 109.35731444, -0.038322921999959 ], [ 109.357223369, -0.03820149499995 ], [ 109.35717581, -0.038232862999962 ], [ 109.35702617, -0.038028476999961 ], [ 109.357154281, -0.037879401999937 ], [ 109.357198513, -0.037826323999979 ], [ 109.356975279, -0.037523363999984 ], [ 109.35697633, -0.037504446999954 ], [ 109.356888471, -0.037379415999967 ], [ 109.356951668, -0.03733499099997 ], [ 109.356820079, -0.037148572999976 ], [ 109.35683902, -0.037135039999962 ], [ 109.35703133, -0.036997739999949 ], [ 109.35712401, -0.036922329999933 ], [ 109.35726531, -0.036807399999937 ], [ 109.35724963, -0.036775849999977 ], [ 109.35724304, -0.03676250999997 ], [ 109.357763366, -0.036400485999942 ], [ 109.35777092, -0.036395229999927 ], [ 109.35767164, -0.036276859999933 ], [ 109.35767134, -0.036276579999942 ], [ 109.35792881, -0.036115309999957 ], [ 109.35824015, -0.035920889999951 ], [ 109.35824923, -0.035915209999935 ], [ 109.35831266, -0.035875469999953 ], [ 109.35852, -0.035745539999938 ], [ 109.35861926, -0.035684119999931 ], [ 109.35872881, -0.035615529999977 ], [ 109.35890174, -0.035506259999983 ], [ 109.359008754, -0.035438643999961 ], [ 109.35902063, -0.035431139999967 ], [ 109.359589625, -0.03507176299997 ], [ 109.35997861, -0.034826079999958 ], [ 109.36011661, -0.034738969999977 ], [ 109.36036903, -0.034570349999974 ], [ 109.36096485, -0.034171849999946 ], [ 109.36178433, -0.033623829999958 ], [ 109.361865916, -0.033569277999961 ], [ 109.361877133, -0.033561777999981 ], [ 109.36189207, -0.033551789999932 ], [ 109.3619016, -0.033545419999941 ], [ 109.36329752, -0.032646459999965 ], [ 109.363461523, -0.032540841999952 ], [ 109.36357724, -0.032466319999979 ], [ 109.364024119, -0.032171366999943 ], [ 109.36411952, -0.032108399999972 ], [ 109.364848126, -0.031627495999941 ], [ 109.364860107, -0.031619587999962 ], [ 109.3649251, -0.031576689999949 ], [ 109.36495075, -0.031559759999936 ], [ 109.36523061, -0.03137537999993 ], [ 109.36523145, -0.031374849999973 ], [ 109.36527991, -0.031343680999957 ], [ 109.36529137, -0.03133630999998 ], [ 109.36540209, -0.031265019999979 ], [ 109.36556788, -0.031151462999957 ], [ 109.3660714, -0.03080657999994 ], [ 109.36626332, -0.030982989999925 ], [ 109.366279813, -0.031002329999986 ], [ 109.366386106, -0.031126965999938 ], [ 109.366394476, -0.031136780999936 ], [ 109.366554389, -0.031324289999933 ], [ 109.366579364, -0.031353575999964 ], [ 109.366700123, -0.031495173999938 ], [ 109.36675669, -0.031561503999971 ], [ 109.36679462, -0.031605979999939 ], [ 109.36697017, -0.031811599999976 ], [ 109.366981234201475, -0.031824571376058 ], [ 109.367005216, -0.031852686999972 ], [ 109.36704391, -0.031898049999933 ], [ 109.3670441, -0.031898279999955 ], [ 109.36704944, -0.031904539999978 ], [ 109.36731588, -0.032207259999953 ], [ 109.367358479, -0.032254388999948 ], [ 109.36773498, -0.032670919999931 ], [ 109.367768066, -0.032709556999986 ], [ 109.367768599, -0.032715424999936 ], [ 109.368070499, -0.033062101999981 ], [ 109.368070435, -0.033062156999961 ], [ 109.368070189, -0.033062367999948 ], [ 109.368238059, -0.033258387999985 ], [ 109.36823844, -0.033258809999946 ], [ 109.368272221, -0.03329554899995 ], [ 109.368335573864101, -0.03336444710648 ], [ 109.368946452, -0.034028786999959 ], [ 109.36897667, -0.034061649999967 ], [ 109.36917137, -0.034273389999957 ], [ 109.369407387, -0.034510341999976 ], [ 109.369693274, -0.03479736099997 ], [ 109.36969751, -0.034793299999943 ], [ 109.37027964, -0.034232829999958 ], [ 109.370642533, -0.033871831999941 ], [ 109.3710131, -0.033503199999927 ], [ 109.37129915, -0.03321865 ], [ 109.371331917, -0.033186053999944 ], [ 109.37140491, -0.033113439999966 ], [ 109.37142933, -0.033088719999975 ], [ 109.37149291, -0.033025269999939 ], [ 109.37167815, -0.032836899999951 ], [ 109.37181793, -0.032695429999932 ], [ 109.3718383, -0.032674039999971 ], [ 109.37280363, -0.031660421999966 ], [ 109.37301799, -0.031435339999976 ], [ 109.373022013, -0.031431112999941 ], [ 109.37302842, -0.031424379999983 ], [ 109.37306889, -0.031381859999958 ], [ 109.373128206, -0.031319444999954 ], [ 109.373175018469283, -0.031270188105407 ], [ 109.3731784, -0.031266629999956 ], [ 109.37283986, -0.030720379999937 ], [ 109.372840221, -0.030720433999942 ], [ 109.372895375882834, -0.030728626515644 ], [ 109.372895593868819, -0.030728658894529 ], [ 109.373066603, -0.030754059999934 ], [ 109.373544693, -0.030825073999948 ], [ 109.37354709, -0.030825429999943 ], [ 109.37354779, -0.030825519999958 ], [ 109.37356892, -0.030828179999959 ], [ 109.37358714, -0.030830469999954 ], [ 109.373693852432396, -0.03084388525778 ], [ 109.373870187, -0.030866052999952 ], [ 109.37393627, -0.030874359999933 ], [ 109.37415106, -0.030894909999974 ], [ 109.374489244, -0.030927452999957 ], [ 109.374485823173984, -0.030849202935554 ], [ 109.375027243741869, -0.030967730140958 ], [ 109.375136146066893, -0.031004030915965 ], [ 109.375157321518984, -0.030955629882622 ], [ 109.375328237667972, -0.031026718900344 ], [ 109.375585368157601, -0.031138646289948 ], [ 109.376122569184659, -0.031327314747173 ], [ 109.376127464, -0.03132241999993 ], [ 109.3761278, -0.031322499999942 ], [ 109.376356173, -0.031377066999935 ], [ 109.376356058, -0.031379219999968 ], [ 109.376558323, -0.031425896999965 ], [ 109.376558891, -0.03142550399997 ], [ 109.376638227, -0.031444459999935 ], [ 109.376661831, -0.03145009999997 ], [ 109.376664081, -0.031450849999939 ], [ 109.376768232, -0.031485566999947 ], [ 109.377427916, -0.031691274999966 ], [ 109.377468075, -0.031702412999947 ], [ 109.377633492, -0.03174828899995 ], [ 109.377894132, -0.031820573999943 ], [ 109.378059748, -0.031866504999922 ], [ 109.378057159, -0.031869617999979 ], [ 109.377983734, -0.031939126999942 ], [ 109.377318012, -0.032569342999979 ], [ 109.377317263, -0.032569965999934 ], [ 109.377281191, -0.032601793999959 ], [ 109.37684925, -0.032982918999949 ], [ 109.376237223, -0.032363618999964 ], [ 109.376225965, -0.03237165999997 ], [ 109.375684072, -0.032758727999979 ], [ 109.375362153, -0.032401690999963 ], [ 109.375210626, -0.032263814999968 ], [ 109.375177583, -0.032233748999943 ], [ 109.375173563, -0.032230091999966 ], [ 109.374872089, -0.032523526999977 ], [ 109.37487803991786, -0.032528897343657 ], [ 109.374547308819217, -0.032863223345541 ], [ 109.374550516, -0.032865196999978 ], [ 109.37458819, -0.032903862999944 ], [ 109.374420281, -0.033076522999984 ], [ 109.374381922, -0.033115966999957 ], [ 109.374494587, -0.033212062999951 ], [ 109.374791958, -0.032962520999951 ], [ 109.375407367, -0.03354805599997 ], [ 109.375434529, -0.033573898999986 ], [ 109.375002174, -0.034004195999959 ], [ 109.37499783, -0.034008518999946 ], [ 109.375190745, -0.034179204999929 ], [ 109.375503153, -0.034455614999962 ], [ 109.375480279, -0.034619896999976 ], [ 109.375473502, -0.034625548999938 ], [ 109.375442688, -0.034651243999973 ], [ 109.375512511, -0.034921426999979 ], [ 109.375321196, -0.035129378999964 ], [ 109.375097199, -0.035295302999944 ], [ 109.375096607, -0.035295740999979 ], [ 109.375096656, -0.035295789999976 ], [ 109.375079535, -0.035311134999977 ], [ 109.37521728, -0.035445842999944 ], [ 109.375505526, -0.035727732999936 ], [ 109.375757593, -0.035974242999949 ], [ 109.3764524, -0.036653729999955 ], [ 109.376460126, -0.036661285999974 ], [ 109.376458525, -0.03666258099997 ], [ 109.376925519, -0.037135412999934 ], [ 109.376613968, -0.037383716999958 ], [ 109.376594851, -0.037398952999988 ], [ 109.376629173, -0.037431688999971 ], [ 109.376793181, -0.037588120999944 ], [ 109.377387789, -0.038155259999948 ], [ 109.377610945, -0.038358840999937 ], [ 109.377609537, -0.038360128999955 ], [ 109.377609574, -0.038360464999926 ], [ 109.377615089178235, -0.03835543363068 ], [ 109.377907648, -0.038088538999946 ], [ 109.378010322, -0.038190576999968 ], [ 109.378052722, -0.038220862999939 ], [ 109.378131665, -0.038277250999956 ], [ 109.378474453, -0.038469419999958 ], [ 109.378676963, -0.038582947999948 ], [ 109.378680658, -0.038585018999926 ], [ 109.378603401, -0.038723068999958 ], [ 109.37855629, -0.038807249999935 ], [ 109.378574062, -0.038822368999952 ], [ 109.379109039, -0.039277498999977 ], [ 109.379575936, -0.039284793999976 ], [ 109.379641396, -0.039285816999956 ], [ 109.380406692, -0.039169767999974 ], [ 109.380647159, -0.039133303999966 ], [ 109.380655206, -0.039132083999968 ], [ 109.380656201, -0.039131932999963 ], [ 109.381167762, -0.039036274999949 ], [ 109.381174479, -0.039047937999964 ], [ 109.381622018, -0.039825014999963 ], [ 109.382001384, -0.040483720999933 ], [ 109.381831417, -0.040514253999959 ], [ 109.381395839, -0.040592501999922 ], [ 109.381349059, -0.040617144999946 ], [ 109.380878791, -0.04086487499996 ], [ 109.380906703, -0.04091234599997 ], [ 109.381186771, -0.041388673999963 ], [ 109.381799147, -0.042430176999971 ], [ 109.382097546, -0.042937680999961 ], [ 109.382600744, -0.042840734999978 ], [ 109.383226244, -0.042613668999936 ], [ 109.38322776, -0.042613118999957 ], [ 109.383229432, -0.042616021999948 ], [ 109.383861859, -0.043714126999933 ], [ 109.383410149, -0.043875918999957 ], [ 109.383181785, -0.043957713999934 ], [ 109.382429629, -0.044227119999956 ], [ 109.382321936, -0.044065367999965 ], [ 109.382257387, -0.043968521999938 ], [ 109.382257405, -0.043968387999943 ], [ 109.381407994, -0.044562180999948 ], [ 109.37956484, -0.045822747999981 ], [ 109.379588689, -0.04585341099994 ], [ 109.379788743, -0.046122927999941 ], [ 109.379782066, -0.046127585999956 ], [ 109.379877030707121, -0.046252711080227 ], [ 109.37597707666022, -0.049205974434991 ], [ 109.375982511335238, -0.049212291899857 ], [ 109.375953605, -0.049231848999966 ], [ 109.37469065, -0.050086309999936 ], [ 109.37461285, -0.050138884999975 ], [ 109.37461194, -0.050139499999943 ], [ 109.37461192, -0.050139479999928 ], [ 109.374576746, -0.050097859999941 ], [ 109.371775475, -0.052016121999941 ], [ 109.37169313, -0.051913069999959 ], [ 109.371598337, -0.051795171 ], [ 109.37153514, -0.051716569999947 ], [ 109.37151217, -0.051688079999968 ], [ 109.371309071, -0.051436166999961 ], [ 109.37125288, -0.051366469999949 ], [ 109.371222107, -0.051328300999956 ], [ 109.37113642, -0.05122201999996 ], [ 109.37101842, -0.051075742999954 ], [ 109.37081982, -0.050829549999948 ], [ 109.3708077, -0.05081445999997 ], [ 109.37074162, -0.050732249999948 ], [ 109.37073472, -0.050724049999933 ], [ 109.370619217, -0.050586958999932 ], [ 109.37059165, -0.05055423999994 ], [ 109.370273792, -0.050172882999959 ], [ 109.37014364, -0.050016729999932 ], [ 109.370120061, -0.049988481999947 ], [ 109.37005006, -0.049904619999953 ], [ 109.37004575, -0.049899489999977 ], [ 109.37004573, -0.049899459999957 ], [ 109.37004565, -0.049899349999976 ], [ 109.369883073, -0.04970441199993 ], [ 109.369727198, -0.049517510999976 ], [ 109.36972658, -0.049516771999955 ], [ 109.36972642, -0.049516579999926 ], [ 109.369710468, -0.049497450999979 ], [ 109.36967461, -0.049454459999938 ], [ 109.369605514, -0.049371730999957 ], [ 109.369411061, -0.049138909999949 ], [ 109.369208657769036, -0.048896567861398 ], [ 109.369046933, -0.048702930999975 ], [ 109.368849833, -0.04846694099997 ], [ 109.368755349, -0.048353813999944 ], [ 109.368649, -0.048226479999933 ], [ 109.368606274, -0.048175379999977 ], [ 109.368394808, -0.047922464999944 ], [ 109.368313495307234, -0.04782521458919 ], [ 109.36826023, -0.047761508999943 ], [ 109.36822881, -0.047723929999972 ], [ 109.36816769, -0.047643629999928 ], [ 109.368045836, -0.047483961999944 ], [ 109.36803428, -0.047468819999948 ], [ 109.367766017, -0.047115186999976 ], [ 109.36772369, -0.04705938999996 ], [ 109.367689056, -0.047014698999931 ], [ 109.367600815, -0.046900832999937 ], [ 109.36755072, -0.046836189999974 ], [ 109.36750642, -0.046779019999979 ], [ 109.367455428, -0.046713219999964 ], [ 109.36738424, -0.046621359999958 ], [ 109.367377069, -0.046611930999976 ], [ 109.367078321, -0.04621912199997 ], [ 109.367076711, -0.046217005999953 ], [ 109.36694123, -0.046038869999969 ], [ 109.36692899, -0.046022769999984 ], [ 109.36692765, -0.046021019999954 ], [ 109.36691139, -0.045999689999973 ], [ 109.366761901, -0.045844941999972 ], [ 109.36675533, -0.045838139999943 ], [ 109.366626083741949, -0.045704343379497 ], [ 109.36660962, -0.045687299999939 ], [ 109.366594431, -0.045673916999933 ], [ 109.366520358, -0.045594379999961 ], [ 109.366477647, -0.045548517999976 ], [ 109.366468874, -0.045539097999961 ], [ 109.366181044, -0.045230034999974 ], [ 109.365981467, -0.045015734999938 ], [ 109.365981426, -0.045015690999952 ], [ 109.365076993, -0.045774409999978 ], [ 109.365079214, -0.045783850999956 ], [ 109.363764308, -0.046958965999983 ], [ 109.363764091, -0.046958719999972 ], [ 109.363741554, -0.046982399999943 ], [ 109.363741501, -0.046982337999961 ], [ 109.363739939, -0.046979771999935 ], [ 109.363524923, -0.046744846999959 ], [ 109.363992512257454, -0.046307318075837 ], [ 109.36406966, -0.046235129999958 ], [ 109.364237789642175, -0.046051327225376 ], [ 109.364129646056071, -0.045944927890659 ], [ 109.363880562013989, -0.045649881912238 ], [ 109.363142220332364, -0.046254348453782 ], [ 109.363101093, -0.04620030899997 ], [ 109.363101537, -0.046199929999948 ], [ 109.363096168, -0.046192861999943 ], [ 109.363040468, -0.046120592999954 ], [ 109.363039884, -0.046119845999964 ], [ 109.363036993, -0.04611608499994 ], [ 109.363921461, -0.04531721099994 ], [ 109.363889924, -0.045275714999946 ] ] ] ] } },
{ "type": "Feature", "properties": { "fid": null, "gid": 610180.0, "kdprov": "61", "kdkab": "71", "kdkec": "020", "kddesa": "002", "iddesa": "6171020002", "nmprov": "KALIMANTAN BARAT", "nmkab": "PONTIANAK", "nmkec": "PONTIANAK TIMUR", "nmdesa": "BANJAR SERASAN", "luas": 0.042916023424711, "sumber": "", "periode": "2024_1", "layer": null, "path": null, "idkec": "6171020" }, "geometry": { "type": "MultiPolygon", "coordinates": [ [ [ [ 109.360470005, -0.046621824999931 ], [ 109.360239124, -0.04642392699998 ], [ 109.359720403, -0.045979308999965 ], [ 109.359471328, -0.045765815999975 ], [ 109.358994383, -0.045357005999966 ], [ 109.358731079, -0.045131316999977 ], [ 109.358580129, -0.045001930999951 ], [ 109.35813546, -0.044620786999935 ], [ 109.358081572, -0.044574597999946 ], [ 109.357880502, -0.044402250999953 ], [ 109.357347661, -0.043840606999937 ], [ 109.357345345, -0.043838165999939 ], [ 109.357215825, -0.043701645999937 ], [ 109.35717848, -0.043662281999965 ], [ 109.356660733, -0.043116548999941 ], [ 109.356279058, -0.042714242999983 ], [ 109.355942425, -0.042359412999927 ], [ 109.355751902, -0.042158590999979 ], [ 109.355729155, -0.042134614999955 ], [ 109.355463011, -0.041854084999956 ], [ 109.355128704, -0.041501706999961 ], [ 109.354817227, -0.041173393999944 ], [ 109.354734746, -0.041075790999972 ], [ 109.35470859, -0.04104483899994 ], [ 109.354662737, -0.040990579999968 ], [ 109.354312351, -0.040575954999959 ], [ 109.354210532, -0.040455468999942 ], [ 109.354027277, -0.040238616999952 ], [ 109.353693584, -0.039843745999982 ], [ 109.353614548, -0.039750219999978 ], [ 109.353317406, -0.039398599999973 ], [ 109.353189409, -0.039247136999963 ], [ 109.352919736, -0.038928021999931 ], [ 109.352871473, -0.03887091099995 ], [ 109.35283763, -0.038830862999935 ], [ 109.352566939, -0.038510544999953 ], [ 109.353423329, -0.038053803999959 ], [ 109.353944121, -0.037746669999929 ], [ 109.354511651, -0.037539688999976 ], [ 109.354913148, -0.037266204999985 ], [ 109.354972352, -0.037225877999968 ], [ 109.35555042, -0.036882028 ], [ 109.355999447, -0.037491716999964 ], [ 109.356260978, -0.037846822999944 ], [ 109.356361796, -0.037749480999933 ], [ 109.356361878, -0.037749594999981 ], [ 109.356888471, -0.037379415999967 ], [ 109.35697633, -0.037504446999954 ], [ 109.356975279, -0.037523363999984 ], [ 109.357198513, -0.037826323999979 ], [ 109.357154281, -0.037879401999937 ], [ 109.35702617, -0.038028476999961 ], [ 109.35717581, -0.038232862999962 ], [ 109.357223369, -0.03820149499995 ], [ 109.35731444, -0.038322921999959 ], [ 109.357461165, -0.038177208999969 ], [ 109.357609914, -0.038339112999956 ], [ 109.357917075, -0.038051798999955 ], [ 109.358084294, -0.038262248999966 ], [ 109.357979387, -0.038349876999974 ], [ 109.357987147, -0.03835951099995 ], [ 109.357908271, -0.038430226999943 ], [ 109.357909431, -0.038431376999943 ], [ 109.358215547, -0.038735101999983 ], [ 109.358264015, -0.038696327999966 ], [ 109.358552199, -0.038416727999957 ], [ 109.358648325, -0.038328428999939 ], [ 109.359030358, -0.038707996999971 ], [ 109.358567908, -0.039173846999979 ], [ 109.358569422, -0.039175431999978 ], [ 109.358092233, -0.039660296999959 ], [ 109.35821834, -0.039772988999967 ], [ 109.358177655, -0.039817064999965 ], [ 109.358411814, -0.040057195999964 ], [ 109.358410327, -0.04005848499997 ], [ 109.358413102, -0.04005848499997 ], [ 109.358443118, -0.040098970999966 ], [ 109.358974986, -0.039576433999972 ], [ 109.358987663, -0.039588719999936 ], [ 109.359258574, -0.039301026999969 ], [ 109.359283952, -0.039280724999979 ], [ 109.359428215, -0.039395549999935 ], [ 109.359532652, -0.039478675999939 ], [ 109.359242019, -0.03983524899996 ], [ 109.359389515, -0.039978204999955 ], [ 109.359390531, -0.03997796799996 ], [ 109.359604112, -0.039696493999941 ], [ 109.359797891, -0.039802576999943 ], [ 109.359516445, -0.040254229999966 ], [ 109.359642183, -0.040369489999939 ], [ 109.359469903, -0.040594058999949 ], [ 109.359676455, -0.040715140999975 ], [ 109.35979347, -0.040564691999979 ], [ 109.359967117, -0.040667344999971 ], [ 109.359967669, -0.040667850999965 ], [ 109.359970515, -0.040666801999983 ], [ 109.360218923, -0.040833301999953 ], [ 109.360197035, -0.040879995999951 ], [ 109.360368535, -0.041044349999939 ], [ 109.360002082, -0.041444116999973 ], [ 109.360142404, -0.041582489999942 ], [ 109.360097579, -0.041640957999962 ], [ 109.360349965, -0.041860211999966 ], [ 109.360421539, -0.041782911999984 ], [ 109.360422205, -0.041783452999941 ], [ 109.360598792, -0.04192679999994 ], [ 109.360777005, -0.041733419999964 ], [ 109.360884934, -0.041827687999956 ], [ 109.360940933, -0.041751413999981 ], [ 109.361153486, -0.041968586999937 ], [ 109.36152351, -0.041514758999942 ], [ 109.361846003, -0.041797647999945 ], [ 109.361401868, -0.042229052999971 ], [ 109.361396002, -0.042229826999976 ], [ 109.361186674, -0.042434287999936 ], [ 109.361186757, -0.042434372999937 ], [ 109.361186774, -0.042434392999951 ], [ 109.361192859, -0.042440644999941 ], [ 109.361223269, -0.042471854999981 ], [ 109.361729536, -0.042991837999988 ], [ 109.361729722, -0.042992028999951 ], [ 109.361998324, -0.042748518999935 ], [ 109.361998522, -0.042748338999956 ], [ 109.36199963, -0.042749572999983 ], [ 109.362133883, -0.042899135999959 ], [ 109.362073595, -0.042969494999964 ], [ 109.362073509, -0.042969594999936 ], [ 109.362113575, -0.043014805999983 ], [ 109.362144037, -0.043049178999987 ], [ 109.362112079, -0.043080338999971 ], [ 109.36210668, -0.043085645999955 ], [ 109.362107211, -0.043086244999937 ], [ 109.362115907, -0.043096057999951 ], [ 109.362184984, -0.043174012999939 ], [ 109.362185091, -0.043174133999967 ], [ 109.362185497, -0.04317459199996 ], [ 109.362195767, -0.043185405999969 ], [ 109.362626305, -0.042812904999953 ], [ 109.362631255, -0.042808621999944 ], [ 109.36263131, -0.042808690999956 ], [ 109.362631563, -0.042808472999978 ], [ 109.36285275, -0.043078507999957 ], [ 109.362852675, -0.043078582999956 ], [ 109.362561249, -0.043371948999948 ], [ 109.36252289, -0.043410562999957 ], [ 109.36240626, -0.043526660999935 ], [ 109.362282493, -0.043649861999934 ], [ 109.362254715, -0.043677947999932 ], [ 109.362219936, -0.04371311399996 ], [ 109.362356394, -0.043841484999982 ], [ 109.362536251, -0.043650566999931 ], [ 109.36268901, -0.043766550999977 ], [ 109.362537665, -0.043948306999936 ], [ 109.362684767, -0.044065705999969 ], [ 109.362584304, -0.044150518999971 ], [ 109.362673957, -0.044240635999934 ], [ 109.363196525, -0.043783400999929 ], [ 109.363584876, -0.043349115999945 ], [ 109.363663816, -0.043260838999976 ], [ 109.363784407, -0.043391478999983 ], [ 109.363705839, -0.04347854099996 ], [ 109.363040762, -0.044215518999975 ], [ 109.363146279, -0.044366257999965 ], [ 109.363162367, -0.044412732999948 ], [ 109.363191501, -0.044496897999979 ], [ 109.363362856, -0.044658347999929 ], [ 109.363433733, -0.04472512799993 ], [ 109.363626131, -0.044906404999951 ], [ 109.363663816, -0.044969212999945 ], [ 109.363749235, -0.045124976999943 ], [ 109.363889924, -0.045275714999946 ], [ 109.363921461, -0.04531721099994 ], [ 109.363036993, -0.04611608499994 ], [ 109.363039884, -0.046119845999964 ], [ 109.363040468, -0.046120592999954 ], [ 109.363096168, -0.046192861999943 ], [ 109.363101537, -0.046199929999948 ], [ 109.363101093, -0.04620030899997 ], [ 109.363142220332364, -0.046254348453782 ], [ 109.363880562013989, -0.045649881912238 ], [ 109.364129646056071, -0.045944927890659 ], [ 109.364237789642175, -0.046051327225376 ], [ 109.36406966, -0.046235129999958 ], [ 109.363992512257454, -0.046307318075837 ], [ 109.363524923, -0.046744846999959 ], [ 109.363739939, -0.046979771999935 ], [ 109.363741501, -0.046982337999961 ], [ 109.363741554, -0.046982399999943 ], [ 109.363764091, -0.046958719999972 ], [ 109.363764308, -0.046958965999983 ], [ 109.365079214, -0.045783850999956 ], [ 109.365076993, -0.045774409999978 ], [ 109.365981426, -0.045015690999952 ], [ 109.365981467, -0.045015734999938 ], [ 109.366181044, -0.045230034999974 ], [ 109.366468874, -0.045539097999961 ], [ 109.366477647, -0.045548517999976 ], [ 109.366520358, -0.045594379999961 ], [ 109.366594431, -0.045673916999933 ], [ 109.36660962, -0.045687299999939 ], [ 109.366626083741949, -0.045704343379497 ], [ 109.36675533, -0.045838139999943 ], [ 109.366761901, -0.045844941999972 ], [ 109.36691139, -0.045999689999973 ], [ 109.36692765, -0.046021019999954 ], [ 109.36692899, -0.046022769999984 ], [ 109.36694123, -0.046038869999969 ], [ 109.367076711, -0.046217005999953 ], [ 109.367078321, -0.04621912199997 ], [ 109.367377069, -0.046611930999976 ], [ 109.36738424, -0.046621359999958 ], [ 109.367455428, -0.046713219999964 ], [ 109.36750642, -0.046779019999979 ], [ 109.36755072, -0.046836189999974 ], [ 109.367600815, -0.046900832999937 ], [ 109.367689056, -0.047014698999931 ], [ 109.36772369, -0.04705938999996 ], [ 109.367766017, -0.047115186999976 ], [ 109.36803428, -0.047468819999948 ], [ 109.368045836, -0.047483961999944 ], [ 109.36816769, -0.047643629999928 ], [ 109.36822881, -0.047723929999972 ], [ 109.36826023, -0.047761508999943 ], [ 109.368313495307234, -0.04782521458919 ], [ 109.368394808, -0.047922464999944 ], [ 109.368606274, -0.048175379999977 ], [ 109.368649, -0.048226479999933 ], [ 109.368755349, -0.048353813999944 ], [ 109.368849833, -0.04846694099997 ], [ 109.369046933, -0.048702930999975 ], [ 109.369208657769036, -0.048896567861398 ], [ 109.369411061, -0.049138909999949 ], [ 109.369605514, -0.049371730999957 ], [ 109.36967461, -0.049454459999938 ], [ 109.369710468, -0.049497450999979 ], [ 109.36972642, -0.049516579999926 ], [ 109.36972658, -0.049516771999955 ], [ 109.369727198, -0.049517510999976 ], [ 109.369883073, -0.04970441199993 ], [ 109.37004565, -0.049899349999976 ], [ 109.37004573, -0.049899459999957 ], [ 109.37004575, -0.049899489999977 ], [ 109.37005006, -0.049904619999953 ], [ 109.370120061, -0.049988481999947 ], [ 109.37014364, -0.050016729999932 ], [ 109.370273792, -0.050172882999959 ], [ 109.37059165, -0.05055423999994 ], [ 109.370619217, -0.050586958999932 ], [ 109.37073472, -0.050724049999933 ], [ 109.37074162, -0.050732249999948 ], [ 109.3708077, -0.05081445999997 ], [ 109.37081982, -0.050829549999948 ], [ 109.37101842, -0.051075742999954 ], [ 109.37113642, -0.05122201999996 ], [ 109.371222107, -0.051328300999956 ], [ 109.37125288, -0.051366469999949 ], [ 109.371309071, -0.051436166999961 ], [ 109.37151217, -0.051688079999968 ], [ 109.37153514, -0.051716569999947 ], [ 109.371598337, -0.051795171 ], [ 109.37169313, -0.051913069999959 ], [ 109.371775475, -0.052016121999941 ], [ 109.37177891, -0.052020419999967 ], [ 109.37178765, -0.05203136899997 ], [ 109.37195507, -0.052242979999963 ], [ 109.37195509, -0.05224300999993 ], [ 109.372128921, -0.052460158999967 ], [ 109.372129295, -0.052460625999976 ], [ 109.372128924, -0.05246089599996 ], [ 109.37149309, -0.052924629999957 ], [ 109.371393226, -0.052994893999936 ], [ 109.371139814, -0.053173192999966 ], [ 109.37063471, -0.053524809999941 ], [ 109.37046689, -0.053661240999926 ], [ 109.36999308, -0.054042809999945 ], [ 109.36975466, -0.054213349999946 ], [ 109.369740575, -0.054223425999966 ], [ 109.36963238, -0.054300819999977 ], [ 109.36898769, -0.054704449999975 ], [ 109.36885405, -0.054788119999964 ], [ 109.368537044, -0.055016618999961 ], [ 109.368354355, -0.055148303999947 ], [ 109.368354348, -0.05514832899996 ], [ 109.367534703, -0.05574125699997 ], [ 109.367478928, -0.055656826999955 ], [ 109.367347112, -0.055457285999979 ], [ 109.367332349, -0.055434938999953 ], [ 109.367227849, -0.055276748999976 ], [ 109.367207433, -0.055245843999954 ], [ 109.367092289, -0.055071541999952 ], [ 109.366992417, -0.054920357999953 ], [ 109.366924869, -0.054818105999977 ], [ 109.366884415, -0.054756867999975 ], [ 109.366684246, -0.054453857999929 ], [ 109.366490009, -0.054159827999965 ], [ 109.366379941, -0.053993209999941 ], [ 109.366376695, -0.053988295999942 ], [ 109.366316158, -0.053896656999941 ], [ 109.366254129, -0.053802758999955 ], [ 109.366217215, -0.053746878999963 ], [ 109.366074735, -0.053531196999939 ], [ 109.366052537, -0.05349759299998 ], [ 109.365957815, -0.053354205999938 ], [ 109.365932801, -0.053316339999929 ], [ 109.365923462, -0.053302202999939 ], [ 109.365686362, -0.052943287999945 ], [ 109.365493267, -0.052650986999943 ], [ 109.365490306, -0.052646503999939 ], [ 109.365153476, -0.052136619999952 ], [ 109.365138522, -0.052113981999985 ], [ 109.365126937, -0.05209644499996 ], [ 109.365051349, -0.051982021999947 ], [ 109.36496814, -0.051856062999954 ], [ 109.364913539, -0.051773408999972 ], [ 109.364873075, -0.051712155999951 ], [ 109.364619836, -0.05132880899993 ], [ 109.36455498, -0.051230631999946 ], [ 109.36433396, -0.050896056999934 ], [ 109.364255425, -0.050777172999978 ], [ 109.364249476, -0.050770514999961 ], [ 109.364131989, -0.050639042999935 ], [ 109.364129964, -0.050636775999984 ], [ 109.363989325, -0.050479394999965 ], [ 109.363883136, -0.050360564999951 ], [ 109.363833462, -0.050304977999936 ], [ 109.363752526, -0.050214405999947 ], [ 109.363683537, -0.05013720399996 ], [ 109.363428925, -0.049852280999971 ], [ 109.363359857, -0.049774989999957 ], [ 109.3633597, -0.049774813999928 ], [ 109.363336146, -0.049748455999974 ], [ 109.363072865, -0.04945383299998 ], [ 109.363065993, -0.049446141999973 ], [ 109.362889369, -0.049248490999962 ], [ 109.362868111, -0.049224702999934 ], [ 109.362846122, -0.049200095999931 ], [ 109.362588584, -0.04891189999995 ], [ 109.362577524, -0.048899522999943 ], [ 109.36247933, -0.048789638999956 ], [ 109.362444356, -0.048750501999967 ], [ 109.362232349, -0.048513254999941 ], [ 109.362218709, -0.048497990999977 ], [ 109.362204161, -0.048481710999968 ], [ 109.362124007, -0.048392014999932 ], [ 109.362093937, -0.048358363999976 ], [ 109.362093114, -0.048357443999983 ], [ 109.36195701, -0.048205136999977 ], [ 109.361808338, -0.048038765999933 ], [ 109.361770474829115, -0.047996395314296 ], [ 109.361485576, -0.047677579999971 ], [ 109.361348523, -0.047524211999927 ], [ 109.361327989, -0.047501232999935 ], [ 109.361093347, -0.04723865799997 ], [ 109.361087719, -0.047232359999958 ], [ 109.360910844, -0.047034428999946 ], [ 109.360910643, -0.047034203999942 ], [ 109.360853447, -0.046970198999932 ], [ 109.36080129, -0.046911831999975 ], [ 109.360778194, -0.046885986999942 ], [ 109.360751987, -0.046863524999941 ], [ 109.360751207, -0.046862855999968 ], [ 109.360470005, -0.046621824999931 ] ] ] ] } },
{ "type": "Feature", "properties": { "fid": null, "gid": 610294.0, "kdprov": "61", "kdkab": "71", "kdkec": "011", "kddesa": "001", "iddesa": "6171011001", "nmprov": "KALIMANTAN BARAT", "nmkab": "PONTIANAK", "nmkec": "PONTIANAK TENGGARA", "nmdesa": "BANGKA BELITUNG LAUT", "luas": 0.21525518642569599, "sumber": null, "periode": "2024_1", "layer": null, "path": null, "idkec": "6171011" }, "geometry": { "type": "MultiPolygon", "coordinates": [ [ [ [ 109.358479149, -0.066148600999949 ], [ 109.35771992, -0.065272789999946 ], [ 109.35626222, -0.063675099999961 ], [ 109.356253648, -0.063665707999983 ], [ 109.35624978, -0.06366146999995 ], [ 109.35624976, -0.063661439999983 ], [ 109.354619137, -0.061681188999963 ], [ 109.354610055, -0.061670159999952 ], [ 109.35447273, -0.061503389999933 ], [ 109.35426365, -0.061250469999948 ], [ 109.353781142, -0.060667218999934 ], [ 109.353779433, -0.060665152999945 ], [ 109.35362087, -0.06047238999998 ], [ 109.35362085, -0.060472359999955 ], [ 109.35340513, -0.060210069999925 ], [ 109.3534051, -0.060210029999952 ], [ 109.35319927, -0.059959769999979 ], [ 109.35319903, -0.059959469999968 ], [ 109.35303275, -0.059757298999958 ], [ 109.35303267, -0.0597572 ], [ 109.352912469850139, -0.059611053385806 ], [ 109.3528526, -0.059538259999954 ], [ 109.35285253, -0.059538169999938 ], [ 109.3526382, -0.059277569999957 ], [ 109.35263803, -0.05927735999995 ], [ 109.35246063, -0.059061669999952 ], [ 109.35246048, -0.059061479999978 ], [ 109.35237801, -0.058961219999961 ], [ 109.35227303, -0.058830979999927 ], [ 109.35227276, -0.058830639999945 ], [ 109.35207179, -0.058581339999936 ], [ 109.35185782, -0.058315889999962 ], [ 109.35182393, -0.058274459999956 ], [ 109.35182424, -0.058274009999938 ], [ 109.35182393, -0.058273639999933 ], [ 109.351879054, -0.058194205999943 ], [ 109.35199141, -0.058032299999988 ], [ 109.35201768, -0.057994279999948 ], [ 109.35250947, -0.057194239999947 ], [ 109.35282064, -0.056718179999966 ], [ 109.35306483, -0.056331769999928 ], [ 109.35327172, -0.055993829999973 ], [ 109.35350356, -0.055666409999957 ], [ 109.35350465, -0.055664839999968 ], [ 109.35364546, -0.055461009999934 ], [ 109.353728289, -0.055341147999975 ], [ 109.35381106, -0.055221369999979 ], [ 109.35382539, -0.05520037999998 ], [ 109.353957498, -0.055027025999946 ], [ 109.35401238, -0.054955009999955 ], [ 109.354070546, -0.054858282999925 ], [ 109.35412604, -0.054766 ], [ 109.35431954, -0.054470939999939 ], [ 109.35443461, -0.054302569999953 ], [ 109.35475253, -0.053836539999968 ], [ 109.35499541, -0.053512429999958 ], [ 109.35512452, -0.053307309999986 ], [ 109.35523804, -0.053126659999975 ], [ 109.35540388, -0.052904229999972 ], [ 109.35552234, -0.052745149999976 ], [ 109.355940358371512, -0.051995008718134 ], [ 109.35600333, -0.051881719999934 ], [ 109.356043308, -0.051802123999958 ], [ 109.35613664, -0.051616299999987 ], [ 109.35619274, -0.05154707999998 ], [ 109.35630525, -0.051408339999966 ], [ 109.35640848, -0.051207179999956 ], [ 109.35644109, -0.051143719999978 ], [ 109.35644106, -0.051143699999964 ], [ 109.356441115, -0.051143595999974 ], [ 109.35664686, -0.050753479999976 ], [ 109.35666958, -0.050710409999969 ], [ 109.3566715, -0.050706769999976 ], [ 109.35667158, -0.050706629999977 ], [ 109.356770869, -0.050580489999962 ], [ 109.35680947, -0.05053144999994 ], [ 109.356870639, -0.050445027999954 ], [ 109.35692792, -0.050364099999972 ], [ 109.35710104, -0.050139539999985 ], [ 109.357276741, -0.049934 ], [ 109.35731449, -0.049889839999945 ], [ 109.35735667, -0.04984048999996 ], [ 109.35738741, -0.049799047999956 ], [ 109.357411057, -0.049767167999959 ], [ 109.35750742, -0.049637239999926 ], [ 109.35764204, -0.049465479999982 ], [ 109.35767717, -0.04942509999995 ], [ 109.35769897, -0.049397059999938 ], [ 109.35835294, -0.048657769999982 ], [ 109.358487897, -0.048499660999942 ], [ 109.358522530964777, -0.048459085245279 ], [ 109.35857118, -0.04840208999997 ], [ 109.35863112, -0.048331589999981 ], [ 109.35875978, -0.048171029999943 ], [ 109.35904629, -0.047812519999978 ], [ 109.35904768, -0.047810789999981 ], [ 109.359223580625766, -0.047607913913264 ], [ 109.359303933, -0.047515238999956 ], [ 109.359541634, -0.047241089999946 ], [ 109.359541554, -0.047241002999954 ], [ 109.360239124, -0.04642392699998 ], [ 109.360470005, -0.046621824999931 ], [ 109.360751207, -0.046862855999968 ], [ 109.360751987, -0.046863524999941 ], [ 109.360778194, -0.046885986999942 ], [ 109.36080129, -0.046911831999975 ], [ 109.360853447, -0.046970198999932 ], [ 109.360910643, -0.047034203999942 ], [ 109.360910844, -0.047034428999946 ], [ 109.361087719, -0.047232359999958 ], [ 109.361093347, -0.04723865799997 ], [ 109.361327989, -0.047501232999935 ], [ 109.361348523, -0.047524211999927 ], [ 109.361485576, -0.047677579999971 ], [ 109.361770474829115, -0.047996395314296 ], [ 109.361808338, -0.048038765999933 ], [ 109.36195701, -0.048205136999977 ], [ 109.362093114, -0.048357443999983 ], [ 109.362093937, -0.048358363999976 ], [ 109.362124007, -0.048392014999932 ], [ 109.362204161, -0.048481710999968 ], [ 109.362218709, -0.048497990999977 ], [ 109.362232349, -0.048513254999941 ], [ 109.362444356, -0.048750501999967 ], [ 109.36247933, -0.048789638999956 ], [ 109.362577524, -0.048899522999943 ], [ 109.362588584, -0.04891189999995 ], [ 109.362846122, -0.049200095999931 ], [ 109.362868111, -0.049224702999934 ], [ 109.362889369, -0.049248490999962 ], [ 109.363065993, -0.049446141999973 ], [ 109.363072865, -0.04945383299998 ], [ 109.363336146, -0.049748455999974 ], [ 109.3633597, -0.049774813999928 ], [ 109.363359857, -0.049774989999957 ], [ 109.363428925, -0.049852280999971 ], [ 109.363683537, -0.05013720399996 ], [ 109.363752526, -0.050214405999947 ], [ 109.363833462, -0.050304977999936 ], [ 109.363883136, -0.050360564999951 ], [ 109.363989325, -0.050479394999965 ], [ 109.364129964, -0.050636775999984 ], [ 109.364131989, -0.050639042999935 ], [ 109.364249476, -0.050770514999961 ], [ 109.364255425, -0.050777172999978 ], [ 109.36433396, -0.050896056999934 ], [ 109.36455498, -0.051230631999946 ], [ 109.364619836, -0.05132880899993 ], [ 109.364873075, -0.051712155999951 ], [ 109.364913539, -0.051773408999972 ], [ 109.36496814, -0.051856062999954 ], [ 109.365051349, -0.051982021999947 ], [ 109.365126937, -0.05209644499996 ], [ 109.365138522, -0.052113981999985 ], [ 109.365153476, -0.052136619999952 ], [ 109.365490306, -0.052646503999939 ], [ 109.365493267, -0.052650986999943 ], [ 109.365686362, -0.052943287999945 ], [ 109.365923462, -0.053302202999939 ], [ 109.365932801, -0.053316339999929 ], [ 109.365957815, -0.053354205999938 ], [ 109.366052537, -0.05349759299998 ], [ 109.366074735, -0.053531196999939 ], [ 109.366217215, -0.053746878999963 ], [ 109.366254129, -0.053802758999955 ], [ 109.366316158, -0.053896656999941 ], [ 109.366376695, -0.053988295999942 ], [ 109.366379941, -0.053993209999941 ], [ 109.366490009, -0.054159827999965 ], [ 109.366684246, -0.054453857999929 ], [ 109.366884415, -0.054756867999975 ], [ 109.366924869, -0.054818105999977 ], [ 109.366992417, -0.054920357999953 ], [ 109.367092289, -0.055071541999952 ], [ 109.367207433, -0.055245843999954 ], [ 109.367227849, -0.055276748999976 ], [ 109.367332349, -0.055434938999953 ], [ 109.367347112, -0.055457285999979 ], [ 109.367478928, -0.055656826999955 ], [ 109.367534703, -0.05574125699997 ], [ 109.367579731, -0.055807702999974 ], [ 109.367849764, -0.056206173999953 ], [ 109.368668848, -0.057414847999948 ], [ 109.368767238, -0.057560035999929 ], [ 109.368880958, -0.057727845999983 ], [ 109.368909111, -0.057769389999977 ], [ 109.368957857, -0.057841318999977 ], [ 109.36795592, -0.058598319999932 ], [ 109.36795589, -0.058598339999949 ], [ 109.36793717, -0.058614289999987 ], [ 109.36769809, -0.05881795999994 ], [ 109.36668717, -0.059679159999982 ], [ 109.36606884, -0.060168129999971 ], [ 109.36605745, -0.06017713999995 ], [ 109.366056022, -0.060178268999947 ], [ 109.36604542, -0.060186649999931 ], [ 109.36604536, -0.060186779999927 ], [ 109.366043962, -0.060189806999973 ], [ 109.36604057, -0.060197148999985 ], [ 109.36595348, -0.060385649999941 ], [ 109.36594987, -0.060393473999975 ], [ 109.365942322, -0.060409832999943 ], [ 109.365935018, -0.060425663999985 ], [ 109.365934549, -0.060425738999935 ], [ 109.365925934, -0.060444327999967 ], [ 109.365882356, -0.06053835799998 ], [ 109.365819794, -0.060673349999942 ], [ 109.365575711, -0.061200011999975 ], [ 109.365330809, -0.061724887999961 ], [ 109.365272612, -0.061849616999956 ], [ 109.365108208, -0.062203441999952 ], [ 109.364960713, -0.062520875999952 ], [ 109.364743596, -0.06298489999995 ], [ 109.3643157, -0.063923463999968 ], [ 109.364264146, -0.064034689999973 ], [ 109.364172888, -0.064231575999939 ], [ 109.364121849, -0.064344298999975 ], [ 109.364074879, -0.064448035999939 ], [ 109.36401789, -0.06457456699997 ], [ 109.363865641, -0.064912600999951 ], [ 109.363761037, -0.065149971999982 ], [ 109.36363882084413, -0.065427308174334 ], [ 109.363554193605523, -0.065619346570866 ], [ 109.363461832, -0.065828935999946 ], [ 109.363275292, -0.066253083999933 ], [ 109.363234327, -0.066346229999968 ], [ 109.363212479, -0.066395904999982 ], [ 109.363182196, -0.06646476199996 ], [ 109.363153557, -0.066528634999941 ], [ 109.363137875, -0.066560974999964 ], [ 109.363128147, -0.066581035999954 ], [ 109.363099303, -0.066640978999941 ], [ 109.363069576, -0.066702756999976 ], [ 109.363013062, -0.066813472999974 ], [ 109.363002173, -0.066834805999971 ], [ 109.362971628, -0.066894645999986 ], [ 109.362954631, -0.066927944999982 ], [ 109.362945262, -0.066946299999924 ], [ 109.362895624, -0.067043544999942 ], [ 109.362795253, -0.067240179999945 ], [ 109.362688597, -0.067449129999942 ], [ 109.36265796, -0.067509148999941 ], [ 109.362653143, -0.06751858699995 ], [ 109.362581557, -0.067658830999963 ], [ 109.36247221, -0.067873051999932 ], [ 109.362444863, -0.067926626999964 ], [ 109.36236606, -0.068081008999971 ], [ 109.362347962, -0.068116463999959 ], [ 109.362318356, -0.068174464999974 ], [ 109.362262373, -0.068284141999931 ], [ 109.362221254, -0.068364694999952 ], [ 109.362165395, -0.068474130999955 ], [ 109.362096287, -0.068609518999954 ], [ 109.362077466, -0.068646390999966 ], [ 109.362073003, -0.068655133999936 ], [ 109.362072485, -0.068656149999922 ], [ 109.362067057, -0.068666783999962 ], [ 109.361982828, -0.068831795999935 ], [ 109.361963833, -0.068869008999969 ], [ 109.361871934, -0.069049047999955 ], [ 109.361856913, -0.069078473999979 ], [ 109.361772889, -0.069243084999924 ], [ 109.36177236, -0.069244120999939 ], [ 109.36177233, -0.069244183999958 ], [ 109.361767263, -0.069254107999947 ], [ 109.361758724, -0.069270835999929 ], [ 109.361754771, -0.069278578999962 ], [ 109.361750177, -0.06928758 ], [ 109.361749742, -0.069288431999957 ], [ 109.36174067, -0.069306204999983 ], [ 109.361736026, -0.069315303999936 ], [ 109.361735597, -0.069316142999985 ], [ 109.36173209, -0.069323013999967 ], [ 109.361731882, -0.06932397199996 ], [ 109.36170355, -0.069379060999962 ], [ 109.361704182, -0.06937768799997 ], [ 109.36169434, -0.069396969999959 ], [ 109.361691149, -0.069402250999934 ], [ 109.361670455, -0.069436502999961 ], [ 109.36154012, -0.069652229999979 ], [ 109.36150493, -0.069616589999961 ], [ 109.36150481, -0.069616839999979 ], [ 109.361476148, -0.06958406399997 ], [ 109.361390208, -0.069485786999957 ], [ 109.359302032, -0.067097857999961 ], [ 109.35930032, -0.067095899999971 ], [ 109.358588636, -0.066274903999958 ], [ 109.358588146, -0.066274337999973 ], [ 109.35849451, -0.066166319999986 ], [ 109.358479149, -0.066148600999949 ] ] ] ] } },
{ "type": "Feature", "properties": { "fid": null, "gid": 611160.0, "kdprov": "61", "kdkab": "71", "kdkec": "040", "kddesa": "003", "iddesa": "6171040003", "nmprov": "KALIMANTAN BARAT", "nmkab": "PONTIANAK", "nmkec": "PONTIANAK UTARA", "nmdesa": "SIANTAN TENGAH", "luas": 0.023862029785286999, "sumber": "", "periode": "2024_1", "layer": null, "path": null, "idkec": "6171040" }, "geometry": { "type": "MultiPolygon", "coordinates": [ [ [ [ 109.341945378, -0.020999770999936 ], [ 109.341728085, -0.020819102999955 ], [ 109.341497075, -0.020627029999961 ], [ 109.341495617, -0.020625816999937 ], [ 109.341254459, -0.020425305999934 ], [ 109.341253893, -0.020424834999975 ], [ 109.340703502, -0.019967211999935 ], [ 109.340703471, -0.01996718699996 ], [ 109.340689633, -0.01995568199993 ], [ 109.339998808, -0.019330978999958 ], [ 109.339997646, -0.019329927999937 ], [ 109.339864155, -0.01920921499994 ], [ 109.339696781, -0.01905785999998 ], [ 109.339627898, -0.018995570999953 ], [ 109.339379539, -0.018770983999957 ], [ 109.339319146653068, -0.018716372056765 ], [ 109.338530344, -0.018003068999978 ], [ 109.338254339, -0.017753481999929 ], [ 109.337873855, -0.017409403999986 ], [ 109.338145398, -0.017083897999952 ], [ 109.338829694, -0.016263612999979 ], [ 109.3388296, -0.01626350999993 ], [ 109.338833877, -0.016260623999929 ], [ 109.3388459, -0.016252509999964 ], [ 109.338939556, -0.016159033999945 ], [ 109.338939809, -0.016159230999964 ], [ 109.33907458, -0.01602513999996 ], [ 109.33936617, -0.015735019999971 ], [ 109.33968029, -0.015387159999932 ], [ 109.33968023, -0.015387109999949 ], [ 109.339686405, -0.01538025099995 ], [ 109.339688413667346, -0.015382164395087 ], [ 109.340573080341201, -0.014268545711242 ], [ 109.340532527, -0.014236395999947 ], [ 109.340842668564392, -0.013839986598292 ], [ 109.34086625163421, -0.013809843748482 ], [ 109.340867141, -0.013808706999963 ], [ 109.34086771, -0.01380797999997 ], [ 109.340868804042103, -0.013806607692067 ], [ 109.340919073, -0.01374355299993 ], [ 109.34104887, -0.013580739999949 ], [ 109.341110846, -0.013502746999964 ], [ 109.341161723, -0.013438720999952 ], [ 109.341170305051918, -0.013427921161248 ], [ 109.341206994, -0.013381750999936 ], [ 109.34122075, -0.013364439999981 ], [ 109.341271448, -0.013296039999948 ], [ 109.341296323, -0.013262478999935 ], [ 109.341546003, -0.012925614999971 ], [ 109.34155393, -0.012914919999956 ], [ 109.34157637, -0.012884969999961 ], [ 109.34163576, -0.01280561999994 ], [ 109.341647728, -0.012790419999935 ], [ 109.34164805, -0.012790009999949 ], [ 109.342047612, -0.012280797999946 ], [ 109.342079341, -0.012240361999953 ], [ 109.34211193, -0.012198829999931 ], [ 109.342307867, -0.011933510999936 ], [ 109.34233548, -0.011896119999971 ], [ 109.34233551, -0.011896089999949 ], [ 109.342469016, -0.011715256999942 ], [ 109.34247024, -0.011713599999955 ], [ 109.34247064, -0.011713059999973 ], [ 109.342677061, -0.011516367999953 ], [ 109.34278423, -0.011414249999978 ], [ 109.34284939, -0.011352126999963 ], [ 109.34287799, -0.011324859999948 ], [ 109.342958767, -0.011183941999955 ], [ 109.34296826, -0.011167379999962 ], [ 109.34305038, -0.011023899999947 ], [ 109.34304846, -0.010993939999943 ], [ 109.343045676, -0.010951182999976 ], [ 109.343038078, -0.010917578999973 ], [ 109.343038017, -0.010917309999966 ], [ 109.343037806, -0.010916377999942 ], [ 109.343372789, -0.010395697999975 ], [ 109.343442243, -0.010287741999955 ], [ 109.343516653, -0.010172081999938 ], [ 109.343530124, -0.01015114399997 ], [ 109.343569984, -0.010071942999964 ], [ 109.343745556, -0.009723076999932 ], [ 109.343753369, -0.009651024999931 ], [ 109.34375427, -0.009643069999926 ], [ 109.343758406, -0.00960647099993 ], [ 109.34375846, -0.009605989999966 ], [ 109.3437585, -0.009605919999961 ], [ 109.343760133, -0.009602813999953 ], [ 109.343784193, -0.009557035999944 ], [ 109.344009034, -0.009129242999968 ], [ 109.34403266, -0.009084289999978 ], [ 109.34404301, -0.009064649999977 ], [ 109.344190216, -0.00871122199994 ], [ 109.34441424, -0.008173359999939 ], [ 109.343893751, -0.007971720999938 ], [ 109.34389336, -0.007971569999948 ], [ 109.34389336, -0.007971451999941 ], [ 109.343893379, -0.007966228999977 ], [ 109.34389364, -0.007893389999939 ], [ 109.34389365, -0.007893179999946 ], [ 109.34389366, -0.007893039999947 ], [ 109.343896686274903, -0.007851282239707 ], [ 109.343899796, -0.007808372999933 ], [ 109.343912269, -0.007781464999938 ], [ 109.344022541, -0.007543573999951 ], [ 109.344022541, -0.007543240999951 ], [ 109.34402256, -0.00754319999994 ], [ 109.344022541, -0.007539068999962 ], [ 109.344022541, -0.007407553999947 ], [ 109.344022541, -0.007406480999981 ], [ 109.344123091, -0.00726608899993 ], [ 109.34415192, -0.00722583699997 ], [ 109.344170825, -0.007199441999951 ], [ 109.344172636, -0.007195030999983 ], [ 109.344393118, -0.006658015999964 ], [ 109.344422691, -0.006582297999957 ], [ 109.344561228, -0.006227593999945 ], [ 109.344605002, -0.006115516999963 ], [ 109.344665987, -0.005970936999981 ], [ 109.344869582, -0.005488260999927 ], [ 109.344900321, -0.005415385999931 ], [ 109.344915401, -0.005378483999949 ], [ 109.344921285, -0.005364084999946 ], [ 109.344955499, -0.005280355999961 ], [ 109.344958564, -0.005272950999942 ], [ 109.344970925, -0.005243089999974 ], [ 109.345084273, -0.004969262999974 ], [ 109.345422519, -0.004152128999977 ], [ 109.345464595, -0.004050480999979 ], [ 109.345545681, -0.003854593999963 ], [ 109.345548499, -0.003847787999979 ], [ 109.345683365, -0.00352221099997 ], [ 109.34572925, -0.003412619999949 ], [ 109.345802238, -0.003238296999937 ], [ 109.345817167, -0.003202640999974 ], [ 109.345820043, -0.003196412999956 ], [ 109.345914235, -0.002992473999937 ], [ 109.345954354, -0.002905610999963 ], [ 109.346040448, -0.002722659999957 ], [ 109.34609812, -0.002597859999981 ], [ 109.34610134, -0.002590899999969 ], [ 109.34610144, -0.002590719999953 ], [ 109.34610152, -0.002590549999977 ], [ 109.346107936, -0.002579248999951 ], [ 109.34614505, -0.002513879999934 ], [ 109.34636511, -0.002126179999959 ], [ 109.346374702, -0.00210530199997 ], [ 109.34637723, -0.002099799999938 ], [ 109.34637741, -0.002099439999939 ], [ 109.346507464, -0.001815134999958 ], [ 109.34654155, -0.001740620999956 ], [ 109.346712092, -0.001367806999952 ], [ 109.34674326, -0.001299672999949 ], [ 109.346784088, -0.001210418999971 ], [ 109.346832559, -0.001104458999983 ], [ 109.346846758, -0.001073419999951 ], [ 109.346857617, -0.001049212999929 ], [ 109.34685855, -0.001047171999978 ], [ 109.346911022, -0.000932483999979 ], [ 109.346954593, -0.000837250999951 ], [ 109.346956928, -0.000832580999948 ], [ 109.346958782, -0.000828527999945 ], [ 109.34697943, -0.00078338999993 ], [ 109.34698231, -0.000777909999958 ], [ 109.34709632, -0.00056116999997 ], [ 109.34709651, -0.000560819999979 ], [ 109.347097279, -0.000559524999977 ], [ 109.34710266, -0.000550459999952 ], [ 109.347102853, -0.000550134999967 ], [ 109.347161959, -0.000450706999969 ], [ 109.347369914, -0.000100880999987 ], [ 109.34743342, 0.000005950000059 ], [ 109.347439584, 0.00001580200006 ], [ 109.347446807, 0.000027898000042 ], [ 109.347451821, 0.000036422000057 ], [ 109.347605936, 0.000282331000057 ], [ 109.347731985, 0.00048345500005 ], [ 109.347732627, 0.000484480000059 ], [ 109.347736604, 0.000490826000026 ], [ 109.347865431, 0.00069638400003 ], [ 109.347878336442847, 0.000716975957774 ], [ 109.347907501, 0.000763511000052 ], [ 109.347986427, 0.000932379000058 ], [ 109.347990928, 0.000942008000031 ], [ 109.348029093, 0.001022474000019 ], [ 109.34810501, 0.001184798000044 ], [ 109.34810786, 0.001190890000035 ], [ 109.348216469, 0.001332872000024 ], [ 109.348221732, 0.001339752000025 ], [ 109.348390536, 0.001560425000035 ], [ 109.348495857, 0.001698108000027 ], [ 109.34862102, 0.001861730000023 ], [ 109.348625586, 0.001867677000062 ], [ 109.34875378, 0.002034630000015 ], [ 109.34875375, 0.002034650000032 ], [ 109.3487559, 0.002037400000069 ], [ 109.34875678, 0.002038520000042 ], [ 109.348757328, 0.002039146000071 ], [ 109.348765053, 0.002047971000024 ], [ 109.348774444, 0.002060200000073 ], [ 109.349082196, 0.002410267000074 ], [ 109.349126603, 0.002460997000069 ], [ 109.34927927, 0.002635400000026 ], [ 109.34948478, 0.002889310000059 ], [ 109.3494849, 0.002889400000065 ], [ 109.349593254, 0.002981220000042 ], [ 109.349708958, 0.00308054200001 ], [ 109.349759382, 0.003166003000042 ], [ 109.349937038, 0.003466907000073 ], [ 109.349985022, 0.003548302000066 ], [ 109.349986039, 0.003550027000073 ], [ 109.349985981, 0.003550042000026 ], [ 109.349104156, 0.003781792000033 ], [ 109.34851102, 0.003937672000064 ], [ 109.34861944, 0.004944933000047 ], [ 109.348706553, 0.005828221000054 ], [ 109.349118536, 0.005823723000045 ], [ 109.349314006, 0.005821590000042 ], [ 109.349283686, 0.007064705000059 ], [ 109.349281287, 0.007163036000062 ], [ 109.349297306, 0.00790049900007 ], [ 109.349330728, 0.009439173000034 ], [ 109.349366421, 0.011082331000065 ], [ 109.349388322, 0.012090615 ], [ 109.350241594, 0.015885799000043 ], [ 109.355517473196215, 0.014595297372897 ], [ 109.35468115, 0.011163270000052 ], [ 109.35449505, 0.009483935000033 ], [ 109.354455021, 0.00912272500005 ], [ 109.354442626, 0.009010874000064 ], [ 109.354312548, 0.008073784000034 ], [ 109.354164348, 0.007006135000036 ], [ 109.354337227, 0.006944076000033 ], [ 109.354193084, 0.006655789000037 ], [ 109.354175018, 0.006499214000033 ], [ 109.354138402, 0.006181878000052 ], [ 109.35428422, 0.006090742000011 ], [ 109.354244546, 0.006003459000049 ], [ 109.354234095, 0.006008719000022 ], [ 109.354228948, 0.005994215000045 ], [ 109.35409273, 0.005610327000057 ], [ 109.353934895, 0.00516551800007 ], [ 109.353933344, 0.005161148000065 ], [ 109.354653324, 0.004769260000043 ], [ 109.354647359, 0.004758524000065 ], [ 109.354607755, 0.00468723700004 ], [ 109.354343459, 0.004240668000019 ], [ 109.354675933, 0.004064652000071 ], [ 109.35362233, 0.002637540000017 ], [ 109.35362213, 0.00263756000004 ], [ 109.353620233, 0.002619563000048 ], [ 109.35361932, 0.002610900000026 ], [ 109.35361931, 0.002610830000034 ], [ 109.353616308, 0.002584252000019 ], [ 109.353473136378966, 0.001316712887384 ], [ 109.35337482, 0.000446290000069 ], [ 109.353368433, 0.000390130000021 ], [ 109.353336577, 0.000110027000063 ], [ 109.35329695, -0.000238409999949 ], [ 109.35329495, -0.000256019999939 ], [ 109.353295, -0.000256039999954 ], [ 109.353241238, -0.000732668999942 ], [ 109.353194416, -0.001147764999932 ], [ 109.353190831, -0.001179559999964 ], [ 109.3531879, -0.001205539999952 ], [ 109.353088393, -0.002087738999935 ], [ 109.353063721, -0.002306466999927 ], [ 109.352972115, -0.003118614999943 ], [ 109.352983441, -0.003093336999938 ], [ 109.355624243, -0.005279807999955 ], [ 109.355587136, -0.005580375999965 ], [ 109.355567452, -0.005739818999928 ], [ 109.355567369, -0.005739926999986 ], [ 109.355566917, -0.005740516999943 ], [ 109.355508848, -0.005737377999931 ], [ 109.355398703, -0.005921489999937 ], [ 109.355247468, -0.006124607999943 ], [ 109.355248127, -0.006134823999959 ], [ 109.355244316, -0.006131647999951 ], [ 109.355207132, -0.006193986999967 ], [ 109.35552532, -0.006325650999942 ], [ 109.355402762, -0.006720561999936 ], [ 109.355395739, -0.006810216999957 ], [ 109.355395665, -0.006811156999965 ], [ 109.355362024, -0.006814360999957 ], [ 109.355289389, -0.007082160999975 ], [ 109.35466365, -0.006843989999934 ], [ 109.354663008, -0.006844804999962 ], [ 109.354405294, -0.007172037999975 ], [ 109.354332987, -0.007263849999966 ], [ 109.35428964, -0.007318889999967 ], [ 109.35367612, -0.00810378999996 ], [ 109.35339117, -0.008468169999963 ], [ 109.35336047, -0.008507579999963 ], [ 109.35463838, -0.008999779999957 ], [ 109.35463841, -0.00899979999997 ], [ 109.354636468, -0.009003292999981 ], [ 109.35462518, -0.009023599999985 ], [ 109.354469335, -0.00930414699997 ], [ 109.35421865, -0.009755419999979 ], [ 109.3542196, -0.009755939999936 ], [ 109.35421888, -0.009757229999939 ], [ 109.353993801, -0.010161975999951 ], [ 109.353850515, -0.010419638999966 ], [ 109.353595204, -0.01087874899998 ], [ 109.353780761203751, -0.011008638994811 ], [ 109.35366985346208, -0.011179033616102 ], [ 109.353612997706406, -0.011135444203421 ], [ 109.353491742246192, -0.011342977587244 ], [ 109.35424958887252, -0.011809344741902 ], [ 109.354159772754215, -0.012002120800697 ], [ 109.354096917, -0.012167907999926 ], [ 109.354077015, -0.012167475999952 ], [ 109.354075466, -0.012181660999945 ], [ 109.354042216, -0.01248543099996 ], [ 109.353798268, -0.012838246999934 ], [ 109.353761364, -0.012891620999941 ], [ 109.353735832, -0.012877693999948 ], [ 109.353586331, -0.013059231999934 ], [ 109.353582641, -0.01305641799996 ], [ 109.353369101, -0.013288526999936 ], [ 109.352965232, -0.01304713399998 ], [ 109.352964996, -0.013047517999959 ], [ 109.352533733, -0.012702400999956 ], [ 109.352522817, -0.01269443799993 ], [ 109.352387732, -0.012875611999959 ], [ 109.352706792, -0.013107486999968 ], [ 109.35258855, -0.013277069999961 ], [ 109.35249443, -0.013218958999975 ], [ 109.35249414, -0.013219347999953 ], [ 109.352452822, -0.01319584 ], [ 109.352435783, -0.013529395999975 ], [ 109.352423867, -0.013651310999943 ], [ 109.352422596, -0.013664309999973 ], [ 109.352413973, -0.013716768999933 ], [ 109.352720357, -0.013900132999936 ], [ 109.352737549, -0.013913188999938 ], [ 109.352713095, -0.013957323999939 ], [ 109.352713474, -0.01395752299993 ], [ 109.35256722, -0.014464345999955 ], [ 109.352490472, -0.014442624999957 ], [ 109.352486115, -0.014443950999987 ], [ 109.35249192, -0.01444552099998 ], [ 109.352342769, -0.014862563999941 ], [ 109.352341467967634, -0.014862295010446 ], [ 109.352237070934123, -0.015160155078106 ], [ 109.352213537440321, -0.01513988366618 ], [ 109.3522132, -0.015139592999959 ], [ 109.351950683, -0.015107964999977 ], [ 109.35182851, -0.01509324499995 ], [ 109.351827899, -0.01509317099994 ], [ 109.351820385, -0.015106595999958 ], [ 109.351539819, -0.015607892999923 ], [ 109.351539391, -0.015608657999959 ], [ 109.351034715, -0.015423114999988 ], [ 109.351032232, -0.015422473999939 ], [ 109.35068054, -0.015331669999964 ], [ 109.350680448, -0.015331853999964 ], [ 109.35047157, -0.015748179999954 ], [ 109.35022721, -0.016235239999959 ], [ 109.35022118, -0.016249292999928 ], [ 109.350108728, -0.016808738999949 ], [ 109.349662915, -0.01782530599997 ], [ 109.349581473, -0.017785531999952 ], [ 109.349581223, -0.017786581999933 ], [ 109.349452268, -0.017776344999954 ], [ 109.34943835, -0.017908549999965 ], [ 109.34943834, -0.017908651999968 ], [ 109.349558144, -0.017918375999959 ], [ 109.34950744, -0.018735169999958 ], [ 109.349482802, -0.018746838999961 ], [ 109.34943736, -0.018768359999968 ], [ 109.34943722, -0.018768379999929 ], [ 109.34943722, -0.018768409999954 ], [ 109.349436568, -0.018768393999953 ], [ 109.349436527, -0.018766416999939 ], [ 109.348955769, -0.01875685199997 ], [ 109.348955739, -0.018757942999973 ], [ 109.348946543, -0.019200035999978 ], [ 109.3489403, -0.019505658999954 ], [ 109.348939206, -0.019558602999945 ], [ 109.348780305, -0.019546908999937 ], [ 109.348777852, -0.019698978999952 ], [ 109.348701, -0.019697343999952 ], [ 109.34870754, -0.019790547999955 ], [ 109.348523584, -0.019803629999961 ], [ 109.348529289, -0.019916443999937 ], [ 109.348531777, -0.019916331999985 ], [ 109.348529307, -0.019918908999955 ], [ 109.348538301, -0.020026828999965 ], [ 109.348939936, -0.019995061999972 ], [ 109.348941498, -0.020067844999971 ], [ 109.348838407, -0.020077301999956 ], [ 109.348841452, -0.020311745999953 ], [ 109.348477919, -0.020351136999977 ], [ 109.348478251, -0.020354869999946 ], [ 109.348527049, -0.020901247999975 ], [ 109.34852971, -0.020931041999969 ], [ 109.34855613, -0.021226867999927 ], [ 109.348570737, -0.021390416999967 ], [ 109.348578475, -0.021502618999934 ], [ 109.348592592, -0.021643783999935 ], [ 109.348606708, -0.021815534999976 ], [ 109.348644975, -0.022221669999971 ], [ 109.348331903, -0.022267093999981 ], [ 109.348214862, -0.022284076999941 ], [ 109.348126505, -0.02229689799998 ], [ 109.348067061, -0.022305522999949 ], [ 109.347985204, -0.022317400999964 ], [ 109.347634669, -0.022368264999962 ], [ 109.347611517, -0.022371623999955 ], [ 109.3475424, -0.022381652999974 ], [ 109.347314903, -0.022436367999949 ], [ 109.347311631, -0.022437154999977 ], [ 109.346730968, -0.022576807999938 ], [ 109.346550848, -0.022620127999981 ], [ 109.346542593, -0.022622112999957 ], [ 109.346493501986771, -0.022633919503885 ], [ 109.346453571, -0.02264352299995 ], [ 109.346244522, -0.022693800999951 ], [ 109.3460929, -0.022730266999926 ], [ 109.345709114, -0.022822569999967 ], [ 109.345669996, -0.022833125999972 ], [ 109.34558824, -0.022855186999953 ], [ 109.344615506, -0.023117671999955 ], [ 109.344250695, -0.023216112999942 ], [ 109.344247136, -0.023217072999965 ], [ 109.344161317, -0.023118995999939 ], [ 109.34413525, -0.023089204999972 ], [ 109.343808397, -0.022715663999974 ], [ 109.343330313, -0.022169288999988 ], [ 109.34329081, -0.022124142999928 ], [ 109.343272467, -0.02210317899995 ], [ 109.342772059, -0.021687114999973 ], [ 109.342765159, -0.021681377999926 ], [ 109.34264033, -0.021577588999954 ], [ 109.342194276, -0.021206716999933 ], [ 109.34218971, -0.021202920999948 ], [ 109.341945378, -0.020999770999936 ] ] ] ] } },
{ "type": "Feature", "properties": { "fid": null, "gid": 611752.0, "kdprov": "61", "kdkab": "71", "kdkec": "040", "kddesa": "002", "iddesa": "6171040002", "nmprov": "KALIMANTAN BARAT", "nmkab": "PONTIANAK", "nmkec": "PONTIANAK UTARA", "nmdesa": "SIANTAN HILIR", "luas": 0.056263957473336998, "sumber": "", "periode": "2024_1", "layer": null, "path": null, "idkec": "6171040" }, "geometry": { "type": "MultiPolygon", "coordinates": [ [ [ [ 109.329752609435772, -0.01058489990414 ], [ 109.329174649, -0.010095855999969 ], [ 109.329174593, -0.010095808999954 ], [ 109.328609183, -0.009617384999961 ], [ 109.328604464, -0.009613391999955 ], [ 109.328281937, -0.009340484999947 ], [ 109.328241279, -0.009304292999958 ], [ 109.328034175, -0.009129223999933 ], [ 109.328033305, -0.00913010399995 ], [ 109.327988471, -0.009092166999947 ], [ 109.32795412, -0.009063100999926 ], [ 109.327945035, -0.00905541299994 ], [ 109.3279449, -0.009055558999931 ], [ 109.327807839622679, -0.008939551889344 ], [ 109.326868033, -0.00814410499994 ], [ 109.326859976, -0.008137287999944 ], [ 109.326760108, -0.008052783999971 ], [ 109.326524983, -0.007853831999972 ], [ 109.326188905, -0.007569457999984 ], [ 109.32588856, -0.007304606999987 ], [ 109.325888482, -0.007304538999965 ], [ 109.325635105, -0.007081105999934 ], [ 109.325518818, -0.006978561999978 ], [ 109.325439706, -0.006908799999958 ], [ 109.325055353, -0.006569870999959 ], [ 109.324735799, -0.006288082999964 ], [ 109.324507433, -0.006086705999968 ], [ 109.324463751, -0.006048185999929 ], [ 109.324241217, -0.005851951999948 ], [ 109.323726275, -0.005397866999942 ], [ 109.323726193, -0.005397794999968 ], [ 109.323358547, -0.005073597999963 ], [ 109.323135869, -0.004877236999964 ], [ 109.323133579, -0.004875216999951 ], [ 109.322992273, -0.004750610999969 ], [ 109.322711215, -0.004502767999955 ], [ 109.322710942, -0.004502527999931 ], [ 109.322698296, -0.004491376999963 ], [ 109.322355688, -0.004189258999935 ], [ 109.322067582, -0.003935201999985 ], [ 109.321841608, -0.003735934999948 ], [ 109.32324495398781, -0.001891731379211 ], [ 109.323565104786852, -0.001137403469154 ], [ 109.323775614901294, -0.000755853886742 ], [ 109.323830747514791, -0.000694331587772 ], [ 109.323911021146728, -0.000589200046148 ], [ 109.324053628, -0.000445619999946 ], [ 109.324159357297304, -0.00042912464663 ], [ 109.324529942811253, -0.00028878457034 ], [ 109.324569413457709, -0.000201072022659 ], [ 109.324532135624949, 0.000055487179307 ], [ 109.324453194332023, 0.000224333833593 ], [ 109.324309565035179, 0.000416205031646 ], [ 109.324327107544718, 0.000500628358788 ], [ 109.32448996, 0.000640100000062 ], [ 109.32473637, 0.000862500000035 ], [ 109.324850814, 0.001066549000027 ], [ 109.324863821, 0.001183272000045 ], [ 109.324936044, 0.00132013900002 ], [ 109.3249895171585, 0.001429863140659 ], [ 109.324970039, 0.001529703000075 ], [ 109.3250245, 0.001638310000026 ], [ 109.32506808, 0.00169677000002 ], [ 109.325118725, 0.001735001000044 ], [ 109.325267732, 0.001850800000055 ], [ 109.32534407, 0.002073010000056 ], [ 109.32546293, 0.002218320000043 ], [ 109.325521107, 0.002384815000018 ], [ 109.325544827986093, 0.002454793467572 ], [ 109.325577841462035, 0.002567430508434 ], [ 109.325640191, 0.00280723600002 ], [ 109.32572623, 0.003073710000015 ], [ 109.32591915, 0.003453835000064 ], [ 109.325934329, 0.003505438000032 ], [ 109.325925698, 0.003634901000048 ], [ 109.325797113, 0.004186601000067 ], [ 109.325796233, 0.004190374000071 ], [ 109.326208643, 0.005521082000026 ], [ 109.326229124, 0.005587167000042 ], [ 109.325751887, 0.007105126000047 ], [ 109.325754775, 0.007114861000047 ], [ 109.325755786, 0.007118269000041 ], [ 109.32575583, 0.007119263000047 ], [ 109.32575596, 0.007119700000033 ], [ 109.32575597, 0.007119730000054 ], [ 109.325760222, 0.00721811000004 ], [ 109.32574285, 0.007288020000029 ], [ 109.32572623, 0.007354980000055 ], [ 109.32572623, 0.007573100000056 ], [ 109.325715181, 0.007706587000031 ], [ 109.32570721, 0.007802880000041 ], [ 109.32570079, 0.007879960000016 ], [ 109.32570078, 0.007880490000047 ], [ 109.32570073, 0.00788105000004 ], [ 109.3256972720161, 0.007983208645471 ], [ 109.325693201, 0.008103478000073 ], [ 109.32568799, 0.008257420000062 ], [ 109.32564126, 0.008492660000053 ], [ 109.325630954, 0.008575669000027 ], [ 109.325628481, 0.008596797000044 ], [ 109.325610167, 0.008648847000075 ], [ 109.32558605, 0.008719250000061 ], [ 109.32558296, 0.008740940000045 ], [ 109.32558102, 0.008754535000038 ], [ 109.325565945, 0.008865925000066 ], [ 109.325552544, 0.008998814000046 ], [ 109.325560361, 0.009120535000021 ], [ 109.325568267, 0.00919169000002 ], [ 109.3255695, 0.009202400000054 ], [ 109.32557746, 0.009271480000058 ], [ 109.32557746, 0.009271540000048 ], [ 109.32556059, 0.00938667000003 ], [ 109.32556059, 0.009386700000047 ], [ 109.32555631, 0.009614020000071 ], [ 109.32555623, 0.00961838900002 ], [ 109.32555606, 0.009627660000025 ], [ 109.325557594, 0.009653841000041 ], [ 109.325560361, 0.009725794000078 ], [ 109.32556214, 0.00973608500004 ], [ 109.32556304, 0.009741292000053 ], [ 109.325587529, 0.009882976000028 ], [ 109.325625910755974, 0.010108392686744 ], [ 109.325637, 0.010173520000024 ], [ 109.32571771, 0.010768020000059 ], [ 109.325722592, 0.010803714000072 ], [ 109.32579843, 0.011358240000046 ], [ 109.325804149, 0.011407505000022 ], [ 109.325836189, 0.011687858000075 ], [ 109.325881653, 0.011743323000074 ], [ 109.325892025, 0.011755977000071 ], [ 109.32589331, 0.011771685000028 ], [ 109.325922176, 0.012124493000038 ], [ 109.325927468, 0.012157044000045 ], [ 109.325959028, 0.012351185000065 ], [ 109.325961917, 0.012376905000038 ], [ 109.326036545, 0.013041205000026 ], [ 109.32603799, 0.013049280000073 ], [ 109.32603875, 0.01305593000005 ], [ 109.32603878, 0.013056220000068 ], [ 109.326087409, 0.013328764000054 ], [ 109.326129885, 0.013563935000027 ], [ 109.326134352, 0.013830830000075 ], [ 109.326154749, 0.013930342000037 ], [ 109.32617229, 0.014014610000061 ], [ 109.32618263, 0.014125590000035 ], [ 109.32618297, 0.014126040000055 ], [ 109.32620625, 0.014369250000068 ], [ 109.3262273, 0.014491080000021 ], [ 109.326235428, 0.014538133000025 ], [ 109.32626727, 0.014722460000024 ], [ 109.32627423, 0.014762730000024 ], [ 109.326307598, 0.015085834000045 ], [ 109.326328403, 0.015281488000027 ], [ 109.32633834, 0.015373570000065 ], [ 109.326340692, 0.015397055000044 ], [ 109.326358634, 0.015565774000033 ], [ 109.326410203, 0.015873900000031 ], [ 109.326563092, 0.01701244000002 ], [ 109.326563119, 0.017012633000037 ], [ 109.326569333, 0.017120410000071 ], [ 109.326584329, 0.017380260000027 ], [ 109.326584327, 0.017380314000032 ], [ 109.326578481, 0.01742744000006 ], [ 109.326576883, 0.017440301000021 ], [ 109.32657584, 0.017448703000064 ], [ 109.326287308, 0.018279066000042 ], [ 109.326173284, 0.018619644000062 ], [ 109.325982841, 0.01918848100007 ], [ 109.32598188, 0.019191350000018 ], [ 109.3259768, 0.01920653 ], [ 109.325948466, 0.019334900000039 ], [ 109.32593432, 0.019398990000072 ], [ 109.325883071, 0.019542026000053 ], [ 109.32588088, 0.019548140000048 ], [ 109.32586016, 0.019605990000053 ], [ 109.32584, 0.019661210000028 ], [ 109.32565436, 0.020288380000063 ], [ 109.325578236, 0.020510681000081 ], [ 109.32557047, 0.020533360000054 ], [ 109.32531404, 0.021272310000023 ], [ 109.325081678, 0.022024300000051 ], [ 109.32502956, 0.022192969000053 ], [ 109.32492797, 0.022521740000059 ], [ 109.324920518, 0.022545568000054 ], [ 109.324685975, 0.023305020000065 ], [ 109.324385579, 0.024215141000067 ], [ 109.324368238, 0.024269973000052 ], [ 109.324314268, 0.024440620000063 ], [ 109.323800928, 0.026089364000029 ], [ 109.323766233, 0.026200798000044 ], [ 109.323091382, 0.028378622000037 ], [ 109.32275217, 0.029526870000033 ], [ 109.322752099, 0.02952704800003 ], [ 109.322752075, 0.029527119000016 ], [ 109.3227249, 0.029595490000019 ], [ 109.32269373, 0.029672890000024 ], [ 109.32264318, 0.029841740000059 ], [ 109.32256948, 0.030078600000026 ], [ 109.32255663, 0.030130870000049 ], [ 109.32246327, 0.03051057000004 ], [ 109.322419731, 0.030674351000069 ], [ 109.32228431, 0.031183760000038 ], [ 109.32225173, 0.031306330000055 ], [ 109.32192765, 0.032504540000044 ], [ 109.32190416, 0.032590290000037 ], [ 109.32190304, 0.032594310000032 ], [ 109.32190299, 0.032594540000045 ], [ 109.32186554, 0.032770710000024 ], [ 109.321846794, 0.032858553000035 ], [ 109.32178084, 0.033167610000014 ], [ 109.32176473, 0.033227670000032 ], [ 109.32169277, 0.033500080000059 ], [ 109.32164845, 0.03366884000007 ], [ 109.32164324, 0.033688700000015 ], [ 109.321643136, 0.033689486000072 ], [ 109.32163864, 0.033723410000051 ], [ 109.32163592, 0.033743930000063 ], [ 109.321627832, 0.033804893000023 ], [ 109.32162774, 0.033804820000065 ], [ 109.32162611, 0.033817450000071 ], [ 109.32160897, 0.03389453000005 ], [ 109.32156149, 0.034105390000028 ], [ 109.3215477, 0.034189880000042 ], [ 109.32153068, 0.034294170000059 ], [ 109.32149695, 0.034497660000043 ], [ 109.32147754, 0.034622050000051 ], [ 109.321473491, 0.034648008000021 ], [ 109.32146502, 0.034702310000057 ], [ 109.32146498, 0.03473721000005 ], [ 109.32146487, 0.034830760000027 ], [ 109.32145959, 0.034870940000073 ], [ 109.321456046, 0.034897920000046 ], [ 109.32143817, 0.035034010000057 ], [ 109.32138775, 0.03541782 ], [ 109.321382, 0.035461140000057 ], [ 109.321382968, 0.035460947000053 ], [ 109.321382945, 0.035461125000029 ], [ 109.321849386, 0.035368763000065 ], [ 109.322283154, 0.035256529000036 ], [ 109.32242423, 0.035220200000023 ], [ 109.322902848, 0.035125301000047 ], [ 109.323289654, 0.035050249000041 ], [ 109.324333246, 0.034772839000034 ], [ 109.324522839, 0.034722441000044 ], [ 109.325992868, 0.03428990700007 ], [ 109.32610181, 0.034257920000061 ], [ 109.326318834, 0.034186733000072 ], [ 109.32639081, 0.034163124000022 ], [ 109.326399297, 0.034160340000025 ], [ 109.32669261, 0.034064130000042 ], [ 109.326793987, 0.034046859000048 ], [ 109.3271241, 0.033990620000043 ], [ 109.327181895, 0.033978877000043 ], [ 109.327891464, 0.03383579600006 ], [ 109.328337909, 0.033720282000044 ], [ 109.329683486, 0.033305058000042 ], [ 109.330339103, 0.033127105000068 ], [ 109.330416664, 0.033103768000037 ], [ 109.330485664, 0.033083007000061 ], [ 109.33082978, 0.032980960000036 ], [ 109.331506836, 0.032775753000063 ], [ 109.331561461, 0.032759317000055 ], [ 109.331561746, 0.032759051000029 ], [ 109.332382326, 0.03245913800003 ], [ 109.332577569, 0.032390315000042 ], [ 109.333710851, 0.031937627000036 ], [ 109.333713807, 0.031936456000033 ], [ 109.33546853, 0.031241424000033 ], [ 109.33602505, 0.031016315000045 ], [ 109.33713386, 0.030571440000071 ], [ 109.338003046, 0.030291955000059 ], [ 109.338040097, 0.030280041000019 ], [ 109.33901644, 0.029966100000029 ], [ 109.339355552, 0.029894017000054 ], [ 109.34000292, 0.029756410000062 ], [ 109.34102871, 0.029562540000027 ], [ 109.34223922, 0.029317250000014 ], [ 109.342617747, 0.029256552000044 ], [ 109.342579658, 0.029262579000036 ], [ 109.342338228796933, 0.027567889803801 ], [ 109.341793133, 0.023741642 ], [ 109.341544641, 0.021997373 ], [ 109.340924557, 0.017644692 ], [ 109.348049347, 0.016466155 ], [ 109.348050213, 0.016466012 ], [ 109.348048481, 0.01642217 ], [ 109.350241594, 0.015885799000043 ], [ 109.349388322, 0.012090615 ], [ 109.349366421, 0.011082331000065 ], [ 109.349330728, 0.009439173000034 ], [ 109.349297306, 0.00790049900007 ], [ 109.349281287, 0.007163036000062 ], [ 109.349283686, 0.007064705000059 ], [ 109.349314006, 0.005821590000042 ], [ 109.349118536, 0.005823723000045 ], [ 109.348706553, 0.005828221000054 ], [ 109.34861944, 0.004944933000047 ], [ 109.34851102, 0.003937672000064 ], [ 109.349104156, 0.003781792000033 ], [ 109.349985981, 0.003550042000026 ], [ 109.349986039, 0.003550027000073 ], [ 109.349985022, 0.003548302000066 ], [ 109.349937038, 0.003466907000073 ], [ 109.349759382, 0.003166003000042 ], [ 109.349708958, 0.00308054200001 ], [ 109.349593254, 0.002981220000042 ], [ 109.3494849, 0.002889400000065 ], [ 109.34948478, 0.002889310000059 ], [ 109.34927927, 0.002635400000026 ], [ 109.349126603, 0.002460997000069 ], [ 109.349082196, 0.002410267000074 ], [ 109.348774444, 0.002060200000073 ], [ 109.348765053, 0.002047971000024 ], [ 109.348757328, 0.002039146000071 ], [ 109.34875678, 0.002038520000042 ], [ 109.3487559, 0.002037400000069 ], [ 109.34875375, 0.002034650000032 ], [ 109.34875378, 0.002034630000015 ], [ 109.348625586, 0.001867677000062 ], [ 109.34862102, 0.001861730000023 ], [ 109.348495857, 0.001698108000027 ], [ 109.348390536, 0.001560425000035 ], [ 109.348221732, 0.001339752000025 ], [ 109.348216469, 0.001332872000024 ], [ 109.34810786, 0.001190890000035 ], [ 109.34810501, 0.001184798000044 ], [ 109.348029093, 0.001022474000019 ], [ 109.347990928, 0.000942008000031 ], [ 109.347986427, 0.000932379000058 ], [ 109.347907501, 0.000763511000052 ], [ 109.347878336442847, 0.000716975957774 ], [ 109.347865431, 0.00069638400003 ], [ 109.347736604, 0.000490826000026 ], [ 109.347732627, 0.000484480000059 ], [ 109.347731985, 0.00048345500005 ], [ 109.347605936, 0.000282331000057 ], [ 109.347451821, 0.000036422000057 ], [ 109.347446807, 0.000027898000042 ], [ 109.347439584, 0.00001580200006 ], [ 109.34743342, 0.000005950000059 ], [ 109.347369914, -0.000100880999987 ], [ 109.347161959, -0.000450706999969 ], [ 109.347102853, -0.000550134999967 ], [ 109.34710266, -0.000550459999952 ], [ 109.347097279, -0.000559524999977 ], [ 109.34709651, -0.000560819999979 ], [ 109.34709632, -0.00056116999997 ], [ 109.34698231, -0.000777909999958 ], [ 109.34697943, -0.00078338999993 ], [ 109.346958782, -0.000828527999945 ], [ 109.346956928, -0.000832580999948 ], [ 109.346954593, -0.000837250999951 ], [ 109.346911022, -0.000932483999979 ], [ 109.34685855, -0.001047171999978 ], [ 109.346857617, -0.001049212999929 ], [ 109.346846758, -0.001073419999951 ], [ 109.346832559, -0.001104458999983 ], [ 109.346784088, -0.001210418999971 ], [ 109.34674326, -0.001299672999949 ], [ 109.346712092, -0.001367806999952 ], [ 109.34654155, -0.001740620999956 ], [ 109.346507464, -0.001815134999958 ], [ 109.34637741, -0.002099439999939 ], [ 109.34637723, -0.002099799999938 ], [ 109.346374702, -0.00210530199997 ], [ 109.34636511, -0.002126179999959 ], [ 109.34614505, -0.002513879999934 ], [ 109.346107936, -0.002579248999951 ], [ 109.34610152, -0.002590549999977 ], [ 109.34610144, -0.002590719999953 ], [ 109.34610134, -0.002590899999969 ], [ 109.34609812, -0.002597859999981 ], [ 109.346040448, -0.002722659999957 ], [ 109.345954354, -0.002905610999963 ], [ 109.345914235, -0.002992473999937 ], [ 109.345820043, -0.003196412999956 ], [ 109.345817167, -0.003202640999974 ], [ 109.345802238, -0.003238296999937 ], [ 109.34572925, -0.003412619999949 ], [ 109.345683365, -0.00352221099997 ], [ 109.345548499, -0.003847787999979 ], [ 109.345545681, -0.003854593999963 ], [ 109.345464595, -0.004050480999979 ], [ 109.345422519, -0.004152128999977 ], [ 109.345084273, -0.004969262999974 ], [ 109.344970925, -0.005243089999974 ], [ 109.344958564, -0.005272950999942 ], [ 109.344955499, -0.005280355999961 ], [ 109.344921285, -0.005364084999946 ], [ 109.344915401, -0.005378483999949 ], [ 109.344900321, -0.005415385999931 ], [ 109.344869582, -0.005488260999927 ], [ 109.344665987, -0.005970936999981 ], [ 109.344605002, -0.006115516999963 ], [ 109.344561228, -0.006227593999945 ], [ 109.344422691, -0.006582297999957 ], [ 109.344393118, -0.006658015999964 ], [ 109.344172636, -0.007195030999983 ], [ 109.344170825, -0.007199441999951 ], [ 109.34415192, -0.00722583699997 ], [ 109.344123091, -0.00726608899993 ], [ 109.344022541, -0.007406480999981 ], [ 109.344022541, -0.007407553999947 ], [ 109.344022541, -0.007539068999962 ], [ 109.34402256, -0.00754319999994 ], [ 109.344022541, -0.007543240999951 ], [ 109.344022541, -0.007543573999951 ], [ 109.343912269, -0.007781464999938 ], [ 109.343899796, -0.007808372999933 ], [ 109.343896686274903, -0.007851282239707 ], [ 109.34389366, -0.007893039999947 ], [ 109.34389365, -0.007893179999946 ], [ 109.34389364, -0.007893389999939 ], [ 109.343893379, -0.007966228999977 ], [ 109.34389336, -0.007971451999941 ], [ 109.34389336, -0.007971569999948 ], [ 109.343893751, -0.007971720999938 ], [ 109.34441424, -0.008173359999939 ], [ 109.344190216, -0.00871122199994 ], [ 109.34404301, -0.009064649999977 ], [ 109.34403266, -0.009084289999978 ], [ 109.344009034, -0.009129242999968 ], [ 109.343784193, -0.009557035999944 ], [ 109.343760133, -0.009602813999953 ], [ 109.3437585, -0.009605919999961 ], [ 109.34375846, -0.009605989999966 ], [ 109.343758406, -0.00960647099993 ], [ 109.34375427, -0.009643069999926 ], [ 109.343753369, -0.009651024999931 ], [ 109.343745556, -0.009723076999932 ], [ 109.343569984, -0.010071942999964 ], [ 109.343530124, -0.01015114399997 ], [ 109.343516653, -0.010172081999938 ], [ 109.343442243, -0.010287741999955 ], [ 109.343372789, -0.010395697999975 ], [ 109.343037806, -0.010916377999942 ], [ 109.343038017, -0.010917309999966 ], [ 109.343038078, -0.010917578999973 ], [ 109.343045676, -0.010951182999976 ], [ 109.34304846, -0.010993939999943 ], [ 109.34305038, -0.011023899999947 ], [ 109.34296826, -0.011167379999962 ], [ 109.342958767, -0.011183941999955 ], [ 109.34287799, -0.011324859999948 ], [ 109.34284939, -0.011352126999963 ], [ 109.34278423, -0.011414249999978 ], [ 109.342677061, -0.011516367999953 ], [ 109.34247064, -0.011713059999973 ], [ 109.34247024, -0.011713599999955 ], [ 109.342469016, -0.011715256999942 ], [ 109.34233551, -0.011896089999949 ], [ 109.34233548, -0.011896119999971 ], [ 109.342307867, -0.011933510999936 ], [ 109.34211193, -0.012198829999931 ], [ 109.342079341, -0.012240361999953 ], [ 109.342047612, -0.012280797999946 ], [ 109.34164805, -0.012790009999949 ], [ 109.341647728, -0.012790419999935 ], [ 109.34163576, -0.01280561999994 ], [ 109.34157637, -0.012884969999961 ], [ 109.34155393, -0.012914919999956 ], [ 109.341546003, -0.012925614999971 ], [ 109.341296323, -0.013262478999935 ], [ 109.341271448, -0.013296039999948 ], [ 109.34122075, -0.013364439999981 ], [ 109.341206994, -0.013381750999936 ], [ 109.341170305051918, -0.013427921161248 ], [ 109.341161723, -0.013438720999952 ], [ 109.341110846, -0.013502746999964 ], [ 109.34104887, -0.013580739999949 ], [ 109.340919073, -0.01374355299993 ], [ 109.340868804042103, -0.013806607692067 ], [ 109.34086771, -0.01380797999997 ], [ 109.340867141, -0.013808706999963 ], [ 109.34086625163421, -0.013809843748482 ], [ 109.340842668564392, -0.013839986598292 ], [ 109.340532527, -0.014236395999947 ], [ 109.340573080341201, -0.014268545711242 ], [ 109.339688413667346, -0.015382164395087 ], [ 109.339686405, -0.01538025099995 ], [ 109.33968023, -0.015387109999949 ], [ 109.33968029, -0.015387159999932 ], [ 109.33936617, -0.015735019999971 ], [ 109.33907458, -0.01602513999996 ], [ 109.338939809, -0.016159230999964 ], [ 109.338939556, -0.016159033999945 ], [ 109.3388459, -0.016252509999964 ], [ 109.338833877, -0.016260623999929 ], [ 109.3388296, -0.01626350999993 ], [ 109.338829694, -0.016263612999979 ], [ 109.338145398, -0.017083897999952 ], [ 109.337873855, -0.017409403999986 ], [ 109.336917037, -0.01661755899995 ], [ 109.336856806, -0.016567712999971 ], [ 109.336551753, -0.016315256999972 ], [ 109.336183764, -0.01601071499994 ], [ 109.336168042, -0.015997703999981 ], [ 109.336083549, -0.015927779999973 ], [ 109.335675171, -0.015589812999967 ], [ 109.335326005, -0.015300849999962 ], [ 109.334836204, -0.01488640299994 ], [ 109.334671358, -0.014746917999967 ], [ 109.33455704, -0.014650187999973 ], [ 109.334378056, -0.014498738999972 ], [ 109.333968907, -0.014152535999936 ], [ 109.333269277, -0.013560541999933 ], [ 109.333253861, -0.013547496999934 ], [ 109.333152555, -0.013461776999978 ], [ 109.332904219, -0.013251645999965 ], [ 109.332591087, -0.012986688999948 ], [ 109.332372851, -0.012802027999949 ], [ 109.332193311, -0.012650109999929 ], [ 109.332039201, -0.012519708999952 ], [ 109.331901137, -0.012402885999962 ], [ 109.331832052, -0.012344428999942 ], [ 109.331822252, -0.012336136999976 ], [ 109.331697455, -0.012230538999978 ], [ 109.331690192, -0.012224392999939 ], [ 109.330918697, -0.011571588999969 ], [ 109.330289887, -0.011039519999945 ], [ 109.330289548, -0.01103923299997 ], [ 109.329756415, -0.010588119999975 ], [ 109.329752609435772, -0.01058489990414 ] ] ] ] } },
{ "type": "Feature", "properties": { "fid": null, "gid": 611741.0, "kdprov": "61", "kdkab": "71", "kdkec": "040", "kddesa": "004", "iddesa": "6171040004", "nmprov": "KALIMANTAN BARAT", "nmkab": "PONTIANAK", "nmkec": "PONTIANAK UTARA", "nmdesa": "SIANTAN HULU", "luas": 1.594436511656071, "sumber": "", "periode": "2024_1", "layer": null, "path": null, "idkec": "6171040" }, "geometry": { "type": "MultiPolygon", "coordinates": [ [ [ [ 109.353943543, -0.021200707999923 ], [ 109.353935966, -0.021202234999976 ], [ 109.353380927, -0.021314118999953 ], [ 109.352955052, -0.021399965999937 ], [ 109.352693091, -0.021452771999975 ], [ 109.352643888, -0.021462689999972 ], [ 109.352384891, -0.021514897999968 ], [ 109.351962891, -0.021599963999969 ], [ 109.351580288, -0.021677088999976 ], [ 109.350746406, -0.021845181999937 ], [ 109.350703832, -0.021853763999959 ], [ 109.350697495, -0.021855040999982 ], [ 109.350135843, -0.021968257999963 ], [ 109.349873569, -0.02202112699996 ], [ 109.349841197, -0.022027651999969 ], [ 109.349608598, -0.022074539999954 ], [ 109.349601325, -0.022082958999933 ], [ 109.349587078, -0.022085078999971 ], [ 109.349468732, -0.022102688999952 ], [ 109.349401362, -0.022111911999959 ], [ 109.348652777, -0.022220533999931 ], [ 109.348644975, -0.022221669999971 ], [ 109.348606708, -0.021815534999976 ], [ 109.348592592, -0.021643783999935 ], [ 109.348578475, -0.021502618999934 ], [ 109.348570737, -0.021390416999967 ], [ 109.34855613, -0.021226867999927 ], [ 109.34852971, -0.020931041999969 ], [ 109.348527049, -0.020901247999975 ], [ 109.348478251, -0.020354869999946 ], [ 109.348477919, -0.020351136999977 ], [ 109.348841452, -0.020311745999953 ], [ 109.348838407, -0.020077301999956 ], [ 109.348941498, -0.020067844999971 ], [ 109.348939936, -0.019995061999972 ], [ 109.348538301, -0.020026828999965 ], [ 109.348529307, -0.019918908999955 ], [ 109.348531777, -0.019916331999985 ], [ 109.348529289, -0.019916443999937 ], [ 109.348523584, -0.019803629999961 ], [ 109.34870754, -0.019790547999955 ], [ 109.348701, -0.019697343999952 ], [ 109.348777852, -0.019698978999952 ], [ 109.348780305, -0.019546908999937 ], [ 109.348939206, -0.019558602999945 ], [ 109.3489403, -0.019505658999954 ], [ 109.348946543, -0.019200035999978 ], [ 109.348955739, -0.018757942999973 ], [ 109.348955769, -0.01875685199997 ], [ 109.349436527, -0.018766416999939 ], [ 109.349436568, -0.018768393999953 ], [ 109.34943722, -0.018768409999954 ], [ 109.34943722, -0.018768379999929 ], [ 109.34943736, -0.018768359999968 ], [ 109.349482802, -0.018746838999961 ], [ 109.34950744, -0.018735169999958 ], [ 109.349558144, -0.017918375999959 ], [ 109.34943834, -0.017908651999968 ], [ 109.34943835, -0.017908549999965 ], [ 109.349452268, -0.017776344999954 ], [ 109.349581223, -0.017786581999933 ], [ 109.349581473, -0.017785531999952 ], [ 109.349662915, -0.01782530599997 ], [ 109.350108728, -0.016808738999949 ], [ 109.35022118, -0.016249292999928 ], [ 109.35022721, -0.016235239999959 ], [ 109.35047157, -0.015748179999954 ], [ 109.350680448, -0.015331853999964 ], [ 109.35068054, -0.015331669999964 ], [ 109.351032232, -0.015422473999939 ], [ 109.351034715, -0.015423114999988 ], [ 109.351539391, -0.015608657999959 ], [ 109.351539819, -0.015607892999923 ], [ 109.351820385, -0.015106595999958 ], [ 109.351827899, -0.01509317099994 ], [ 109.35182851, -0.01509324499995 ], [ 109.351950683, -0.015107964999977 ], [ 109.3522132, -0.015139592999959 ], [ 109.352213537440321, -0.01513988366618 ], [ 109.352237070934123, -0.015160155078106 ], [ 109.352341467967634, -0.014862295010446 ], [ 109.352342769, -0.014862563999941 ], [ 109.35249192, -0.01444552099998 ], [ 109.352486115, -0.014443950999987 ], [ 109.352490472, -0.014442624999957 ], [ 109.35256722, -0.014464345999955 ], [ 109.352713474, -0.01395752299993 ], [ 109.352713095, -0.013957323999939 ], [ 109.352737549, -0.013913188999938 ], [ 109.352720357, -0.013900132999936 ], [ 109.352413973, -0.013716768999933 ], [ 109.352422596, -0.013664309999973 ], [ 109.352423867, -0.013651310999943 ], [ 109.352435783, -0.013529395999975 ], [ 109.352452822, -0.01319584 ], [ 109.35249414, -0.013219347999953 ], [ 109.35249443, -0.013218958999975 ], [ 109.35258855, -0.013277069999961 ], [ 109.352706792, -0.013107486999968 ], [ 109.352387732, -0.012875611999959 ], [ 109.352522817, -0.01269443799993 ], [ 109.352533733, -0.012702400999956 ], [ 109.352964996, -0.013047517999959 ], [ 109.352965232, -0.01304713399998 ], [ 109.353369101, -0.013288526999936 ], [ 109.353582641, -0.01305641799996 ], [ 109.353586331, -0.013059231999934 ], [ 109.353735832, -0.012877693999948 ], [ 109.353761364, -0.012891620999941 ], [ 109.353798268, -0.012838246999934 ], [ 109.354042216, -0.01248543099996 ], [ 109.354075466, -0.012181660999945 ], [ 109.354077015, -0.012167475999952 ], [ 109.354096917, -0.012167907999926 ], [ 109.354159772754215, -0.012002120800697 ], [ 109.35424958887252, -0.011809344741902 ], [ 109.353491742246192, -0.011342977587244 ], [ 109.353612997706406, -0.011135444203421 ], [ 109.35366985346208, -0.011179033616102 ], [ 109.353780761203751, -0.011008638994811 ], [ 109.353595204, -0.01087874899998 ], [ 109.353850515, -0.010419638999966 ], [ 109.353993801, -0.010161975999951 ], [ 109.35421888, -0.009757229999939 ], [ 109.3542196, -0.009755939999936 ], [ 109.35421865, -0.009755419999979 ], [ 109.354469335, -0.00930414699997 ], [ 109.35462518, -0.009023599999985 ], [ 109.354636468, -0.009003292999981 ], [ 109.35463841, -0.00899979999997 ], [ 109.35463838, -0.008999779999957 ], [ 109.35336047, -0.008507579999963 ], [ 109.35339117, -0.008468169999963 ], [ 109.35367612, -0.00810378999996 ], [ 109.35428964, -0.007318889999967 ], [ 109.354332987, -0.007263849999966 ], [ 109.354405294, -0.007172037999975 ], [ 109.354663008, -0.006844804999962 ], [ 109.35466365, -0.006843989999934 ], [ 109.355289389, -0.007082160999975 ], [ 109.355362024, -0.006814360999957 ], [ 109.355395665, -0.006811156999965 ], [ 109.355395739, -0.006810216999957 ], [ 109.355402762, -0.006720561999936 ], [ 109.35552532, -0.006325650999942 ], [ 109.355207132, -0.006193986999967 ], [ 109.355244316, -0.006131647999951 ], [ 109.355248127, -0.006134823999959 ], [ 109.355247468, -0.006124607999943 ], [ 109.355398703, -0.005921489999937 ], [ 109.355508848, -0.005737377999931 ], [ 109.355566917, -0.005740516999943 ], [ 109.355567369, -0.005739926999986 ], [ 109.355567452, -0.005739818999928 ], [ 109.355587136, -0.005580375999965 ], [ 109.355624243, -0.005279807999955 ], [ 109.352983441, -0.003093336999938 ], [ 109.352972115, -0.003118614999943 ], [ 109.353063721, -0.002306466999927 ], [ 109.353088393, -0.002087738999935 ], [ 109.3531879, -0.001205539999952 ], [ 109.353190831, -0.001179559999964 ], [ 109.353194416, -0.001147764999932 ], [ 109.353241238, -0.000732668999942 ], [ 109.353295, -0.000256039999954 ], [ 109.35329495, -0.000256019999939 ], [ 109.35329695, -0.000238409999949 ], [ 109.353336577, 0.000110027000063 ], [ 109.353368433, 0.000390130000021 ], [ 109.35337482, 0.000446290000069 ], [ 109.353473136378966, 0.001316712887384 ], [ 109.353616308, 0.002584252000019 ], [ 109.35361931, 0.002610830000034 ], [ 109.35361932, 0.002610900000026 ], [ 109.353620233, 0.002619563000048 ], [ 109.35362213, 0.00263756000004 ], [ 109.35362233, 0.002637540000017 ], [ 109.354675933, 0.004064652000071 ], [ 109.354343459, 0.004240668000019 ], [ 109.354607755, 0.00468723700004 ], [ 109.354647359, 0.004758524000065 ], [ 109.354653324, 0.004769260000043 ], [ 109.353933344, 0.005161148000065 ], [ 109.353934895, 0.00516551800007 ], [ 109.35409273, 0.005610327000057 ], [ 109.354228948, 0.005994215000045 ], [ 109.354234095, 0.006008719000022 ], [ 109.354244546, 0.006003459000049 ], [ 109.35428422, 0.006090742000011 ], [ 109.354138402, 0.006181878000052 ], [ 109.354175018, 0.006499214000033 ], [ 109.354193084, 0.006655789000037 ], [ 109.354337227, 0.006944076000033 ], [ 109.354164348, 0.007006135000036 ], [ 109.354312548, 0.008073784000034 ], [ 109.354442626, 0.009010874000064 ], [ 109.354455021, 0.00912272500005 ], [ 109.35449505, 0.009483935000033 ], [ 109.35468115, 0.011163270000052 ], [ 109.355517473196215, 0.014595297372897 ], [ 109.350241594, 0.015885799000043 ], [ 109.348048481, 0.01642217 ], [ 109.348050213, 0.016466012 ], [ 109.348049347, 0.016466155 ], [ 109.340924557, 0.017644692 ], [ 109.341544641, 0.021997373 ], [ 109.341793133, 0.023741642 ], [ 109.342579658, 0.029262579 ], [ 109.342617747, 0.029256552 ], [ 109.342617844, 0.029256537 ], [ 109.343186269, 0.029166596 ], [ 109.34320512, 0.02916396 ], [ 109.343364197, 0.029141825 ], [ 109.343703364, 0.029095808 ], [ 109.343704681, 0.029094927 ], [ 109.345360424, 0.02871292 ], [ 109.34697911, 0.02834132 ], [ 109.34727791, 0.02826115 ], [ 109.34752629, 0.02819451 ], [ 109.347607985, 0.02817259 ], [ 109.347760644, 0.028132354 ], [ 109.347820008, 0.028119608 ], [ 109.34782184, 0.028119933 ], [ 109.348014178, 0.028078179 ], [ 109.34812469, 0.02805419 ], [ 109.34846282, 0.02798159 ], [ 109.348568481, 0.027957851 ], [ 109.348687028, 0.027932116 ], [ 109.349031998, 0.027833553 ], [ 109.349032096, 0.027833525 ], [ 109.34931124, 0.02775486 ], [ 109.349516767, 0.027704206 ], [ 109.350285486, 0.027516892 ], [ 109.350909437, 0.02735011 ], [ 109.350985977, 0.027329651 ], [ 109.350986074, 0.027329625 ], [ 109.35227104, 0.02703861 ], [ 109.35352696, 0.02671679 ], [ 109.353675581, 0.026678705 ], [ 109.354156991, 0.026555343 ], [ 109.35465123, 0.0264287 ], [ 109.355065975, 0.026339233000047 ], [ 109.355773207, 0.026186671000062 ], [ 109.35698814, 0.025924590000035 ], [ 109.35698966, 0.025923720000029 ], [ 109.35743327, 0.02566941000003 ], [ 109.35806387, 0.02533955000007 ], [ 109.36113308, 0.024249990000039 ], [ 109.361602674, 0.024079584000044 ], [ 109.3616489, 0.024062810000029 ], [ 109.36251861, 0.02375317000001 ], [ 109.36330878, 0.023438180000016 ], [ 109.36343621, 0.023390951000062 ], [ 109.363460184, 0.023382065000014 ], [ 109.36433899, 0.023056360000054 ], [ 109.36437471, 0.02304312000007 ], [ 109.36505006, 0.022810530000078 ], [ 109.36518078, 0.022765510000041 ], [ 109.365328311, 0.022721142000016 ], [ 109.36558912, 0.022642720000021 ], [ 109.365589291, 0.022642673000068 ], [ 109.365898299, 0.022565918000044 ], [ 109.365929731, 0.02255811100002 ], [ 109.36599746, 0.02254129000004 ], [ 109.366118941, 0.022503661000026 ], [ 109.36648005, 0.022391810000042 ], [ 109.366641361, 0.022342511000036 ], [ 109.366683071, 0.022329762000024 ], [ 109.36737097, 0.022119540000055 ], [ 109.36802519, 0.021933890000063 ], [ 109.36816114, 0.021895310000047 ], [ 109.36816202, 0.021895049000012 ], [ 109.368687431, 0.021737352000064 ], [ 109.36901494, 0.021639060000036 ], [ 109.36952404, 0.021489570000022 ], [ 109.36965797, 0.021452449000036 ], [ 109.36976702, 0.021422220000027 ], [ 109.37025587, 0.021286700000079 ], [ 109.37058997, 0.021179930000062 ], [ 109.370664941, 0.021128291000016 ], [ 109.370690171, 0.021110912000031 ], [ 109.37069073, 0.021110530000049 ], [ 109.37075952, 0.021081230000054 ], [ 109.37082861, 0.021051800000068 ], [ 109.37089683, 0.021042640000072 ], [ 109.37090816, 0.02104112000006 ], [ 109.37100892, 0.020998410000059 ], [ 109.37104842, 0.020980690000043 ], [ 109.37112428, 0.020946670000058 ], [ 109.37112441, 0.020946610000061 ], [ 109.37112479, 0.020938460000027 ], [ 109.37112576, 0.020917490000036 ], [ 109.371140705, 0.020736960000018 ], [ 109.37110455, 0.020613190000054 ], [ 109.3710596, 0.020459330000039 ], [ 109.37102894, 0.020205610000067 ], [ 109.37099844, 0.019953180000073 ], [ 109.37092851, 0.019542510000068 ], [ 109.37089891, 0.019357720000077 ], [ 109.37087024, 0.019178770000052 ], [ 109.37086013, 0.019155490000062 ], [ 109.37078866, 0.018991030000053 ], [ 109.37066046, 0.018779830000015 ], [ 109.37057899, 0.018627510000049 ], [ 109.37057887, 0.018627290000036 ], [ 109.37060218, 0.018474760000056 ], [ 109.37067046, 0.018358440000038 ], [ 109.3707537, 0.018216620000029 ], [ 109.37075378, 0.018216140000046 ], [ 109.37077701, 0.018075820000027 ], [ 109.37078497, 0.017963630000053 ], [ 109.37082364, 0.017418740000034 ], [ 109.370768601, 0.017040108000055 ], [ 109.37075371, 0.016937670000056 ], [ 109.37056732, 0.016578680000064 ], [ 109.37048565, 0.016421390000062 ], [ 109.37041076, 0.016289440000041 ], [ 109.370310618, 0.016113001000063 ], [ 109.37029918, 0.016092850000058 ], [ 109.37029349, 0.015966940000046 ], [ 109.37028752, 0.015834720000036 ], [ 109.370296369, 0.015813664000054 ], [ 109.37041573, 0.015529650000071 ], [ 109.37042754, 0.015440500000073 ], [ 109.37042757, 0.015440510000082 ], [ 109.37042758, 0.01544044000002 ], [ 109.37042755, 0.015440430000074 ], [ 109.370429233, 0.01542772100004 ], [ 109.37043651, 0.015372750000035 ], [ 109.37046235, 0.015177640000041 ], [ 109.37043905, 0.01483737000006 ], [ 109.37033415, 0.014497100000029 ], [ 109.37036912, 0.014344560000035 ], [ 109.37057439, 0.014245060000057 ], [ 109.37068379, 0.014192030000059 ], [ 109.37069546, 0.014051230000061 ], [ 109.37061222, 0.013852890000064 ], [ 109.37034582, 0.013218150000062 ], [ 109.3703046, 0.013087270000018 ], [ 109.37025822, 0.01294 ], [ 109.37007925, 0.012560990000056 ], [ 109.36999617, 0.012385070000048 ], [ 109.37006611, 0.011986130000018 ], [ 109.37003115, 0.011681060000059 ], [ 109.36982136, 0.010812780000026 ], [ 109.36980953, 0.010779440000023 ], [ 109.36970481, 0.010484240000042 ], [ 109.36971502, 0.010404610000026 ], [ 109.36975143, 0.010120500000027 ], [ 109.36963507, 0.009910620000028 ], [ 109.36947172, 0.009615960000073 ], [ 109.36947187, 0.009615840000038 ], [ 109.369504019, 0.00959156800008 ], [ 109.3698913, 0.009299160000068 ], [ 109.37008943, 0.009205290000067 ], [ 109.37042742, 0.009170090000056 ], [ 109.37045285, 0.009154090000043 ], [ 109.37049392, 0.009128247000031 ], [ 109.37052066, 0.009111420000062 ], [ 109.37055508, 0.009042120000058 ], [ 109.37060225, 0.008947150000044 ], [ 109.37067278, 0.008692710000042 ], [ 109.37073159, 0.008480550000054 ], [ 109.37074211, 0.008442610000028 ], [ 109.370742476, 0.008440216000056 ], [ 109.37074457, 0.008426515000045 ], [ 109.37083535, 0.007832470000043 ], [ 109.37084436, 0.007700970000035 ], [ 109.37085866, 0.007492200000047 ], [ 109.37092803, 0.007298220000045 ], [ 109.37096356, 0.007198860000071 ], [ 109.37107246, 0.007106540000045 ], [ 109.371185, 0.007011130000012 ], [ 109.37118512, 0.00701097000006 ], [ 109.371232889, 0.006948089000042 ], [ 109.37126228, 0.006909400000043 ], [ 109.371268719, 0.006900923000031 ], [ 109.37133652, 0.006811660000045 ], [ 109.37135141, 0.006736700000022 ], [ 109.37147638, 0.006107650000041 ], [ 109.37165256, 0.00523194000004 ], [ 109.37166286, 0.005180700000027 ], [ 109.37184935, 0.003948680000051 ], [ 109.37202757, 0.003495410000028 ], [ 109.37207079, 0.003385480000019 ], [ 109.37222231, 0.002505460000067 ], [ 109.37225727, 0.002059590000038 ], [ 109.37235051, 0.001824920000037 ], [ 109.37236435, 0.001692550000022 ], [ 109.37237382, 0.001601980000029 ], [ 109.37243915, 0.001442270000027 ], [ 109.37245541, 0.001402510000038 ], [ 109.3724555, 0.001402400000079 ], [ 109.37266509, 0.001121050000052 ], [ 109.3726652, 0.001120910000053 ], [ 109.37275844, 0.000804100000029 ], [ 109.372769383, 0.000775180000064 ], [ 109.37282183, 0.000636580000041 ], [ 109.37285168, 0.000557700000062 ], [ 109.37295994, 0.000495419000058 ], [ 109.37301485, 0.000463830000052 ], [ 109.37306041, 0.000413370000051 ], [ 109.3731314, 0.000334760000035 ], [ 109.37313267, 0.000307740000043 ], [ 109.37314305, 0.000088360000062 ], [ 109.37319748, -0.00027952999995 ], [ 109.37322463, -0.000463109999944 ], [ 109.373297762, -0.000554056999933 ], [ 109.37346395, -0.000760729999977 ], [ 109.37361865, -0.000953109999963 ], [ 109.3736209, -0.000955919999968 ], [ 109.37380738, -0.001061519999953 ], [ 109.37386093, -0.001123139999958 ], [ 109.37405214, -0.00134312999995 ], [ 109.37422696, -0.001437 ], [ 109.37435517, -0.001601269999983 ], [ 109.37452884, -0.001768509999981 ], [ 109.37462323, -0.001859399999952 ], [ 109.37485998, -0.002042129999958 ], [ 109.37497288, -0.00212927499997 ], [ 109.37558874, -0.002176069999968 ], [ 109.37559059, -0.002176209999956 ], [ 109.37565631, -0.002214379999941 ], [ 109.37589362, -0.00235220999997 ], [ 109.37613607, -0.002596299999946 ], [ 109.37616169, -0.002622089999942 ], [ 109.37616166, -0.002622369999936 ], [ 109.37613838, -0.002868489999975 ], [ 109.375953098, -0.002943100999978 ], [ 109.37578873, -0.003009289999968 ], [ 109.37578884, -0.00301028999997 ], [ 109.37581204, -0.003208759999958 ], [ 109.37604514, -0.003455169999934 ], [ 109.37604476, -0.003457389999942 ], [ 109.37598686, -0.00379543999998 ], [ 109.37582369, -0.004053579999943 ], [ 109.37582291, -0.004057869999947 ], [ 109.37580038, -0.004182649999958 ], [ 109.37598071, -0.004440629999974 ], [ 109.37602059, -0.004497679999928 ], [ 109.37602183, -0.00449944999997 ], [ 109.37621996, -0.005039189999943 ], [ 109.37648802, -0.005391199999965 ], [ 109.37651133, -0.005754939999978 ], [ 109.37662579, -0.005923359999935 ], [ 109.37666284, -0.005977879999938 ], [ 109.37701249, -0.006282949999965 ], [ 109.37707077, -0.00657628999995 ], [ 109.37712726, -0.006775339999931 ], [ 109.37718723, -0.006986639999988 ], [ 109.37718732, -0.006986959999956 ], [ 109.37752531, -0.007280299999944 ], [ 109.3775679, -0.007298679999961 ], [ 109.3776069, -0.007315509999952 ], [ 109.377580965, -0.00738338899993 ], [ 109.37749034, -0.007620579999982 ], [ 109.37758358, -0.00813684999998 ], [ 109.377586443, -0.008145248999934 ], [ 109.377588451, -0.008151139999944 ], [ 109.37785164, -0.008923 ], [ 109.37788144, -0.009223009999979 ], [ 109.37790992, -0.009509679999956 ], [ 109.377965525, -0.010752619999951 ], [ 109.3779681, -0.010810169999963 ], [ 109.37796818, -0.010812099999956 ], [ 109.37807967, -0.010876239999966 ], [ 109.37813135, -0.01090596999996 ], [ 109.37814301, -0.011070239999935 ], [ 109.37810525, -0.01112725999997 ], [ 109.37807378, -0.011174779999985 ], [ 109.37807308, -0.011175839999967 ], [ 109.37789825, -0.011199309999938 ], [ 109.37774995, -0.011362829999948 ], [ 109.3776535, -0.011469179999955 ], [ 109.37765298, -0.011470529999948 ], [ 109.377573128, -0.011679542999955 ], [ 109.37747867, -0.011926789999958 ], [ 109.37747867, -0.012149719999974 ], [ 109.37755515, -0.012235279999976 ], [ 109.37758356, -0.012267059999941 ], [ 109.37758486, -0.01226694999997 ], [ 109.37763222, -0.012262799999971 ], [ 109.37785163, -0.01224359999998 ], [ 109.37818904, -0.012114749999976 ], [ 109.37818962, -0.012114529999964 ], [ 109.37833582, -0.01215867999997 ], [ 109.37842272, -0.01218492999994 ], [ 109.37855351, -0.012448279999939 ], [ 109.37856258, -0.012466539999938 ], [ 109.37856257, -0.012466719999968 ], [ 109.37853956, -0.012744639999944 ], [ 109.37853927, -0.012748139999932 ], [ 109.37834113, -0.013041479999979 ], [ 109.37828141, -0.01309198999997 ], [ 109.37804975, -0.013287879999952 ], [ 109.37779948, -0.013502509999969 ], [ 109.37773709, -0.013556019999955 ], [ 109.37773507, -0.013557749999967 ], [ 109.37769834, -0.013636989999949 ], [ 109.37765348, -0.013733749999976 ], [ 109.3776634, -0.013760859999937 ], [ 109.37768802, -0.013828119999976 ], [ 109.37768819, -0.013828589999957 ], [ 109.377689568, -0.013832353999936 ], [ 109.37773507, -0.013956689999938 ], [ 109.37786327, -0.014038829999947 ], [ 109.37794596, -0.013938929999941 ], [ 109.37809637, -0.013757219999947 ], [ 109.37836444, -0.013581219999936 ], [ 109.37836788, -0.01357928999994 ], [ 109.37867912, -0.013405219999926 ], [ 109.37894719, -0.01345215999993 ], [ 109.378961026, -0.013474047999979 ], [ 109.379005015, -0.013543639999971 ], [ 109.37902838, -0.013580599999957 ], [ 109.37902877, -0.013581229999947 ], [ 109.37906374, -0.013968429999984 ], [ 109.37900546, -0.014203109999932 ], [ 109.37884229, -0.014449509999968 ], [ 109.37876137, -0.01456354999994 ], [ 109.37872574, -0.014613779999938 ], [ 109.37862316, -0.01466143999994 ], [ 109.37811967, -0.014895379999934 ], [ 109.3777234, -0.015071379999943 ], [ 109.377715324, -0.015091126999948 ], [ 109.377708181, -0.015108590999942 ], [ 109.37764182, -0.015270849999984 ], [ 109.37765478, -0.015290419999933 ], [ 109.37773506, -0.015411649999984 ], [ 109.37793319, -0.015493789999944 ], [ 109.37832469, -0.015516309999959 ], [ 109.37834111, -0.015517259999974 ], [ 109.37834565, -0.015519749999949 ], [ 109.37859752, -0.015658059999966 ], [ 109.37880169, -0.015807549999974 ], [ 109.37885393, -0.015845799999966 ], [ 109.37888214, -0.015894479999935 ], [ 109.37893552, -0.015986599999969 ], [ 109.37890984, -0.016022149999967 ], [ 109.37884228, -0.016115669999986 ], [ 109.378262842, -0.016578312999972 ], [ 109.37816801, -0.016654029999936 ], [ 109.37816628, -0.01665540999994 ], [ 109.37813411, -0.016759039999952 ], [ 109.378108, -0.016843149999947 ], [ 109.37805509, -0.017162739999953 ], [ 109.37804973, -0.017195149999961 ], [ 109.3780489, -0.017205679999967 ], [ 109.37801476, -0.017641029999933 ], [ 109.37801476, -0.017847019999977 ], [ 109.37801476, -0.017875699999941 ], [ 109.37798343, -0.017973459999948 ], [ 109.3778982, -0.018239439999941 ], [ 109.37768839, -0.018435569999949 ], [ 109.37757186, -0.018544509999978 ], [ 109.37739703, -0.018861309999975 ], [ 109.377290738, -0.019225111999969 ], [ 109.37728749, -0.01923622999994 ], [ 109.37728073, -0.019259379999937 ], [ 109.37728048, -0.019260249999946 ], [ 109.37725305, -0.019321 ], [ 109.37710565, -0.019647449999984 ], [ 109.37703728, -0.019873609999939 ], [ 109.37702406, -0.019917319999936 ], [ 109.377053975, -0.020354049999988 ], [ 109.377059555, -0.020435540999927 ], [ 109.37707067, -0.020597869999966 ], [ 109.377046152, -0.020681184999951 ], [ 109.37701425, -0.020789589999937 ], [ 109.37697743, -0.020914669999968 ], [ 109.37678499, -0.021155259999954 ], [ 109.37676461, -0.021180738999933 ], [ 109.37658027, -0.021411189999982 ], [ 109.37655111, -0.021477439999958 ], [ 109.376051279, -0.022710849999962 ], [ 109.376018736, -0.022696585999937 ], [ 109.375998463, -0.02268768999994 ], [ 109.375970991, -0.022675636999974 ], [ 109.375456089, -0.022449802999975 ], [ 109.375390842, -0.022421185999977 ], [ 109.375383362, -0.022407161999977 ], [ 109.375346749, -0.022338512999968 ], [ 109.375105352, -0.022239817999952 ], [ 109.374965861, -0.022182786999967 ], [ 109.374654372, -0.022050403999978 ], [ 109.374654573, -0.022055516999962 ], [ 109.374650487, -0.022053845999955 ], [ 109.374646893, -0.022052376999974 ], [ 109.374259746, -0.021894090999979 ], [ 109.374114071, -0.021834531999957 ], [ 109.37385649, -0.021729219999943 ], [ 109.373505472, -0.021585705999948 ], [ 109.37295594, -0.021361029999984 ], [ 109.372502401, -0.02117560099993 ], [ 109.372257431, -0.02107544499996 ], [ 109.372120113, -0.021019301999963 ], [ 109.372019934, -0.020978343999969 ], [ 109.371958426, -0.020953195999945 ], [ 109.371947776, -0.020948841999942 ], [ 109.371864044, -0.020914607999949 ], [ 109.371675885, -0.020837678999958 ], [ 109.371625874, -0.020817231999967 ], [ 109.371541011, -0.020782535999968 ], [ 109.371421753, -0.020733776999981 ], [ 109.371154862, -0.020624658999962 ], [ 109.371007025, -0.020594728999925 ], [ 109.370534939, -0.020499152999952 ], [ 109.370036171, -0.02039817499997 ], [ 109.369926718, -0.020376015999947 ], [ 109.369876055, -0.020365758999959 ], [ 109.369311486, -0.020251459999947 ], [ 109.369013509, -0.020191133999953 ], [ 109.368973996, -0.020183133999989 ], [ 109.368780821, -0.020153084999954 ], [ 109.368304603, -0.020079005999947 ], [ 109.368231014, -0.020067558999927 ], [ 109.367227079, -0.019911390999943 ], [ 109.367132733, -0.019896714999964 ], [ 109.366785707, -0.019842732999972 ], [ 109.366664792, -0.019823923999977 ], [ 109.36643425, -0.01978806199998 ], [ 109.365963598, -0.019714849999963 ], [ 109.365482141, -0.019731144999984 ], [ 109.365479719, -0.019731226999974 ], [ 109.36540081, -0.019733897999971 ], [ 109.364730095, -0.019756598999947 ], [ 109.364726559, -0.019756718999938 ], [ 109.36472232, -0.019756861999954 ], [ 109.364378231, -0.019768507999974 ], [ 109.364006523, -0.019781088999935 ], [ 109.363258612, -0.019806402999967 ], [ 109.363246527, -0.019806811999962 ], [ 109.363016645, -0.019814591999929 ], [ 109.363004252, -0.019815011999924 ], [ 109.362986458, -0.019815613999935 ], [ 109.361788572, -0.019856157999924 ], [ 109.361615245, -0.01986202499995 ], [ 109.361408551, -0.019894108999954 ], [ 109.360877479, -0.019976543999984 ], [ 109.360496205, -0.020035726999946 ], [ 109.359403922, -0.020205274999967 ], [ 109.359281224, -0.020224320999949 ], [ 109.358759465, -0.020305309999973 ], [ 109.358425251, -0.020357187999944 ], [ 109.358417937, -0.020358322999925 ], [ 109.358270132, -0.020381265999959 ], [ 109.357148863, -0.020555313999979 ], [ 109.357133096, -0.020557760999958 ], [ 109.356877612, -0.02060926099995 ], [ 109.356816549, -0.020621569999957 ], [ 109.356143251, -0.020757292999977 ], [ 109.356135302, -0.020758894999983 ], [ 109.355944254, -0.02079740599993 ], [ 109.355534595, -0.020879984999967 ], [ 109.355440646, -0.020898922999951 ], [ 109.354730091, -0.021042155999973 ], [ 109.354658266, -0.021056633999932 ], [ 109.354601105, -0.021068156999953 ], [ 109.354525334, -0.021083430999966 ], [ 109.354446251, -0.021099371999987 ], [ 109.353943543, -0.021200707999923 ] ] ] ] } },
{ "type": "Feature", "properties": { "fid": null, "gid": 611833.0, "kdprov": "61", "kdkab": "71", "kdkec": "040", "kddesa": "001", "iddesa": "6171040001", "nmprov": "KALIMANTAN BARAT", "nmkab": "PONTIANAK", "nmkec": "PONTIANAK UTARA", "nmdesa": "BATU LAYANG", "luas": 0.53198426321763603, "sumber": "", "periode": "2024_1", "layer": null, "path": null, "idkec": "6171040" }, "geometry": { "type": "MultiPolygon", "coordinates": [ [ [ [ 109.29982128, 0.002655799000013 ], [ 109.299820252, 0.002655986000021 ], [ 109.299637093, 0.002689288000049 ], [ 109.29953952, 0.002707028000025 ], [ 109.299539909, 0.002709810000044 ], [ 109.298931856, 0.002822633000043 ], [ 109.298608136, 0.002882699000046 ], [ 109.298259506, 0.002947387000061 ], [ 109.29812603, 0.002972153000023 ], [ 109.298052122, 0.002985867000063 ], [ 109.296702855, 0.003236221000061 ], [ 109.296161092, 0.003336745000073 ], [ 109.295715017, 0.003457397000026 ], [ 109.295230756, 0.003588378000063 ], [ 109.294702814, 0.003731174000048 ], [ 109.294456765, 0.003797724000026 ], [ 109.29391462, 0.003944362000033 ], [ 109.293754647, 0.003987631000024 ], [ 109.293519639, 0.004051195000047 ], [ 109.293419428, 0.004078299000063 ], [ 109.293245276, 0.004125404000034 ], [ 109.293068033, 0.00417334300005 ], [ 109.292845874, 0.004233432000032 ], [ 109.292825012, 0.00423907500004 ], [ 109.292483872, 0.004331346000077 ], [ 109.292454286, 0.004339348000029 ], [ 109.29015963, 0.004959997000066 ], [ 109.290057791424971, 0.004987541991456 ], [ 109.289814865, 0.005053248000029 ], [ 109.289647152, 0.005098610000063 ], [ 109.288851923, 0.005313701000026 ], [ 109.288582623, 0.005386540000064 ], [ 109.288578507, 0.005376270000061 ], [ 109.288566321, 0.005382004000067 ], [ 109.288564344, 0.005382934000059 ], [ 109.288575224, 0.005411762000043 ], [ 109.288788495, 0.005947923000061 ], [ 109.288881581, 0.006181939000045 ], [ 109.289021644, 0.00646984800005 ], [ 109.289983488, 0.008406524000061 ], [ 109.28998914, 0.00841940100002 ], [ 109.290003232, 0.008453011000019 ], [ 109.29000932, 0.008467580000053 ], [ 109.291133841, 0.011159710000069 ], [ 109.29116949, 0.011245050000071 ], [ 109.291290721, 0.01152403000002 ], [ 109.291344357, 0.011647449000061 ], [ 109.29136785, 0.011701510000013 ], [ 109.29155102, 0.012103850000071 ], [ 109.29157566, 0.012157980000044 ], [ 109.29163379, 0.012311620000042 ], [ 109.29180236, 0.012757090000032 ], [ 109.29180236, 0.012757980000056 ], [ 109.29180236, 0.012928260000018 ], [ 109.29180259, 0.012928910000026 ], [ 109.292035985, 0.013588146000069 ], [ 109.292038416, 0.013595011000056 ], [ 109.292107401, 0.01378986000003 ], [ 109.29214241, 0.013888740000023 ], [ 109.292162399, 0.013951831000042 ], [ 109.292155353, 0.013980295000062 ], [ 109.292158253, 0.013987958000027 ], [ 109.292254104, 0.014241280000013 ], [ 109.292261215, 0.014263726000022 ], [ 109.29227613, 0.014310801000014 ], [ 109.292284941, 0.014338620000042 ], [ 109.29237106, 0.014610440000067 ], [ 109.29239344, 0.014682660000052 ], [ 109.292448493, 0.014860322000061 ], [ 109.29253466, 0.015138390000055 ], [ 109.292644376, 0.015492455000066 ], [ 109.292657288, 0.01553412100002 ], [ 109.293023838, 0.016717011000034 ], [ 109.293078908, 0.016894727000026 ], [ 109.29337036, 0.017835270000034 ], [ 109.293379174, 0.017862489000034 ], [ 109.29342624, 0.018007841000036 ], [ 109.29342671, 0.018009350000053 ], [ 109.293535276908585, 0.018344644030589 ], [ 109.293686366, 0.01881126200004 ], [ 109.293878332, 0.019404120000049 ], [ 109.293896120719964, 0.019459057170922 ], [ 109.293897887, 0.019464512000068 ], [ 109.29393827, 0.01958923000007 ], [ 109.293960378, 0.019652952000059 ], [ 109.293982568, 0.019716910000055 ], [ 109.294083169, 0.02000686600007 ], [ 109.294269949, 0.020545213000046 ], [ 109.294389632, 0.02089017000003 ], [ 109.294506019, 0.021225626000052 ], [ 109.294648292, 0.021635694000052 ], [ 109.294679136, 0.021724594000035 ], [ 109.2947158, 0.021830270000067 ], [ 109.29471585, 0.021830250000055 ], [ 109.294826245, 0.022148429000031 ], [ 109.294902791, 0.022369049000016 ], [ 109.294941455, 0.022480484000025 ], [ 109.295002838, 0.022657401000053 ], [ 109.295016603, 0.022697074000057 ], [ 109.295063925, 0.022833462000045 ], [ 109.295071014126634, 0.022853894582934 ], [ 109.295083652, 0.02289032000005 ], [ 109.295120066, 0.02299527000002 ], [ 109.295163571, 0.023120660000079 ], [ 109.295165828, 0.023127162000038 ], [ 109.29525006, 0.02336992300007 ], [ 109.295287128090777, 0.023481863822516 ], [ 109.29529012, 0.023490899000019 ], [ 109.295630427, 0.024518571000049 ], [ 109.295727901, 0.024812930000038 ], [ 109.29585804, 0.025205930000016 ], [ 109.29599707, 0.02559257000008 ], [ 109.29646336, 0.026889320000066 ], [ 109.296668157, 0.027492030000075 ], [ 109.29671547, 0.027631270000025 ], [ 109.296728338, 0.027669138000019 ], [ 109.29685036, 0.028028240000015 ], [ 109.296915772, 0.028216900000077 ], [ 109.29737354, 0.029537090000014 ], [ 109.297471601, 0.029819900000066 ], [ 109.299779841, 0.03211195200004 ], [ 109.302111713, 0.034015520000018 ], [ 109.305109834, 0.036371187000039 ], [ 109.307774208, 0.037754221000056 ], [ 109.308226927, 0.037989220000045 ], [ 109.30925581, 0.038096200000045 ], [ 109.309807156, 0.037973313000058 ], [ 109.310503081, 0.037818201000042 ], [ 109.31165961, 0.037560430000044 ], [ 109.312741263, 0.037279973000067 ], [ 109.312741331, 0.037279963000057 ], [ 109.31285424, 0.037259001000046 ], [ 109.31456033, 0.03694217000003 ], [ 109.31466532, 0.036919420000063 ], [ 109.314766803, 0.03689742700004 ], [ 109.31573758, 0.036687050000066 ], [ 109.31631268, 0.036562420000047 ], [ 109.31728273, 0.036352200000063 ], [ 109.31746584, 0.036312701000045 ], [ 109.31860611, 0.036066730000073 ], [ 109.318870427, 0.036008529000072 ], [ 109.31888786, 0.036004691000072 ], [ 109.31921109, 0.035933520000067 ], [ 109.31961579, 0.03582875900003 ], [ 109.31987278, 0.035762230000052 ], [ 109.320035222, 0.035729812000053 ], [ 109.32051408, 0.035634249000052 ], [ 109.32059135, 0.035618829000034 ], [ 109.32082313, 0.035572570000056 ], [ 109.321382, 0.035461140000057 ], [ 109.32138775, 0.03541782 ], [ 109.32143817, 0.035034010000057 ], [ 109.321456046, 0.034897920000046 ], [ 109.32145959, 0.034870940000073 ], [ 109.32146487, 0.034830760000027 ], [ 109.32146498, 0.03473721000005 ], [ 109.32146502, 0.034702310000057 ], [ 109.321473491, 0.034648008000021 ], [ 109.32147754, 0.034622050000051 ], [ 109.32149695, 0.034497660000043 ], [ 109.32153068, 0.034294170000059 ], [ 109.3215477, 0.034189880000042 ], [ 109.32156149, 0.034105390000028 ], [ 109.32160897, 0.03389453000005 ], [ 109.32162611, 0.033817450000071 ], [ 109.32162774, 0.033804820000065 ], [ 109.321627832, 0.033804893000023 ], [ 109.32163592, 0.033743930000063 ], [ 109.32163864, 0.033723410000051 ], [ 109.321643136, 0.033689486000072 ], [ 109.32164324, 0.033688700000015 ], [ 109.32164845, 0.03366884000007 ], [ 109.32169277, 0.033500080000059 ], [ 109.32176473, 0.033227670000032 ], [ 109.32178084, 0.033167610000014 ], [ 109.321846794, 0.032858553000035 ], [ 109.32186554, 0.032770710000024 ], [ 109.32190299, 0.032594540000045 ], [ 109.32190304, 0.032594310000032 ], [ 109.32190416, 0.032590290000037 ], [ 109.32192765, 0.032504540000044 ], [ 109.32225173, 0.031306330000055 ], [ 109.32228431, 0.031183760000038 ], [ 109.322419731, 0.030674351000069 ], [ 109.32246327, 0.03051057000004 ], [ 109.32255663, 0.030130870000049 ], [ 109.32256948, 0.030078600000026 ], [ 109.32264318, 0.029841740000059 ], [ 109.32269373, 0.029672890000024 ], [ 109.3227249, 0.029595490000019 ], [ 109.322752075, 0.029527119000016 ], [ 109.322752099, 0.02952704800003 ], [ 109.32275217, 0.029526870000033 ], [ 109.323091382, 0.028378622000037 ], [ 109.323766233, 0.026200798000044 ], [ 109.323800928, 0.026089364000029 ], [ 109.324314268, 0.024440620000063 ], [ 109.324368238, 0.024269973000052 ], [ 109.324385579, 0.024215141000067 ], [ 109.324685975, 0.023305020000065 ], [ 109.324920518, 0.022545568000054 ], [ 109.32492797, 0.022521740000059 ], [ 109.32502956, 0.022192969000053 ], [ 109.325081678, 0.022024300000051 ], [ 109.32531404, 0.021272310000023 ], [ 109.32557047, 0.020533360000054 ], [ 109.325578236, 0.020510681000081 ], [ 109.32565436, 0.020288380000063 ], [ 109.32584, 0.019661210000028 ], [ 109.32586016, 0.019605990000053 ], [ 109.32588088, 0.019548140000048 ], [ 109.325883071, 0.019542026000053 ], [ 109.32593432, 0.019398990000072 ], [ 109.325948466, 0.019334900000039 ], [ 109.3259768, 0.01920653 ], [ 109.32598188, 0.019191350000018 ], [ 109.325982841, 0.01918848100007 ], [ 109.326173284, 0.018619644000062 ], [ 109.326287308, 0.018279066000042 ], [ 109.32657584, 0.017448703000064 ], [ 109.326576883, 0.017440301000021 ], [ 109.326578481, 0.01742744000006 ], [ 109.326584327, 0.017380314000032 ], [ 109.326584329, 0.017380260000027 ], [ 109.326569333, 0.017120410000071 ], [ 109.326563119, 0.017012633000037 ], [ 109.326563092, 0.01701244000002 ], [ 109.326410203, 0.015873900000031 ], [ 109.326358634, 0.015565774000033 ], [ 109.326340692, 0.015397055000044 ], [ 109.32633834, 0.015373570000065 ], [ 109.326328403, 0.015281488000027 ], [ 109.326307598, 0.015085834000045 ], [ 109.32627423, 0.014762730000024 ], [ 109.32626727, 0.014722460000024 ], [ 109.326235428, 0.014538133000025 ], [ 109.3262273, 0.014491080000021 ], [ 109.32620625, 0.014369250000068 ], [ 109.32618297, 0.014126040000055 ], [ 109.32618263, 0.014125590000035 ], [ 109.32617229, 0.014014610000061 ], [ 109.326154749, 0.013930342000037 ], [ 109.326134352, 0.013830830000075 ], [ 109.326129885, 0.013563935000027 ], [ 109.326087409, 0.013328764000054 ], [ 109.32603878, 0.013056220000068 ], [ 109.32603875, 0.01305593000005 ], [ 109.32603799, 0.013049280000073 ], [ 109.326036545, 0.013041205000026 ], [ 109.325961917, 0.012376905000038 ], [ 109.325959028, 0.012351185000065 ], [ 109.325927468, 0.012157044000045 ], [ 109.325922176, 0.012124493000038 ], [ 109.32589331, 0.011771685000028 ], [ 109.325892025, 0.011755977000071 ], [ 109.325881653, 0.011743323000074 ], [ 109.325836189, 0.011687858000075 ], [ 109.325804149, 0.011407505000022 ], [ 109.32579843, 0.011358240000046 ], [ 109.325722592, 0.010803714000072 ], [ 109.32571771, 0.010768020000059 ], [ 109.325637, 0.010173520000024 ], [ 109.325625910755974, 0.010108392686744 ], [ 109.325587529, 0.009882976000028 ], [ 109.32556304, 0.009741292000053 ], [ 109.32556214, 0.00973608500004 ], [ 109.325560361, 0.009725794000078 ], [ 109.325557594, 0.009653841000041 ], [ 109.32555606, 0.009627660000025 ], [ 109.32555623, 0.00961838900002 ], [ 109.32555631, 0.009614020000071 ], [ 109.32556059, 0.009386700000047 ], [ 109.32556059, 0.00938667000003 ], [ 109.32557746, 0.009271540000048 ], [ 109.32557746, 0.009271480000058 ], [ 109.3255695, 0.009202400000054 ], [ 109.325568267, 0.00919169000002 ], [ 109.325560361, 0.009120535000021 ], [ 109.325552544, 0.008998814000046 ], [ 109.325565945, 0.008865925000066 ], [ 109.32558102, 0.008754535000038 ], [ 109.32558296, 0.008740940000045 ], [ 109.32558605, 0.008719250000061 ], [ 109.325610167, 0.008648847000075 ], [ 109.325628481, 0.008596797000044 ], [ 109.325630954, 0.008575669000027 ], [ 109.32564126, 0.008492660000053 ], [ 109.32568799, 0.008257420000062 ], [ 109.325693201, 0.008103478000073 ], [ 109.3256972720161, 0.007983208645471 ], [ 109.32570073, 0.00788105000004 ], [ 109.32570078, 0.007880490000047 ], [ 109.32570079, 0.007879960000016 ], [ 109.32570721, 0.007802880000041 ], [ 109.325715181, 0.007706587000031 ], [ 109.32572623, 0.007573100000056 ], [ 109.32572623, 0.007354980000055 ], [ 109.32574285, 0.007288020000029 ], [ 109.325760222, 0.00721811000004 ], [ 109.32575597, 0.007119730000054 ], [ 109.32575596, 0.007119700000033 ], [ 109.32575583, 0.007119263000047 ], [ 109.325755786, 0.007118269000041 ], [ 109.325754775, 0.007114861000047 ], [ 109.325751887, 0.007105126000047 ], [ 109.326229124, 0.005587167000042 ], [ 109.326208643, 0.005521082000026 ], [ 109.325796233, 0.004190374000071 ], [ 109.325797113, 0.004186601000067 ], [ 109.325925698, 0.003634901000048 ], [ 109.325934329, 0.003505438000032 ], [ 109.32591915, 0.003453835000064 ], [ 109.32572623, 0.003073710000015 ], [ 109.325640191, 0.00280723600002 ], [ 109.325577841462035, 0.002567430508434 ], [ 109.325544827986093, 0.002454793467572 ], [ 109.325521107, 0.002384815000018 ], [ 109.32546293, 0.002218320000043 ], [ 109.32534407, 0.002073010000056 ], [ 109.325267732, 0.001850800000055 ], [ 109.325118725, 0.001735001000044 ], [ 109.32506808, 0.00169677000002 ], [ 109.3250245, 0.001638310000026 ], [ 109.324970039, 0.001529703000075 ], [ 109.3249895171585, 0.001429863140659 ], [ 109.324936044, 0.00132013900002 ], [ 109.324863821, 0.001183272000045 ], [ 109.324850814, 0.001066549000027 ], [ 109.32473637, 0.000862500000035 ], [ 109.32448996, 0.000640100000062 ], [ 109.324327107544718, 0.000500628358788 ], [ 109.324309565035179, 0.000416205031646 ], [ 109.324453194332023, 0.000224333833593 ], [ 109.324532135624949, 0.000055487179307 ], [ 109.324569413457709, -0.000201072022659 ], [ 109.324529942811253, -0.00028878457034 ], [ 109.324159357297304, -0.00042912464663 ], [ 109.324053628, -0.000445619999946 ], [ 109.323911021146728, -0.000589200046148 ], [ 109.323830747514791, -0.000694331587772 ], [ 109.323775614901294, -0.000755853886742 ], [ 109.323565104786852, -0.001137403469154 ], [ 109.32324495398781, -0.001891731379211 ], [ 109.321841608, -0.003735934999948 ], [ 109.321723762, -0.003632015999931 ], [ 109.320979186, -0.003140706999946 ], [ 109.320978858, -0.00314053699998 ], [ 109.320770194, -0.003032437999945 ], [ 109.320689454, -0.002990610999983 ], [ 109.32050975, -0.002897514999975 ], [ 109.320314318, -0.002796270999964 ], [ 109.318955022, -0.002092085999953 ], [ 109.318664209, -0.001941429999928 ], [ 109.318171071, -0.001685958999934 ], [ 109.317882992, -0.001536718999955 ], [ 109.316660681390815, -0.000903499703612 ], [ 109.316503997443093, -0.000822329309885 ], [ 109.31591589, -0.000517659999956 ], [ 109.315743782, -0.000428498999951 ], [ 109.314995146, -0.00004066699996 ], [ 109.314994446, -0.000040303999931 ], [ 109.314943243, -0.00001377899998 ], [ 109.314753368, 0.000025237000048 ], [ 109.314350392, 0.000108040000028 ], [ 109.314106741, 0.000158105000015 ], [ 109.314097628, 0.000159978000059 ], [ 109.313806585, 0.000219781000045 ], [ 109.313628959, 0.000256280000035 ], [ 109.313613233, 0.000259511000017 ], [ 109.313494356, 0.000283938000052 ], [ 109.313264435, 0.000331182000027 ], [ 109.313215023, 0.000341335000018 ], [ 109.313045165, 0.000376237000076 ], [ 109.313011874, 0.000383078000026 ], [ 109.312721825, 0.000442677000025 ], [ 109.312574935, 0.00047286000006 ], [ 109.312482487, 0.000491856000048 ], [ 109.312356996, 0.000517642000031 ], [ 109.312009954, 0.00058895200005 ], [ 109.311790419, 0.000634062000072 ], [ 109.311789348, 0.000634282000026 ], [ 109.311297508, 0.000735345000056 ], [ 109.310897899, 0.000817456000051 ], [ 109.310587101, 0.000881319000027 ], [ 109.310575067, 0.000883792000025 ], [ 109.3105722, 0.000884381000046 ], [ 109.310236131, 0.000953436000023 ], [ 109.310235916, 0.000953480000013 ], [ 109.310066402, 0.000988312000057 ], [ 109.31006536, 0.000988526000063 ], [ 109.309631515, 0.001077672000071 ], [ 109.309626269, 0.001078750000029 ], [ 109.309266862, 0.001152601000048 ], [ 109.309261658, 0.001153670000059 ], [ 109.308937899, 0.001220196000019 ], [ 109.308928011, 0.001222228000067 ], [ 109.308922622, 0.001223335000011 ], [ 109.308547949, 0.001300323000061 ], [ 109.308544673, 0.001300996000052 ], [ 109.308529702, 0.001304072000033 ], [ 109.308340461, 0.001331827000058 ], [ 109.307999877, 0.001381780000029 ], [ 109.307993301, 0.001382744000059 ], [ 109.307573343, 0.001444338000055 ], [ 109.307189986, 0.001500564000028 ], [ 109.306760352, 0.001563577000072 ], [ 109.30675358, 0.001564570000021 ], [ 109.305372979, 0.00176705800003 ], [ 109.305369339, 0.001767592000012 ], [ 109.304354362, 0.001916455000069 ], [ 109.304353017, 0.001916652000039 ], [ 109.304202509, 0.00193872700003 ], [ 109.303412551, 0.002054587000034 ], [ 109.303378687, 0.002059554000023 ], [ 109.301940447, 0.00227049600005 ], [ 109.301938858, 0.002270785000054 ], [ 109.301484179, 0.002353454000061 ], [ 109.301480423, 0.00235413700005 ], [ 109.300902756, 0.002459167000039 ], [ 109.300655417, 0.002504138000057 ], [ 109.300206551, 0.002586115000032 ], [ 109.299988904, 0.002626499000024 ], [ 109.299988702, 0.002625359000031 ], [ 109.29982128, 0.002655799000013 ] ] ] ] } },
{ "type": "Feature", "properties": { "fid": null, "gid": 609589.0, "kdprov": "61", "kdkab": "71", "kdkec": "031", "kddesa": "005", "iddesa": "6171031005", "nmprov": "KALIMANTAN BARAT", "nmkab": "PONTIANAK", "nmkec": "PONTIANAK KOTA", "nmdesa": "SUNGAI JAWI", "luas": 0.023471209600638001, "sumber": "", "periode": "2024_1", "layer": null, "path": null, "idkec": "6171031" }, "geometry": { "type": "MultiPolygon", "coordinates": [ [ [ [ 109.296787959380083, -0.053438277716248 ], [ 109.296449028, -0.053685530999931 ], [ 109.296445549, -0.053688068999976 ], [ 109.2961322, -0.053365939999933 ], [ 109.29587144, -0.053097879999948 ], [ 109.29571077, -0.052877609999947 ], [ 109.295648, -0.052791549999944 ], [ 109.29511196, -0.052194529999957 ], [ 109.29510153, -0.052182909999938 ], [ 109.294910961, -0.051970662999975 ], [ 109.294082634, -0.05104811099994 ], [ 109.293701414, -0.050623525999926 ], [ 109.293272730819993, -0.050146079145865 ], [ 109.293106173, -0.049960574999944 ], [ 109.29290915, -0.049741139999984 ], [ 109.292689805, -0.04949683799993 ], [ 109.29268581, -0.049492388999971 ], [ 109.29244835, -0.049227909999958 ], [ 109.292318654, -0.049083457999927 ], [ 109.292293275, -0.049055191999975 ], [ 109.29223282, -0.048987859999954 ], [ 109.291854189618505, -0.048566159561977 ], [ 109.291413316822897, -0.04807513649544 ], [ 109.28977344, -0.046248719999937 ], [ 109.289633190737305, -0.046092515957264 ], [ 109.28735581, -0.043556059999961 ], [ 109.28734902, -0.043548489999977 ], [ 109.287347567, -0.043546871999985 ], [ 109.28721209, -0.043673079999968 ], [ 109.284973863, -0.04090342599994 ], [ 109.284971571, -0.040900589999978 ], [ 109.28503651, -0.040839619999933 ], [ 109.2851984, -0.040686359999939 ], [ 109.285264893, -0.040623407999932 ], [ 109.2853557, -0.040537435999963 ], [ 109.28553381, -0.040368809999971 ], [ 109.28594352, -0.039968769999976 ], [ 109.28637074, -0.039548909999955 ], [ 109.28636247, -0.039537269999937 ], [ 109.28636299, -0.039536759999975 ], [ 109.28637102, -0.039548059999961 ], [ 109.286373449, -0.039545667999961 ], [ 109.286373658, -0.039545461999974 ], [ 109.28664182, -0.039281309999983 ], [ 109.287280043, -0.038659376999926 ], [ 109.28745517, -0.038488719999978 ], [ 109.28746244, -0.038481399999963 ], [ 109.287534282, -0.038407830999969 ], [ 109.28767909, -0.038259539999955 ], [ 109.28805057, -0.037893599999967 ], [ 109.28857779, -0.037362649999976 ], [ 109.28878756, -0.037154909999971 ], [ 109.288787139, -0.037153797999963 ], [ 109.28878675, -0.037152769999986 ], [ 109.289108454, -0.036828772999975 ], [ 109.289212601, -0.036723883999968 ], [ 109.289721400128926, -0.036226641210471 ], [ 109.291047038, -0.034905118999978 ], [ 109.291656791120204, -0.034286555841954 ], [ 109.29256127, -0.033468059999969 ], [ 109.29256935, -0.033460279999931 ], [ 109.292820636, -0.033233932999963 ], [ 109.29457588, -0.031783067999933 ], [ 109.29468556, -0.031693909999954 ], [ 109.29535839, -0.031183489999939 ], [ 109.295750266, -0.030894619999979 ], [ 109.29643785, -0.030387769999955 ], [ 109.29654021, -0.030311969999964 ], [ 109.29653978, -0.030311339999968 ], [ 109.296540181, -0.030311045999951 ], [ 109.296805268, -0.030116833999962 ], [ 109.29699778, -0.029979499999969 ], [ 109.297154508, -0.02987479499996 ], [ 109.29765041, -0.029543499999937 ], [ 109.29776661, -0.029465249999932 ], [ 109.297828087, -0.029423851999988 ], [ 109.29815279, -0.029205199999981 ], [ 109.29815292, -0.029205399999965 ], [ 109.298216714921267, -0.029161450171451 ], [ 109.29873506, -0.028804349999973 ], [ 109.298742815, -0.028799006999978 ], [ 109.2988914, -0.028696639999967 ], [ 109.29925208, -0.028448159999923 ], [ 109.299792781, -0.028073833999951 ], [ 109.30024219, -0.027762709999934 ], [ 109.300280273, -0.027737495999929 ], [ 109.300312673, -0.027716044999982 ], [ 109.300405364, -0.027654675999942 ], [ 109.30052453, -0.027575779999946 ], [ 109.30128034, -0.027058839999948 ], [ 109.301743534, -0.026825689999956 ], [ 109.30182608, -0.026784139999956 ], [ 109.30203309, -0.026679939999957 ], [ 109.302153794, -0.026619183999977 ], [ 109.30245828, -0.026465919999962 ], [ 109.302739172, -0.026324533999972 ], [ 109.30302451, -0.026180909999936 ], [ 109.303457219, -0.025981096999948 ], [ 109.303458733, -0.025980397999953 ], [ 109.303477, -0.025971959999936 ], [ 109.30348007, -0.025970544999947 ], [ 109.303531526, -0.025946815999931 ], [ 109.304008104, -0.025727045999933 ], [ 109.304191969, -0.025642257999951 ], [ 109.30419771, -0.025639610999982 ], [ 109.304233279, -0.025623208999943 ], [ 109.304278958, -0.02560214499994 ], [ 109.304491878, -0.025503961999961 ], [ 109.304609074, -0.025449919999978 ], [ 109.30462417, -0.025442958999976 ], [ 109.304667193, -0.025423119999971 ], [ 109.304915439, -0.025308644999935 ], [ 109.30493141, -0.02530127999995 ], [ 109.304941283, -0.025296722999942 ], [ 109.305064476, -0.025243070999976 ], [ 109.305177952, -0.025193649999947 ], [ 109.30518415, -0.025190950999962 ], [ 109.305407656, -0.025093610999933 ], [ 109.30541255, -0.025091478999973 ], [ 109.305796858, -0.024924106999949 ], [ 109.30580893, -0.024918848999963 ], [ 109.305883578484071, -0.024886338460748 ], [ 109.305979055, -0.024844756999934 ], [ 109.306240439, -0.02473091999997 ], [ 109.30670761, -0.024527459999946 ], [ 109.30672958, -0.024517889999976 ], [ 109.30691108, -0.024447359999952 ], [ 109.30691471, -0.024445931999944 ], [ 109.307221411, -0.024325292999952 ], [ 109.30750837, -0.024212419999971 ], [ 109.307681726, -0.024143438999949 ], [ 109.307821798, -0.024087701999975 ], [ 109.308415545, -0.023851441999968 ], [ 109.30856415, -0.023792309999985 ], [ 109.308569242, -0.023790234999977 ], [ 109.308706152, -0.023734493999944 ], [ 109.308707876, -0.023733791999977 ], [ 109.308750081, -0.023716611999931 ], [ 109.30876399, -0.023710949999955 ], [ 109.30876472, -0.023712429999935 ], [ 109.308767603, -0.023711276999956 ], [ 109.308913552169884, -0.023652916245425 ], [ 109.309176588, -0.023547735999953 ], [ 109.309389821, -0.023462470999963 ], [ 109.3093868, -0.023471879999943 ], [ 109.309394669, -0.023468564999979 ], [ 109.309688839, -0.023344658999984 ], [ 109.309691672, -0.023343465999979 ], [ 109.309854038, -0.023275074999962 ], [ 109.310085264, -0.023177678999959 ], [ 109.310088535, -0.023176300999973 ], [ 109.31010442, -0.023169609999967 ], [ 109.31010569, -0.023169049999989 ], [ 109.31036198, -0.023063769999965 ], [ 109.31035934, -0.023057049999975 ], [ 109.31036026, -0.023056649999948 ], [ 109.31036345, -0.023064509999929 ], [ 109.31037846, -0.023058230999941 ], [ 109.310431174, -0.02303618199995 ], [ 109.31043443, -0.023034819999976 ], [ 109.31043941, -0.023032739999973 ], [ 109.31060223, -0.02296465999996 ], [ 109.31059806, -0.022953069999976 ], [ 109.3106002, -0.022952249999953 ], [ 109.31060443, -0.022963909999936 ], [ 109.310604985, -0.022963682999945 ], [ 109.31077783, -0.022892909999939 ], [ 109.31086022, -0.022859157999966 ], [ 109.31109806, -0.02276172299998 ], [ 109.31118045, -0.022727969999951 ], [ 109.311273667, -0.022699058999941 ], [ 109.31127776, -0.022697789999942 ], [ 109.31127968, -0.022697199999928 ], [ 109.31135457, -0.022673979999986 ], [ 109.3113491, -0.022660249999941 ], [ 109.31134999, -0.022659979999956 ], [ 109.31135531, -0.02267323999996 ], [ 109.311357448, -0.022672547999952 ], [ 109.31159997, -0.022594099999942 ], [ 109.31159601, -0.022583769999935 ], [ 109.31159634, -0.022583669999963 ], [ 109.3116007, -0.022594839999951 ], [ 109.311613768, -0.022590725999976 ], [ 109.31173005, -0.022554119999936 ], [ 109.31173882, -0.022551359999975 ], [ 109.311741862, -0.022550401999985 ], [ 109.312043712, -0.022455378999948 ], [ 109.31205181, -0.022452829999967 ], [ 109.31205061, -0.02244910999997 ], [ 109.31205105, -0.022448969999969 ], [ 109.31205255, -0.022453569999934 ], [ 109.31218869, -0.022410229999928 ], [ 109.31232104, -0.02237840999994 ], [ 109.31232436, -0.022367039999954 ], [ 109.31232439, -0.022367029999944 ], [ 109.31232438, -0.022366979999956 ], [ 109.31232572, -0.022362389999962 ], [ 109.312327948, -0.022361687999943 ], [ 109.312459912, -0.022320086999967 ], [ 109.312920244, -0.022174971999962 ], [ 109.313035681, -0.022138580999983 ], [ 109.31308996, -0.022121469999944 ], [ 109.31324322, -0.022079239999927 ], [ 109.313320589, -0.022057921999933 ], [ 109.313678076, -0.021959419999981 ], [ 109.31376369, -0.021935829999959 ], [ 109.3137632, -0.021934279999929 ], [ 109.313927962, -0.021888123999926 ], [ 109.314296374, -0.021784918999974 ], [ 109.31430719, -0.021781888999954 ], [ 109.31435359, -0.021768889999983 ], [ 109.31435346, -0.021768479999945 ], [ 109.314353815, -0.021768380999966 ], [ 109.31449665, -0.021728359999939 ], [ 109.31456777, -0.021706889999967 ], [ 109.31456819, -0.021708319999958 ], [ 109.314590231, -0.021702144999951 ], [ 109.314720217, -0.021665727999966 ], [ 109.31475376, -0.021656329999935 ], [ 109.31475382, -0.021656309999971 ], [ 109.314783128872435, -0.021648099620373 ], [ 109.31492838, -0.021607409999944 ], [ 109.31492861, -0.021607339999953 ], [ 109.314952702, -0.021600590999924 ], [ 109.31510827, -0.021557009999934 ], [ 109.31513445, -0.021549669999959 ], [ 109.315253011, -0.021516459999938 ], [ 109.31525296, -0.021516239999928 ], [ 109.31528338, -0.021507799999938 ], [ 109.31535314, -0.021488399999962 ], [ 109.315444632, -0.021462766999952 ], [ 109.31550905, -0.021444719999987 ], [ 109.315577636, -0.021428114999938 ], [ 109.31560917, -0.021420479999969 ], [ 109.31562779, -0.021415969999971 ], [ 109.31573294, -0.021390499999942 ], [ 109.31573307, -0.02139046999997 ], [ 109.315826589, -0.021367822999933 ], [ 109.31593368, -0.02134188899993 ], [ 109.31599016, -0.021328209999978 ], [ 109.31599089, -0.021328029999956 ], [ 109.316182383, -0.02128165799996 ], [ 109.31618733, -0.021280459999962 ], [ 109.316245128, -0.021266462999969 ], [ 109.31647462, -0.021210884999964 ], [ 109.316531578, -0.021197090999986 ], [ 109.316731364, -0.021148706999954 ], [ 109.31685762, -0.021118130999984 ], [ 109.31689698, -0.021108599999942 ], [ 109.317012076, -0.021080726999977 ], [ 109.317218239, -0.021030798999955 ], [ 109.31742033, -0.020981856999927 ], [ 109.317523461, -0.020956880999963 ], [ 109.317802235, -0.02088936999996 ], [ 109.3178081, -0.020887949999975 ], [ 109.317837377, -0.02088085899993 ], [ 109.31795755, -0.020851749999965 ], [ 109.318066287, -0.020826784999936 ], [ 109.318142671, -0.020809247999981 ], [ 109.31834333, -0.020763179999958 ], [ 109.318359407, -0.02076019499998 ], [ 109.31837597, -0.020757119999931 ], [ 109.31837665, -0.020757 ], [ 109.318442451, -0.020744782999951 ], [ 109.318763484, -0.020685190999933 ], [ 109.318879084, -0.020663732999933 ], [ 109.31888551, -0.020662539999939 ], [ 109.318977357, -0.020645488999947 ], [ 109.319063951, -0.020629412999947 ], [ 109.31907108233365, -0.020628089229307 ], [ 109.319098628, -0.020622975999974 ], [ 109.31934533, -0.020577179999975 ], [ 109.319347224, -0.020576866999935 ], [ 109.31934733, -0.020576849999944 ], [ 109.319347317, -0.020576712999969 ], [ 109.3195175, -0.020545027999957 ], [ 109.31952638805825, -0.020543373553875 ], [ 109.319683808, -0.020514070999982 ], [ 109.31968564, -0.020513729999952 ], [ 109.31968568, -0.020514009999944 ], [ 109.319899404, -0.020473690999956 ], [ 109.32000932, -0.020452955999926 ], [ 109.32002345, -0.020450289999936 ], [ 109.320205265, -0.020413080999958 ], [ 109.32020968, -0.020412180999923 ], [ 109.320485478, -0.020355951999932 ], [ 109.32049476, -0.020354059999933 ], [ 109.3204952, -0.020354199999934 ], [ 109.32063266, -0.020326189999945 ], [ 109.3206333, -0.020326059999947 ], [ 109.320640921, -0.02032450699994 ], [ 109.32090872, -0.020269919999981 ], [ 109.320958999, -0.020260144999961 ], [ 109.320961929, -0.020259574999958 ], [ 109.320970694, -0.020257869999974 ], [ 109.321315675, -0.020190778999966 ], [ 109.321522354, -0.020150583999961 ], [ 109.32152515, -0.020150039999976 ], [ 109.321577757046981, -0.020139810329115 ], [ 109.32159223, -0.020136995999969 ], [ 109.32159689, -0.020136089999944 ], [ 109.32159623, -0.020130239999958 ], [ 109.32159689, -0.020135789999928 ], [ 109.32174461, -0.020107239999966 ], [ 109.32174463, -0.020107389999966 ], [ 109.321745569, -0.020107206999968 ], [ 109.322087082, -0.020040516999932 ], [ 109.32213095, -0.02003194999998 ], [ 109.32218144, -0.020022089999942 ], [ 109.32218298, -0.020021789999937 ], [ 109.322236433, -0.020011352999974 ], [ 109.322279784, -0.020002887999973 ], [ 109.32236305, -0.019986629999957 ], [ 109.32236319, -0.019986769999944 ], [ 109.322363565995715, -0.019986697242333 ], [ 109.32244789, -0.019970379999964 ], [ 109.322492088, -0.019961822999962 ], [ 109.32284505, -0.019893486999942 ], [ 109.32297747, -0.019867849999966 ], [ 109.32297892, -0.019867569999974 ], [ 109.323053356, -0.019853161999955 ], [ 109.323131026, -0.019838127999943 ], [ 109.323158293, -0.019832849999945 ], [ 109.32315831, -0.019832989999945 ], [ 109.32326375, -0.019812609999982 ], [ 109.323408266, -0.019784676999967 ], [ 109.323408765, -0.019784580999953 ], [ 109.32346563, -0.019773589999949 ], [ 109.32347217, -0.019772327999937 ], [ 109.32349071, -0.019768749999974 ], [ 109.32350471, -0.019766660999953 ], [ 109.32351792, -0.01976468999994 ], [ 109.323721841, -0.019734251999987 ], [ 109.32372192, -0.019734239999942 ], [ 109.32372146, -0.019730009999938 ], [ 109.32372186, -0.019729939999936 ], [ 109.32372236, -0.01973453999995 ], [ 109.32380966, -0.019721759999936 ], [ 109.324129621, -0.019674371999938 ], [ 109.324129861, -0.01967433599998 ], [ 109.32416719, -0.019668809999927 ], [ 109.324167269, -0.019668797999946 ], [ 109.324167846, -0.01966871299993 ], [ 109.324375622, -0.019638128999934 ], [ 109.324375687, -0.01963811899998 ], [ 109.324375765, -0.019638107999927 ], [ 109.324376917, -0.019637937999968 ], [ 109.32446148, -0.019625489999953 ], [ 109.32451366, -0.01961780899996 ], [ 109.32454504, -0.019613189999974 ], [ 109.3245451, -0.019613629999984 ], [ 109.3247274, -0.019585969999981 ], [ 109.324890921, -0.019551965999947 ], [ 109.32489547, -0.019551019999946 ], [ 109.3248956, -0.019550759999954 ], [ 109.32489565, -0.019550979999967 ], [ 109.32490239, -0.019549579999934 ], [ 109.325329479, -0.01946077199995 ], [ 109.32533069, -0.019460519999946 ], [ 109.325486643, -0.019428083999968 ], [ 109.32556037, -0.019412749999965 ], [ 109.32561352, -0.019401699999945 ], [ 109.32561345, -0.019401209999949 ], [ 109.3256805, -0.019387669999956 ], [ 109.325688476, -0.019386224999948 ], [ 109.32579203, -0.019367459999953 ], [ 109.325792167, -0.019367434999941 ], [ 109.325855196, -0.019356013999924 ], [ 109.326025119, -0.019311535999973 ], [ 109.326028429, -0.019311044999935 ], [ 109.326165896, -0.019292640999937 ], [ 109.32631664, -0.01927245999997 ], [ 109.326317478, -0.01927226099997 ], [ 109.326436471, -0.01925215399996 ], [ 109.326439905, -0.019251573999952 ], [ 109.326497797, -0.019241790999961 ], [ 109.326513946, -0.019238862999946 ], [ 109.326514038, -0.019238845999957 ], [ 109.32652127, -0.019237289999988 ], [ 109.32656149, -0.019229489999937 ], [ 109.32651198, -0.019468649999972 ], [ 109.326484807, -0.01960128799994 ], [ 109.3264848, -0.019601319999936 ], [ 109.32640037, -0.020008729999976 ], [ 109.326262139, -0.020675825999949 ], [ 109.32622793, -0.020840919999961 ], [ 109.32622562, -0.020852049999974 ], [ 109.326225354, -0.02085333599996 ], [ 109.32619636, -0.020993269999968 ], [ 109.326194852, -0.02100054399995 ], [ 109.32619043, -0.021021879999987 ], [ 109.32613618, -0.021283679999957 ], [ 109.32605037, -0.0218 ], [ 109.32602043, -0.021982809999944 ], [ 109.32602563, -0.02198161999996 ], [ 109.32602556, -0.021982009999931 ], [ 109.32602067, -0.021983139999983 ], [ 109.326020205, -0.021985818999957 ], [ 109.3259628, -0.022316629999981 ], [ 109.32596448, -0.022316159999956 ], [ 109.325964272, -0.022317170999945 ], [ 109.325947811, -0.022397293999983 ], [ 109.32593861, -0.022442079999961 ], [ 109.325867116, -0.022790185999958 ], [ 109.325867, -0.022790749999963 ], [ 109.32586461, -0.022791489999979 ], [ 109.32585971, -0.022818619999951 ], [ 109.32585788, -0.022832259999982 ], [ 109.32585469, -0.022856 ], [ 109.32585465, -0.022855989999924 ], [ 109.32583634, -0.022946619999974 ], [ 109.32581973, -0.023116399999932 ], [ 109.32581479, -0.023153199999973 ], [ 109.325806302, -0.023250960999981 ], [ 109.32580584, -0.023256284999949 ], [ 109.32580581, -0.023256629999935 ], [ 109.32579516, -0.023379389999953 ], [ 109.32578119, -0.02350594999996 ], [ 109.32578248, -0.023505719999958 ], [ 109.325780621, -0.023523799999974 ], [ 109.32576881, -0.02363872999997 ], [ 109.32576653, -0.023719399999953 ], [ 109.325765541, -0.023799888999977 ], [ 109.32576554, -0.023799979999985 ], [ 109.325765385, -0.023804709999982 ], [ 109.325757549, -0.024043158999972 ], [ 109.325756, -0.024090279999947 ], [ 109.32575574, -0.024090509999947 ], [ 109.32575606, -0.024090379999971 ], [ 109.325825730516641, -0.024222994515445 ], [ 109.325861251075338, -0.024290606209855 ], [ 109.325865670242521, -0.024299017884452 ], [ 109.325866793, -0.02430115499993 ], [ 109.32598623, -0.024528499999984 ], [ 109.32598634, -0.024528709999974 ], [ 109.326028062, -0.024609278999956 ], [ 109.32602972, -0.024612479999983 ], [ 109.326075977, -0.024701810999945 ], [ 109.32608134, -0.024712169999928 ], [ 109.32608875, -0.024726479999977 ], [ 109.32610202, -0.024746239999967 ], [ 109.32610436, -0.024749719999939 ], [ 109.32610756, -0.024754479999959 ], [ 109.32613238, -0.024791439999949 ], [ 109.32613743, -0.024799429999969 ], [ 109.32614192, -0.02480653999993 ], [ 109.32615308, -0.024829199999944 ], [ 109.3261537, -0.024830219999962 ], [ 109.32615363, -0.024830329999928 ], [ 109.32615492, -0.024832929999954 ], [ 109.32616563, -0.024854809999976 ], [ 109.32570094, -0.025158549999965 ], [ 109.32570016, -0.025159059999965 ], [ 109.32550207, -0.025288529999954 ], [ 109.32548365, -0.02530546999998 ], [ 109.325446853, -0.025339292999941 ], [ 109.32536865, -0.025411179999942 ], [ 109.32493936, -0.02566229999997 ], [ 109.32482298, -0.025733789999952 ], [ 109.32473899, -0.025787659999937 ], [ 109.324424798, -0.025989193999977 ], [ 109.32427174, -0.026087369999968 ], [ 109.32335554, -0.026696632999974 ], [ 109.3233555, -0.026696659999969 ], [ 109.323304911, -0.02660524899995 ], [ 109.32330406, -0.026603709999958 ], [ 109.32330342, -0.026602559999956 ], [ 109.323303187, -0.026602411999933 ], [ 109.32325614, -0.026635219999949 ], [ 109.32286088, -0.026895159999927 ], [ 109.3228587, -0.02690612999994 ], [ 109.32285673, -0.026912089999943 ], [ 109.32277443, -0.026962669999936 ], [ 109.32226338, -0.027275589999934 ], [ 109.32194353, -0.027473429999934 ], [ 109.321939832, -0.027475781999955 ], [ 109.32181961, -0.027552249999932 ], [ 109.32134174, -0.027849459999964 ], [ 109.32120862, -0.027934039999939 ], [ 109.321068307, -0.028021744999934 ], [ 109.32103908, -0.028040009999928 ], [ 109.32030971, -0.028512299999941 ], [ 109.32032198, -0.028504659999956 ], [ 109.320309699, -0.02851250299995 ], [ 109.320251, -0.028419759999961 ], [ 109.32024079, -0.028406679999944 ], [ 109.320223143, -0.028385175999981 ], [ 109.319558751, -0.027575558999956 ], [ 109.319522818, -0.027531776999979 ], [ 109.319522791, -0.027531723999974 ], [ 109.319515721, -0.027532755999974 ], [ 109.319510275, -0.02753354799996 ], [ 109.319508076, -0.027533867999981 ], [ 109.319507213, -0.027533992999964 ], [ 109.319080833, -0.027595992999983 ], [ 109.31906469, -0.027598339999942 ], [ 109.319033061, -0.02760293499995 ], [ 109.319030777, -0.027603266999957 ], [ 109.31878913, -0.027638369999982 ], [ 109.318791518, -0.027660569999965 ], [ 109.318794716, -0.027690313999934 ], [ 109.318797014, -0.027711688999942 ], [ 109.31879951, -0.027734900999982 ], [ 109.318827558, -0.027995852999945 ], [ 109.317644539, -0.028171706999964 ], [ 109.317664747, -0.028463600999945 ], [ 109.317397293, -0.028496213999981 ], [ 109.317396121746782, -0.028496356824696 ], [ 109.317309749556145, -0.028506889204379 ], [ 109.31706356, -0.028536909999965 ], [ 109.31595909, -0.02867158999993 ], [ 109.315683619, -0.028705184999988 ], [ 109.31568358, -0.028705189999932 ], [ 109.315683072, -0.028817856999981 ], [ 109.315683071, -0.02881804999993 ], [ 109.315681875, -0.029083534999937 ], [ 109.315681232, -0.029226411999965 ], [ 109.315680317202705, -0.029429536605398 ], [ 109.3156798, -0.02954437799997 ], [ 109.31567976, -0.029553309999927 ], [ 109.31567971, -0.029553309999927 ], [ 109.31567971, -0.029560039999986 ], [ 109.3156726, -0.030633749999941 ], [ 109.3156726, -0.030634469999943 ], [ 109.31567259, -0.030637569999954 ], [ 109.315672589, -0.030638132999976 ], [ 109.315671414, -0.031151756999975 ], [ 109.315670405, -0.031592822999933 ], [ 109.31566974, -0.031883409999976 ], [ 109.315669737, -0.031884037999928 ], [ 109.31566833, -0.032194779999945 ], [ 109.31566791, -0.032374019999964 ], [ 109.315667903, -0.032378029999962 ], [ 109.31566789, -0.032385589999936 ], [ 109.31566762, -0.032497669999942 ], [ 109.31568762, -0.032562359999931 ], [ 109.315707847659112, -0.032627801969312 ], [ 109.315750084, -0.032764447999971 ], [ 109.31575716, -0.032787339999978 ], [ 109.31576861, -0.032824379999976 ], [ 109.315840976218382, -0.033001471802508 ], [ 109.315244976500665, -0.033632404698913 ], [ 109.315229360244786, -0.033648937601354 ], [ 109.315164279, -0.033717838999961 ], [ 109.315153964, -0.033728759999976 ], [ 109.314848525, -0.03405212799993 ], [ 109.314541251, -0.034377439999964 ], [ 109.31447175, -0.034451019999956 ], [ 109.314467061, -0.03445598499997 ], [ 109.314443352, -0.03448109199997 ], [ 109.31443919, -0.034485499999966 ], [ 109.31441596, -0.034510089999973 ], [ 109.31437593, -0.034555219999954 ], [ 109.314336819, -0.034599318999945 ], [ 109.313994617, -0.03498515499996 ], [ 109.313462324, -0.035584736999968 ], [ 109.31311555, -0.035976379999971 ], [ 109.313113498, -0.035978696999957 ], [ 109.313110409, -0.035982185999962 ], [ 109.31310867, -0.035984149999931 ], [ 109.31310861, -0.035984089999949 ], [ 109.313012094, -0.036092878999967 ], [ 109.31300835, -0.036097099999948 ], [ 109.31293957, -0.036174779999955 ], [ 109.31265569, -0.036495509999956 ], [ 109.31238598, -0.036808899999932 ], [ 109.31238602, -0.036808939999963 ], [ 109.312383294, -0.036812106999941 ], [ 109.3122234, -0.036997879999948 ], [ 109.31220418, -0.037020219999931 ], [ 109.31206114, -0.037186499999971 ], [ 109.31189022, -0.037385209999967 ], [ 109.31173087, -0.037570379999972 ], [ 109.31148064, -0.037861229999981 ], [ 109.311337661, -0.038027458999978 ], [ 109.31133354, -0.038032249999963 ], [ 109.31131555, -0.038053149999947 ], [ 109.31130552, -0.038064809999985 ], [ 109.311305223, -0.038065154999975 ], [ 109.311214875, -0.038170119999967 ], [ 109.31109892, -0.038304859999925 ], [ 109.31107664, -0.038330799999933 ], [ 109.311046413, -0.038365931999988 ], [ 109.31102124, -0.038395189999964 ], [ 109.31088479, -0.03855378999998 ], [ 109.310830970961234, -0.038617037912309 ], [ 109.310329971, -0.039205810999931 ], [ 109.309804186, -0.039823714999954 ], [ 109.30979814, -0.039830819999964 ], [ 109.309452368, -0.040237173999975 ], [ 109.309331382, -0.040379356999945 ], [ 109.309263, -0.040459719999948 ], [ 109.30926877, -0.040581549999961 ], [ 109.30926905, -0.04058730999998 ], [ 109.30907543, -0.040798949999955 ], [ 109.30905055, -0.040826929999985 ], [ 109.308925338, -0.040963551999937 ], [ 109.3086713, -0.041240739999984 ], [ 109.308641926468354, -0.041276935602863 ], [ 109.30833365, -0.04165680999995 ], [ 109.30828024, -0.041720079999952 ], [ 109.30828124, -0.04172079999995 ], [ 109.30815062, -0.041880309999955 ], [ 109.30811458, -0.041922 ], [ 109.30794619, -0.042116789999974 ], [ 109.30794565, -0.042116439999979 ], [ 109.30791032, -0.042158289999983 ], [ 109.307693183, -0.042410331999977 ], [ 109.307692611, -0.042410995999949 ], [ 109.307677267, -0.042428806999974 ], [ 109.30731611, -0.042848029999961 ], [ 109.30708319, -0.043118409999973 ], [ 109.30706578, -0.04317680999998 ], [ 109.3066771, -0.043626489999955 ], [ 109.30655082, -0.043527629999972 ], [ 109.30648192, -0.043593819999955 ], [ 109.30626085, -0.043815169999958 ], [ 109.30626007, -0.043815959999961 ], [ 109.30625574, -0.043812979999934 ], [ 109.306062292, -0.044004629999966 ], [ 109.30605233, -0.044014499999946 ], [ 109.305672661, -0.04438382499996 ], [ 109.30566326, -0.044392969999933 ], [ 109.30491935, -0.045116609999982 ], [ 109.30488221, -0.04515273999994 ], [ 109.30472117, -0.045309399999953 ], [ 109.304684424, -0.045345144999938 ], [ 109.30466027, -0.045368639999931 ], [ 109.304387082, -0.045573439999947 ], [ 109.304532313, -0.045715176999984 ], [ 109.30466339, -0.045830984999958 ], [ 109.30467331, -0.045837249999987 ], [ 109.30467485, -0.04583852999997 ], [ 109.304768263, -0.04591614499998 ], [ 109.304669637, -0.046000681999939 ], [ 109.304668771, -0.046005108999965 ], [ 109.304664802, -0.046000681999939 ], [ 109.303927467, -0.046551870999963 ], [ 109.304048856, -0.046710293999988 ], [ 109.30365745, -0.046998669999935 ], [ 109.303134191, -0.047390531999957 ], [ 109.30296847, -0.047514639999984 ], [ 109.30296683, -0.047515779999974 ], [ 109.30296509, -0.047514539999961 ], [ 109.30290632, -0.047559239999944 ], [ 109.30278911, -0.047640789999942 ], [ 109.30278906, -0.047640679999977 ], [ 109.30276707, -0.04765612999995 ], [ 109.3029817, -0.048059109999937 ], [ 109.303297444, -0.048655568999949 ], [ 109.303303614, -0.048667223999938 ], [ 109.304013899, -0.050008990999972 ], [ 109.30401393, -0.05000904999997 ], [ 109.303702867554449, -0.050266155766899 ], [ 109.30323392, -0.050653759999941 ], [ 109.30318682, -0.050692689999951 ], [ 109.303183619, -0.050695332999965 ], [ 109.303197589, -0.050705711999966 ], [ 109.30321378, -0.05071772999998 ], [ 109.30334235, -0.050813169999968 ], [ 109.30333889, -0.05081645999997 ], [ 109.303329921, -0.050824980999956 ], [ 109.30314566, -0.051000019999949 ], [ 109.30315242, -0.051006699999967 ], [ 109.30314914, -0.05101 ], [ 109.30357939, -0.051434839999959 ], [ 109.303586008, -0.051441367999932 ], [ 109.303586043, -0.051441406999973 ], [ 109.30355218, -0.051475499999932 ], [ 109.303526851, -0.05150026999996 ], [ 109.30349593, -0.051530509999963 ], [ 109.3034928, -0.051533189999929 ], [ 109.30349269, -0.051533309999967 ], [ 109.30345299, -0.051567399999953 ], [ 109.30323113, -0.051757909999942 ], [ 109.30239435, -0.052442329999967 ], [ 109.30189989, -0.052834799999982 ], [ 109.30113328, -0.053447655999957 ], [ 109.30112237, -0.053456377999966 ], [ 109.30109785, -0.053475979999976 ], [ 109.30109165, -0.053480929999988 ], [ 109.30084917, -0.053710669999936 ], [ 109.30038799, -0.05420843999997 ], [ 109.30004631, -0.054572249999984 ], [ 109.29981546, -0.054826599999958 ], [ 109.29932299, -0.055404989999939 ], [ 109.299036638, -0.055714969999944 ], [ 109.298757665, -0.056016961999942 ], [ 109.298748889, -0.05600836999997 ], [ 109.298538686, -0.055802633999978 ], [ 109.298315918, -0.055584598999927 ], [ 109.298066363, -0.055340347999969 ], [ 109.297907419, -0.055184779999931 ], [ 109.297774917, -0.055048570999928 ], [ 109.297772369, -0.055045949999964 ], [ 109.297577939, -0.054846069999942 ], [ 109.297570234, -0.054838149999966 ], [ 109.297679797108728, -0.054712909928464 ], [ 109.296779078752792, -0.053759208139845 ], [ 109.296959075465338, -0.05362759764035 ], [ 109.296787959380083, -0.053438277716248 ] ] ] ] } },
{ "type": "Feature", "properties": { "fid": null, "gid": 611194.0, "kdprov": "61", "kdkab": "71", "kdkec": "031", "kddesa": "004", "iddesa": "6171031004", "nmprov": "KALIMANTAN BARAT", "nmkab": "PONTIANAK", "nmkec": "PONTIANAK KOTA", "nmdesa": "MARIANA", "luas": 0.206317274849598, "sumber": "", "periode": "2024_1", "layer": null, "path": null, "idkec": "6171031" }, "geometry": { "type": "MultiPolygon", "coordinates": [ [ [ [ 109.32633196, -0.023414279999942 ], [ 109.325780621, -0.023523799999974 ], [ 109.32578248, -0.023505719999958 ], [ 109.32578119, -0.02350594999996 ], [ 109.32579516, -0.023379389999953 ], [ 109.32580581, -0.023256629999935 ], [ 109.32580584, -0.023256284999949 ], [ 109.325806302, -0.023250960999981 ], [ 109.32581479, -0.023153199999973 ], [ 109.32581973, -0.023116399999932 ], [ 109.32583634, -0.022946619999974 ], [ 109.32585465, -0.022855989999924 ], [ 109.32585469, -0.022856 ], [ 109.32585788, -0.022832259999982 ], [ 109.32585971, -0.022818619999951 ], [ 109.32586461, -0.022791489999979 ], [ 109.325867, -0.022790749999963 ], [ 109.325867116, -0.022790185999958 ], [ 109.32593861, -0.022442079999961 ], [ 109.325947811, -0.022397293999983 ], [ 109.325964272, -0.022317170999945 ], [ 109.32596448, -0.022316159999956 ], [ 109.3259628, -0.022316629999981 ], [ 109.326020205, -0.021985818999957 ], [ 109.32602067, -0.021983139999983 ], [ 109.32602556, -0.021982009999931 ], [ 109.32602563, -0.02198161999996 ], [ 109.32602043, -0.021982809999944 ], [ 109.32605037, -0.0218 ], [ 109.32613618, -0.021283679999957 ], [ 109.32619043, -0.021021879999987 ], [ 109.326194852, -0.02100054399995 ], [ 109.32619636, -0.020993269999968 ], [ 109.326225354, -0.02085333599996 ], [ 109.32622562, -0.020852049999974 ], [ 109.32622793, -0.020840919999961 ], [ 109.326262139, -0.020675825999949 ], [ 109.32640037, -0.020008729999976 ], [ 109.3264848, -0.019601319999936 ], [ 109.326484807, -0.01960128799994 ], [ 109.32651198, -0.019468649999972 ], [ 109.32656149, -0.019229489999937 ], [ 109.326563605, -0.019219187999971 ], [ 109.32656479, -0.019213419999979 ], [ 109.326768604, -0.019178860999953 ], [ 109.327127643, -0.019117980999967 ], [ 109.32716386, -0.019111839999932 ], [ 109.3275852, -0.019040449999973 ], [ 109.3275852, -0.019040299999978 ], [ 109.32758556, -0.019040236999957 ], [ 109.32772093, -0.019016569999972 ], [ 109.327954803, -0.018975297999929 ], [ 109.32808546, -0.01895223999998 ], [ 109.32811637, -0.018946779999961 ], [ 109.328400459, -0.018894823999971 ], [ 109.32848857, -0.018878709999971 ], [ 109.32848979, -0.018878489999961 ], [ 109.32875493, -0.01883 ], [ 109.32880487, -0.018820799999962 ], [ 109.328809373, -0.018819970999973 ], [ 109.3290015, -0.018784589999943 ], [ 109.32900155, -0.018784579999934 ], [ 109.329082887, -0.018769606999973 ], [ 109.32908314, -0.018769559999952 ], [ 109.32908315, -0.018769769999957 ], [ 109.32918752, -0.018750269999943 ], [ 109.32964055, -0.018665109999968 ], [ 109.32964065, -0.018665519999957 ], [ 109.32981427, -0.018633659999988 ], [ 109.329818869, -0.01863290499995 ], [ 109.330032674, -0.018597828999938 ], [ 109.3301177, -0.018583879999938 ], [ 109.33042994, -0.018533678999984 ], [ 109.330488378, -0.018524283999967 ], [ 109.33050445, -0.018521699999951 ], [ 109.33068372, -0.018479239999979 ], [ 109.33068407, -0.018479159999971 ], [ 109.33083997, -0.018441749999968 ], [ 109.330843774, -0.01845438299995 ], [ 109.330850762, -0.018477587999944 ], [ 109.33085194, -0.018481499999954 ], [ 109.330850799, -0.018477638999971 ], [ 109.330842951, -0.01845109099998 ], [ 109.33084019, -0.018441749999968 ], [ 109.330840592, -0.018441654999952 ], [ 109.33105876, -0.018389899999934 ], [ 109.33115161, -0.018367869999965 ], [ 109.33165864, -0.018205829999948 ], [ 109.33172108, -0.018185869999969 ], [ 109.3317218, -0.018185429999963 ], [ 109.33174408, -0.018171739999958 ], [ 109.3319497, -0.01804537999993 ], [ 109.33197741, -0.018028359999963 ], [ 109.33200213, -0.01801326999993 ], [ 109.33204521, -0.017986879999969 ], [ 109.33220665, -0.017887739999947 ], [ 109.332211446, -0.017884782999948 ], [ 109.33229426, -0.017833719999946 ], [ 109.33229766, -0.017831619999923 ], [ 109.33256045, -0.017626039999931 ], [ 109.332640119, -0.017563706999963 ], [ 109.33264717, -0.017558189999938 ], [ 109.3326473, -0.017558279999944 ], [ 109.33274901, -0.017478919999977 ], [ 109.33278212, -0.01745308999995 ], [ 109.33281745, -0.017425809999961 ], [ 109.33281758, -0.017425719999946 ], [ 109.33281746, -0.017425779999939 ], [ 109.33281832, -0.017424329999936 ], [ 109.33296225, -0.017178969999985 ], [ 109.33310714, -0.016963769999964 ], [ 109.33312364, -0.016937349999985 ], [ 109.33318024, -0.016855189999944 ], [ 109.33318493, -0.016848219999932 ], [ 109.33318566, -0.016847319999962 ], [ 109.33318717, -0.016845129999978 ], [ 109.333518287, -0.01643674199994 ], [ 109.333522498, -0.016431547999968 ], [ 109.333526315, -0.016426889999939 ], [ 109.33352631, -0.016426849999958 ], [ 109.333526993, -0.016425847999933 ], [ 109.333527168, -0.016425591999967 ], [ 109.334671358, -0.014746917999967 ], [ 109.334836204, -0.01488640299994 ], [ 109.335326005, -0.015300849999962 ], [ 109.335675171, -0.015589812999967 ], [ 109.336083549, -0.015927779999973 ], [ 109.336168042, -0.015997703999981 ], [ 109.336183764, -0.01601071499994 ], [ 109.336551753, -0.016315256999972 ], [ 109.336856806, -0.016567712999971 ], [ 109.336917037, -0.01661755899995 ], [ 109.337873855, -0.017409403999986 ], [ 109.338254339, -0.017753481999929 ], [ 109.33697042, -0.019266109999945 ], [ 109.336970178, -0.019266371999951 ], [ 109.33697027, -0.019266449999981 ], [ 109.33684975, -0.019396889999944 ], [ 109.3368429, -0.019404469999927 ], [ 109.33683397, -0.019414369999943 ], [ 109.336829553, -0.019418675999932 ], [ 109.33682365, -0.019425069999957 ], [ 109.336393637, -0.019843704999975 ], [ 109.33631191, -0.019923389999977 ], [ 109.33600974, -0.020168439999963 ], [ 109.33600034, -0.02016093999993 ], [ 109.33600026, -0.020161009999937 ], [ 109.33600974, -0.020168659999973 ], [ 109.336009454, -0.020168890999968 ], [ 109.33593441, -0.020229539999949 ], [ 109.3357111, -0.020485969999929 ], [ 109.33541018, -0.020831029999953 ], [ 109.33502162, -0.021329919999972 ], [ 109.33501071, -0.021345908999934 ], [ 109.33488525, -0.021529769999979 ], [ 109.334885025, -0.021530098999962 ], [ 109.33471189, -0.02178345999994 ], [ 109.33455421, -0.021936519999939 ], [ 109.334545544, -0.021945884999985 ], [ 109.33386155, -0.022684859999966 ], [ 109.333716874, -0.02280231299995 ], [ 109.333713639, -0.022804938999973 ], [ 109.33368698, -0.022826579999964 ], [ 109.333493059, -0.023246327999967 ], [ 109.333248496, -0.023775690999976 ], [ 109.33324791, -0.023776959999969 ], [ 109.33306986, -0.024170769999961 ], [ 109.333067531, -0.024175858999968 ], [ 109.33262265, -0.023983099999959 ], [ 109.33213837, -0.023801679999966 ], [ 109.33154265, -0.023517969999949 ], [ 109.33153959, -0.023516449999939 ], [ 109.33118899, -0.023342979999936 ], [ 109.331188441, -0.023343863999969 ], [ 109.331187014, -0.02334281599998 ], [ 109.33099075, -0.023198769999974 ], [ 109.33099043, -0.023199219999926 ], [ 109.33079514, -0.023055169999972 ], [ 109.330588858, -0.022916483999945 ], [ 109.33057374, -0.022906319999948 ], [ 109.33005764, -0.022560599999971 ], [ 109.3300604, -0.022403159999956 ], [ 109.33004462, -0.022404849999933 ], [ 109.32990337, -0.022419909999948 ], [ 109.329363544, -0.022477489999969 ], [ 109.32936171, -0.022477685999948 ], [ 109.32936155, -0.022477699999974 ], [ 109.3293616, -0.022491529999966 ], [ 109.32936186, -0.022561089999951 ], [ 109.329362528, -0.022743735999943 ], [ 109.32936253, -0.022744239999963 ], [ 109.32936299, -0.022872169999969 ], [ 109.329366738, -0.023034456999932 ], [ 109.32936674, -0.02303453999997 ], [ 109.32936287, -0.023034649999952 ], [ 109.32936289, -0.023050289999962 ], [ 109.32878678, -0.023050249999934 ], [ 109.32835138, -0.023062029999954 ], [ 109.32785865, -0.023077659999964 ], [ 109.32779644, -0.023090639999974 ], [ 109.32779636, -0.02309065699996 ], [ 109.32779633, -0.023090662999949 ], [ 109.32740031, -0.023174349999975 ], [ 109.32721451, -0.023217219999932 ], [ 109.32673102, -0.023334819999952 ], [ 109.32633196, -0.023414279999942 ] ] ] ] } },
{ "type": "Feature", "properties": { "fid": null, "gid": 609339.0, "kdprov": "61", "kdkab": "71", "kdkec": "011", "kddesa": "003", "iddesa": "6171011003", "nmprov": "KALIMANTAN BARAT", "nmkab": "PONTIANAK", "nmkec": "PONTIANAK TENGGARA", "nmdesa": "BANSIR LAUT", "luas": 0.75003744711031695, "sumber": "", "periode": "2024_1", "layer": null, "path": null, "idkec": "6171011" }, "geometry": { "type": "MultiPolygon", "coordinates": [ [ [ [ 109.33863482, -0.06444128999994 ], [ 109.33778555, -0.063685199999958 ], [ 109.337738277650971, -0.063632181659737 ], [ 109.33697667, -0.062778 ], [ 109.33699941, -0.062751129999931 ], [ 109.33699956, -0.062750949999948 ], [ 109.337018003, -0.062729148999956 ], [ 109.33717821, -0.06253976999995 ], [ 109.337225887, -0.06248332399997 ], [ 109.33739007, -0.062288939999975 ], [ 109.337463666, -0.062207084999957 ], [ 109.33776193, -0.061875348999931 ], [ 109.33776282, -0.061874359999942 ], [ 109.337804466, -0.061825272999959 ], [ 109.33790672, -0.061704749999938 ], [ 109.337913236, -0.061698537999978 ], [ 109.33806153, -0.061557159999953 ], [ 109.33827237, -0.061356129999986 ], [ 109.33831643, -0.061303039999929 ], [ 109.33839454, -0.061208909999952 ], [ 109.33839545, -0.061207809999929 ], [ 109.338490765, -0.061098426999941 ], [ 109.33878651, -0.060759029999929 ], [ 109.33906153, -0.060455949999949 ], [ 109.33906168, -0.060455779999936 ], [ 109.339088716, -0.060425963999944 ], [ 109.3394098, -0.060071859999939 ], [ 109.33941358, -0.060067439999955 ], [ 109.339493853, -0.059973555999931 ], [ 109.33957045, -0.059883969999936 ], [ 109.339997656, -0.059387102999955 ], [ 109.34000556, -0.059377909999967 ], [ 109.34010489, -0.059251269999946 ], [ 109.34034496, -0.058945208999951 ], [ 109.34037646, -0.05890504999997 ], [ 109.340555358, -0.058701729999946 ], [ 109.3406954, -0.058542569999935 ], [ 109.340956973, -0.058240075999949 ], [ 109.34099168, -0.058199939999948 ], [ 109.34106121, -0.058119529999938 ], [ 109.34156509, -0.057544679999977 ], [ 109.34167767, -0.05742424999995 ], [ 109.341778666, -0.057316114999939 ], [ 109.34188082, -0.057206739999971 ], [ 109.3422455, -0.056795519999976 ], [ 109.342379367, -0.056644533999925 ], [ 109.34248251, -0.056528199999945 ], [ 109.34289589, -0.056048719999984 ], [ 109.34324832, -0.055639889999958 ], [ 109.343262224, -0.05562369699993 ], [ 109.34327049, -0.055614069999933 ], [ 109.34330128, -0.05557813999997 ], [ 109.34332386, -0.055551889999948 ], [ 109.34334775, -0.05552402999996 ], [ 109.34342187, -0.055437829999966 ], [ 109.343435805, -0.05542191599995 ], [ 109.34454907, -0.054150569999934 ], [ 109.34454909, -0.054150539999969 ], [ 109.344825295817358, -0.05383495581235 ], [ 109.345253050409909, -0.053346216701486 ], [ 109.34538679, -0.053193409999955 ], [ 109.34538676, -0.05319337999993 ], [ 109.34554801, -0.053009349999972 ], [ 109.34555243, -0.053004299999939 ], [ 109.34555252, -0.053004199999976 ], [ 109.345569366016065, -0.05298555911619 ], [ 109.34560095, -0.052950609999927 ], [ 109.34610034, -0.052406189999946 ], [ 109.34610039, -0.05240613999996 ], [ 109.34642279, -0.052033359999948 ], [ 109.34642281, -0.052033339999986 ], [ 109.346557821, -0.051895673999981 ], [ 109.34656875, -0.051884529999943 ], [ 109.346566717, -0.051881892999969 ], [ 109.34656303, -0.05187710999997 ], [ 109.34660198, -0.051829869999952 ], [ 109.34703206, -0.051305869999965 ], [ 109.34738903, -0.050942819999931 ], [ 109.347849823, -0.050185315999962 ], [ 109.347995861191833, -0.049945241840325 ], [ 109.348017375, -0.049909874999975 ], [ 109.34801721, -0.049908863999974 ], [ 109.348029977, -0.049889158999982 ], [ 109.34804286, -0.049867979999935 ], [ 109.348857904, -0.04865027499995 ], [ 109.34892326, -0.048552629999957 ], [ 109.34892383, -0.048551669999944 ], [ 109.34892504, -0.048549769999974 ], [ 109.3494416, -0.047695479999958 ], [ 109.349444646, -0.047691651999973 ], [ 109.34970548, -0.047363909999943 ], [ 109.34971326, -0.047353799999937 ], [ 109.34993041, -0.047071509999965 ], [ 109.350084064, -0.046943109999976 ], [ 109.350112455, -0.046919384999966 ], [ 109.35017044, -0.046870929999957 ], [ 109.3502256, -0.046824849999956 ], [ 109.35022637, -0.046824199999941 ], [ 109.35038242, -0.046643580999961 ], [ 109.35042155, -0.046598289999971 ], [ 109.35077188, -0.046193249999926 ], [ 109.3510739, -0.045863739999967 ], [ 109.35107405, -0.04586357999995 ], [ 109.35107407, -0.045863599999963 ], [ 109.351086092, -0.045851173999948 ], [ 109.35117298, -0.04576137 ], [ 109.35146751, -0.045473349999958 ], [ 109.3514975, -0.045440739999949 ], [ 109.35171534, -0.045203889999923 ], [ 109.35177007, -0.045146679999964 ], [ 109.351972957, -0.044934578999974 ], [ 109.35197309, -0.044934439999965 ], [ 109.35169891, -0.044641699999939 ], [ 109.35169894, -0.044641669999983 ], [ 109.351698812, -0.044641530999971 ], [ 109.35234029, -0.044016669999965 ], [ 109.352351977, -0.044004703999971 ], [ 109.35238935, -0.043966439999969 ], [ 109.35266536, -0.043688459999952 ], [ 109.35295843, -0.043424209999958 ], [ 109.35296066, -0.043422319999943 ], [ 109.35329386, -0.043139479999984 ], [ 109.35332699, -0.04311135999996 ], [ 109.353583959, -0.042862684999936 ], [ 109.35362318, -0.042824729999955 ], [ 109.353766936, -0.042702058999959 ], [ 109.35383733, -0.042641989999945 ], [ 109.35393985, -0.042554359999945 ], [ 109.35400849, -0.04249377999998 ], [ 109.354008632, -0.042493650999976 ], [ 109.35404273561096, -0.04246344763095 ], [ 109.354193978, -0.042329501999973 ], [ 109.354194062, -0.042329431999985 ], [ 109.3541941, -0.042329399999975 ], [ 109.354360779, -0.04220664499997 ], [ 109.354372859, -0.042197747999988 ], [ 109.35437394, -0.042197 ], [ 109.35437392, -0.042196959999954 ], [ 109.35437194, -0.042196569999932 ], [ 109.354370368, -0.042196260999964 ], [ 109.354371761, -0.04219521599993 ], [ 109.355128704, -0.041501706999961 ], [ 109.355463011, -0.041854084999956 ], [ 109.355729155, -0.042134614999955 ], [ 109.355751902, -0.042158590999979 ], [ 109.355942425, -0.042359412999927 ], [ 109.356279058, -0.042714242999983 ], [ 109.356660733, -0.043116548999941 ], [ 109.35717848, -0.043662281999965 ], [ 109.357215825, -0.043701645999937 ], [ 109.357345345, -0.043838165999939 ], [ 109.357347661, -0.043840606999937 ], [ 109.357880502, -0.044402250999953 ], [ 109.358081572, -0.044574597999946 ], [ 109.35813546, -0.044620786999935 ], [ 109.358580129, -0.045001930999951 ], [ 109.358731079, -0.045131316999977 ], [ 109.358994383, -0.045357005999966 ], [ 109.359471328, -0.045765815999975 ], [ 109.359720403, -0.045979308999965 ], [ 109.360239124, -0.04642392699998 ], [ 109.359541554, -0.047241002999954 ], [ 109.359541634, -0.047241089999946 ], [ 109.359303933, -0.047515238999956 ], [ 109.359223580625766, -0.047607913913264 ], [ 109.35904768, -0.047810789999981 ], [ 109.35904629, -0.047812519999978 ], [ 109.35875978, -0.048171029999943 ], [ 109.35863112, -0.048331589999981 ], [ 109.35857118, -0.04840208999997 ], [ 109.358522530964777, -0.048459085245279 ], [ 109.358487897, -0.048499660999942 ], [ 109.35835294, -0.048657769999982 ], [ 109.35769897, -0.049397059999938 ], [ 109.35767717, -0.04942509999995 ], [ 109.35764204, -0.049465479999982 ], [ 109.35750742, -0.049637239999926 ], [ 109.357411057, -0.049767167999959 ], [ 109.35738741, -0.049799047999956 ], [ 109.35735667, -0.04984048999996 ], [ 109.35731449, -0.049889839999945 ], [ 109.357276741, -0.049934 ], [ 109.35710104, -0.050139539999985 ], [ 109.35692792, -0.050364099999972 ], [ 109.356870639, -0.050445027999954 ], [ 109.35680947, -0.05053144999994 ], [ 109.356770869, -0.050580489999962 ], [ 109.35667158, -0.050706629999977 ], [ 109.3566715, -0.050706769999976 ], [ 109.35666958, -0.050710409999969 ], [ 109.35664686, -0.050753479999976 ], [ 109.356441115, -0.051143595999974 ], [ 109.35644106, -0.051143699999964 ], [ 109.35644109, -0.051143719999978 ], [ 109.35640848, -0.051207179999956 ], [ 109.35630525, -0.051408339999966 ], [ 109.35619274, -0.05154707999998 ], [ 109.35613664, -0.051616299999987 ], [ 109.356043308, -0.051802123999958 ], [ 109.35600333, -0.051881719999934 ], [ 109.355940358371512, -0.051995008718134 ], [ 109.35552234, -0.052745149999976 ], [ 109.35540388, -0.052904229999972 ], [ 109.35523804, -0.053126659999975 ], [ 109.35512452, -0.053307309999986 ], [ 109.35499541, -0.053512429999958 ], [ 109.35475253, -0.053836539999968 ], [ 109.35443461, -0.054302569999953 ], [ 109.35431954, -0.054470939999939 ], [ 109.35412604, -0.054766 ], [ 109.354070546, -0.054858282999925 ], [ 109.35401238, -0.054955009999955 ], [ 109.353957498, -0.055027025999946 ], [ 109.35382539, -0.05520037999998 ], [ 109.35381106, -0.055221369999979 ], [ 109.353728289, -0.055341147999975 ], [ 109.35364546, -0.055461009999934 ], [ 109.35350465, -0.055664839999968 ], [ 109.35350356, -0.055666409999957 ], [ 109.35327172, -0.055993829999973 ], [ 109.35306483, -0.056331769999928 ], [ 109.35282064, -0.056718179999966 ], [ 109.35250947, -0.057194239999947 ], [ 109.35201768, -0.057994279999948 ], [ 109.35199141, -0.058032299999988 ], [ 109.351879054, -0.058194205999943 ], [ 109.35182393, -0.058273639999933 ], [ 109.35135513, -0.058904249999962 ], [ 109.351019687574677, -0.059396368068926 ], [ 109.350786928669478, -0.059737842057626 ], [ 109.350525116, -0.060121939999931 ], [ 109.35025012640115, -0.060533710223892 ], [ 109.350220503, -0.060578869999977 ], [ 109.349973094058456, -0.060953496116432 ], [ 109.34995057, -0.060987601999957 ], [ 109.349942218, -0.061000247999968 ], [ 109.349800676690592, -0.061214568943585 ], [ 109.349476691, -0.061705145999955 ], [ 109.34942793, -0.061778979999933 ], [ 109.349415826873567, -0.061797446098968 ], [ 109.349207901728334, -0.06211486114621 ], [ 109.34907529, -0.062322399999973 ], [ 109.34907411, -0.062324169999952 ], [ 109.34902607, -0.062399269999965 ], [ 109.34884289, -0.062614909999982 ], [ 109.34884152, -0.062616519999955 ], [ 109.348734618852419, -0.062742361405957 ], [ 109.348599421690125, -0.062901512185696 ], [ 109.34821728, -0.063351359999954 ], [ 109.34811067, -0.063471059999929 ], [ 109.34811051, -0.063471239999962 ], [ 109.348106574104861, -0.063475659136374 ], [ 109.34792318, -0.06368156999998 ], [ 109.347841921066987, -0.06377623237227 ], [ 109.34783594, -0.063783199999938 ], [ 109.347766619, -0.063857358999944 ], [ 109.347496658174393, -0.064146162991751 ], [ 109.347169868, -0.064495762999967 ], [ 109.346916311680033, -0.064766794012268 ], [ 109.34665161478479, -0.065049627591839 ], [ 109.346540319702385, -0.065168548467426 ], [ 109.34646284688877, -0.065251329616687 ], [ 109.346382507242723, -0.065337174029983 ], [ 109.34633108, -0.065392124999972 ], [ 109.346331062, -0.065392146999956 ], [ 109.34615686, -0.06559501999994 ], [ 109.3461088, -0.06565175999998 ], [ 109.34608904, -0.065675137999965 ], [ 109.34583741, -0.065972839999978 ], [ 109.345689981817841, -0.066113301858935 ], [ 109.34530114, -0.066483769999932 ], [ 109.34530099, -0.066483909999938 ], [ 109.345254040416819, -0.066533968971889 ], [ 109.345002030763141, -0.066802668784102 ], [ 109.344266356, -0.067587065999931 ], [ 109.343306213056024, -0.068610796769642 ], [ 109.34323177, -0.06869016999997 ], [ 109.34323159, -0.068690409999934 ], [ 109.343230308, -0.068689220999942 ], [ 109.340948313, -0.066572983999949 ], [ 109.34065771, -0.06630348999994 ], [ 109.34029127, -0.065963679999922 ], [ 109.34029125, -0.065963659999973 ], [ 109.33863482, -0.06444128999994 ] ] ] ] } },
{ "type": "Feature", "properties": { "fid": null, "gid": 609208.0, "kdprov": "61", "kdkab": "71", "kdkec": "011", "kddesa": "002", "iddesa": "6171011002", "nmprov": "KALIMANTAN BARAT", "nmkab": "PONTIANAK", "nmkec": "PONTIANAK TENGGARA", "nmdesa": "BANGKA BELITUNG DARAT", "luas": 0.052018995834629003, "sumber": "", "periode": "2024_1", "layer": null, "path": null, "idkec": "6171011" }, "geometry": { "type": "MultiPolygon", "coordinates": [ [ [ [ 109.346634833, -0.093219386999974 ], [ 109.34613037, -0.094116209999927 ], [ 109.345912421, -0.094410440999977 ], [ 109.344613821, -0.096163545999962 ], [ 109.344565351, -0.096228980999976 ], [ 109.344559609, -0.096236738999961 ], [ 109.343695035, -0.09740391099996 ], [ 109.343692049, -0.097407938999942 ], [ 109.34368896, -0.097412109999932 ], [ 109.343665497, -0.097402 ], [ 109.343116789, -0.097165632999983 ], [ 109.340830457, -0.096180750999967 ], [ 109.339852984, -0.096011070999965 ], [ 109.340837182, -0.093485504999935 ], [ 109.340847551, -0.093479 ], [ 109.341591533, -0.091864120999958 ], [ 109.340824007, -0.091862541999943 ], [ 109.340819799, -0.091488067999932 ], [ 109.340917613, -0.090746578999928 ], [ 109.34081252, -0.090726560999944 ], [ 109.340811246, -0.090726888999934 ], [ 109.340811183, -0.090721273999973 ], [ 109.340811056, -0.090709945999951 ], [ 109.34083761, -0.090655619999957 ], [ 109.34083775, -0.090655339999965 ], [ 109.34157111, -0.089335449999966 ], [ 109.342102477, -0.088455169999983 ], [ 109.34223739, -0.088231669999978 ], [ 109.34224077, -0.08822605999996 ], [ 109.34224079, -0.088226029999938 ], [ 109.34224082, -0.088226049999952 ], [ 109.342269230890125, -0.08817665517681 ], [ 109.34256284, -0.087666189999943 ], [ 109.342885830175504, -0.087124098348405 ], [ 109.34357077892578, -0.085974512300885 ], [ 109.344036765, -0.085192422999977 ], [ 109.34409726, -0.085086119999966 ], [ 109.344393621, -0.084640439999934 ], [ 109.34447728, -0.084514629999942 ], [ 109.34482577, -0.083935129999927 ], [ 109.34482611, -0.083934569999949 ], [ 109.34527217, -0.083192759999979 ], [ 109.34552852, -0.082731269999957 ], [ 109.34552917, -0.082730109999946 ], [ 109.345545637, -0.082703832999932 ], [ 109.345645227, -0.082544909999969 ], [ 109.345659291, -0.082554150999957 ], [ 109.345659291, -0.082506097999962 ], [ 109.346152514, -0.081705869999953 ], [ 109.346580949, -0.081010757999938 ], [ 109.346992954, -0.080342300999973 ], [ 109.346960938, -0.080317807999961 ], [ 109.34716291, -0.07998746999994 ], [ 109.347220425, -0.079883671999939 ], [ 109.347426087, -0.07951251399993 ], [ 109.34752707, -0.079330268999975 ], [ 109.347588254, -0.07921979899993 ], [ 109.34759258, -0.079211989999979 ], [ 109.34783899, -0.078804259999979 ], [ 109.347852271, -0.078782245999957 ], [ 109.347859328, -0.078770548999953 ], [ 109.34790904, -0.078688149999948 ], [ 109.34829554, -0.077932609999948 ], [ 109.34829568, -0.077932329999955 ], [ 109.34829574, -0.077932359999978 ], [ 109.34829711, -0.077929649999936 ], [ 109.34853618, -0.077486319999936 ], [ 109.34868504, -0.077185199999982 ], [ 109.34905463, -0.076437559999941 ], [ 109.34908668, -0.076373039999963 ], [ 109.34908742, -0.076371549999974 ], [ 109.349149521, -0.076246529999935 ], [ 109.349159499, -0.076226441999955 ], [ 109.34917314, -0.076198979999965 ], [ 109.34930837, -0.075966179999973 ], [ 109.34930817, -0.075965969999978 ], [ 109.34930814, -0.075965939999945 ], [ 109.34930898, -0.075964499999945 ], [ 109.349336906, -0.075916729999963 ], [ 109.349364466, -0.075869585999962 ], [ 109.34936489, -0.075868859999962 ], [ 109.34936491, -0.075868819999929 ], [ 109.34952603, -0.075592149999982 ], [ 109.34952615, -0.075591949999938 ], [ 109.349564829, -0.07552664499997 ], [ 109.349768651, -0.07518251099998 ], [ 109.349870911, -0.075009853999973 ], [ 109.34988941, -0.074978619999978 ], [ 109.350056671, -0.07467965499996 ], [ 109.350147199, -0.074517843999965 ], [ 109.350169597, -0.074477808999976 ], [ 109.35017521, -0.074467776999948 ], [ 109.35035864, -0.074139909999925 ], [ 109.35035871, -0.074139769999941 ], [ 109.350359395, -0.074138530999963 ], [ 109.35036859, -0.07412190399998 ], [ 109.35038167, -0.074098249999967 ], [ 109.35062157, -0.073615819999927 ], [ 109.350624853, -0.07360924499994 ], [ 109.35063967, -0.07357956999994 ], [ 109.350738035, -0.073422389999962 ], [ 109.350848883, -0.073245261999951 ], [ 109.350974242, -0.073044947999973 ], [ 109.35121168, -0.072665539999942 ], [ 109.35121172, -0.072665469999957 ], [ 109.351363348, -0.072394481999942 ], [ 109.35136951, -0.072383469999987 ], [ 109.35136968, -0.072383159999961 ], [ 109.35136972, -0.072383099999967 ], [ 109.351368729, -0.072382391999956 ], [ 109.351378236, -0.072364746999938 ], [ 109.3515388, -0.072066739999976 ], [ 109.351573639, -0.072002078999968 ], [ 109.35170119, -0.071765339999967 ], [ 109.351761607, -0.071663499999947 ], [ 109.3519135, -0.071407469999945 ], [ 109.352007792, -0.071244980999951 ], [ 109.35202424, -0.071216639999936 ], [ 109.3520246, -0.07121598999993 ], [ 109.35220785, -0.070900149999944 ], [ 109.35220798, -0.070899939999952 ], [ 109.35223938, -0.070845809999985 ], [ 109.352281404, -0.070766282999955 ], [ 109.352350395, -0.070635720999983 ], [ 109.35235234, -0.070632039999968 ], [ 109.35235244, -0.07063185999994 ], [ 109.35254649, -0.070264599999974 ], [ 109.3525466, -0.070264409999936 ], [ 109.35260971, -0.070144969999952 ], [ 109.352651222, -0.070071342999951 ], [ 109.352710224, -0.069966696999924 ], [ 109.352727701, -0.069935699999984 ], [ 109.352734793, -0.069923121999983 ], [ 109.35275702, -0.069883699999938 ], [ 109.3527573, -0.069883189999931 ], [ 109.35281708, -0.069777159999949 ], [ 109.35296783, -0.069508959999948 ], [ 109.352968, -0.069508649999935 ], [ 109.353153084, -0.069179348999971 ], [ 109.35315754, -0.069171419999986 ], [ 109.35321831, -0.069057949999954 ], [ 109.35321833, -0.069057909999975 ], [ 109.353218527, -0.069057542999928 ], [ 109.353369184, -0.068776311999951 ], [ 109.35346643, -0.068594782999982 ], [ 109.353595693, -0.068353486999968 ], [ 109.353641154198726, -0.06826862463907 ], [ 109.35367684, -0.068202009999946 ], [ 109.35367691, -0.068201879999952 ], [ 109.35392969, -0.067749459999967 ], [ 109.353936216, -0.067737629999952 ], [ 109.35396453, -0.067686299999937 ], [ 109.353999954, -0.067622091999972 ], [ 109.354115701, -0.067412289999946 ], [ 109.354199103, -0.067261117999972 ], [ 109.354313517, -0.067053732999968 ], [ 109.354523515311897, -0.066688822075984 ], [ 109.354896327, -0.066013289999944 ], [ 109.354927739923895, -0.065956372572051 ], [ 109.35501585, -0.065796719999979 ], [ 109.35501595, -0.065796549999969 ], [ 109.35533287, -0.065276029999956 ], [ 109.355375928, -0.065196154999965 ], [ 109.35562976, -0.064725279999948 ], [ 109.35626222, -0.063675099999961 ], [ 109.35771992, -0.065272789999946 ], [ 109.358479149, -0.066148600999949 ], [ 109.35849451, -0.066166319999986 ], [ 109.358588146, -0.066274337999973 ], [ 109.358588636, -0.066274903999958 ], [ 109.35930032, -0.067095899999971 ], [ 109.359302032, -0.067097857999961 ], [ 109.361390208, -0.069485786999957 ], [ 109.361476148, -0.06958406399997 ], [ 109.36150481, -0.069616839999979 ], [ 109.36150493, -0.069616589999961 ], [ 109.36154012, -0.069652229999979 ], [ 109.361465857, -0.069775152999971 ], [ 109.361309619, -0.070033748999956 ], [ 109.360889352, -0.070729360999959 ], [ 109.360470483, -0.071422660999936 ], [ 109.360426365, -0.071495683999954 ], [ 109.360285588, -0.071728698999956 ], [ 109.36027898, -0.07173963699996 ], [ 109.360207459, -0.071858014999982 ], [ 109.360111058, -0.072017572999925 ], [ 109.360109977, -0.072019361999936 ], [ 109.360090568, -0.072051485999971 ], [ 109.360061692, -0.072099279999979 ], [ 109.359777772, -0.072577230999968 ], [ 109.359758389, -0.072609862999976 ], [ 109.359690969, -0.072723357999967 ], [ 109.359663042, -0.072770827999929 ], [ 109.359620362, -0.072843380999925 ], [ 109.359587362, -0.072899481999969 ], [ 109.359576477, -0.07291798799998 ], [ 109.35954367, -0.072973760999956 ], [ 109.359457638, -0.073120018999926 ], [ 109.359453698, -0.073126718999962 ], [ 109.3593394, -0.073321022999951 ], [ 109.359329138, -0.073338468999965 ], [ 109.359247478, -0.073477288999928 ], [ 109.359244515, -0.073482327999956 ], [ 109.359143272, -0.073654432999945 ], [ 109.359130301, -0.073676481999938 ], [ 109.358924671, -0.074026051999975 ], [ 109.358899079, -0.074069558999957 ], [ 109.358724162, -0.074366909999986 ], [ 109.358710379, -0.074390343999946 ], [ 109.35870361, -0.074401849999966 ], [ 109.358602814, -0.074542351999986 ], [ 109.358601878, -0.074543654999958 ], [ 109.358483621, -0.074708499999925 ], [ 109.358273831, -0.075000937999964 ], [ 109.358247332, -0.075043794999952 ], [ 109.358029288, -0.075396433 ], [ 109.357920142, -0.075572952999953 ], [ 109.357920081, -0.075573050999941 ], [ 109.357882389905967, -0.07563400864714 ], [ 109.357721732, -0.075893839999943 ], [ 109.357702426, -0.075925063999944 ], [ 109.35765653, -0.075999290999955 ], [ 109.357152412, -0.076814595999968 ], [ 109.357101882, -0.076896315999944 ], [ 109.35709951, -0.076900152999938 ], [ 109.356988534, -0.077079633999976 ], [ 109.35680792, -0.07737173799995 ], [ 109.356800065, -0.077384441999927 ], [ 109.356593152, -0.077719078999967 ], [ 109.35659137, -0.077721960999958 ], [ 109.356497754, -0.077873363999975 ], [ 109.356402253, -0.07802781699997 ], [ 109.356355079, -0.078104110999966 ], [ 109.356265291, -0.07824932099993 ], [ 109.35626383, -0.078251682999961 ], [ 109.356073217, -0.078559959999948 ], [ 109.356068588, -0.07856744799995 ], [ 109.356067251, -0.078569610999978 ], [ 109.355864439, -0.078897618999973 ], [ 109.355863284, -0.078899486999949 ], [ 109.35566155, -0.079225747999951 ], [ 109.355660569, -0.079227669999972 ], [ 109.355654721, -0.079239140999963 ], [ 109.355573762, -0.079397940999969 ], [ 109.355441929703716, -0.079656537116846 ], [ 109.355439211, -0.079661869999939 ], [ 109.355406999, -0.079725053999945 ], [ 109.355399893, -0.079738990999942 ], [ 109.355289169442912, -0.079956184315297 ], [ 109.355279221, -0.079975698999933 ], [ 109.355217913, -0.080095957999956 ], [ 109.35510254, -0.080322269999959 ], [ 109.35500761, -0.080450059999976 ], [ 109.355003644, -0.080455398999967 ], [ 109.354996697, -0.080464750999961 ], [ 109.35498796, -0.08047651299996 ], [ 109.35489303, -0.080604301999934 ], [ 109.35478751, -0.080746347999945 ], [ 109.354764978, -0.080776681999964 ], [ 109.354549091, -0.081067297999942 ], [ 109.354540259, -0.081079185999962 ], [ 109.354306656, -0.081393650999937 ], [ 109.35428451, -0.081423461999986 ], [ 109.354280252, -0.081429191999975 ], [ 109.354232661, -0.081493260999944 ], [ 109.354068607, -0.081714101999978 ], [ 109.354016586, -0.081784129999959 ], [ 109.353703738, -0.082205270999966 ], [ 109.353632171, -0.082301610999937 ], [ 109.353552076, -0.08240942899994 ], [ 109.353129988, -0.082977628999968 ], [ 109.353031219, -0.083110583999944 ], [ 109.352835203, -0.083374448999965 ], [ 109.352736038, -0.083507942999971 ], [ 109.352734718, -0.083509720999936 ], [ 109.352532641, -0.083781746999935 ], [ 109.352464042, -0.083874088999945 ], [ 109.352285628, -0.084114262999948 ], [ 109.352263209, -0.084144442999956 ], [ 109.35225787, -0.084151628999968 ], [ 109.352202788, -0.084225780999932 ], [ 109.352108247, -0.084374018999935 ], [ 109.351668342, -0.08506377099997 ], [ 109.35166731, -0.085065387999972 ], [ 109.351591906, -0.085183619999959 ], [ 109.35137257, -0.085527530999972 ], [ 109.35113562, -0.085899059999973 ], [ 109.35105439, -0.086026426999984 ], [ 109.351039821, -0.08604926999993 ], [ 109.350933238, -0.086223678999952 ], [ 109.350729898, -0.086556419999974 ], [ 109.350724012, -0.086566048999949 ], [ 109.35071611, -0.086578979999954 ], [ 109.350357482, -0.087165820999936 ], [ 109.34991455, -0.087890619999941 ], [ 109.349793162, -0.088068034999936 ], [ 109.349584354, -0.088373216999972 ], [ 109.349559789, -0.08840911899995 ], [ 109.34955837, -0.088411191999971 ], [ 109.349525644, -0.088459022999928 ], [ 109.349392063, -0.088654255999928 ], [ 109.349253212, -0.088857191999978 ], [ 109.349192491, -0.088945939999974 ], [ 109.349190003, -0.088949576999933 ], [ 109.349111858, -0.089063791999943 ], [ 109.349079763, -0.089110697999951 ], [ 109.348946779, -0.089305058999977 ], [ 109.348943625, -0.089309669999979 ], [ 109.34890554, -0.08936533199994 ], [ 109.348606101, -0.089802971999979 ], [ 109.348428703, -0.090062248999977 ], [ 109.34832764, -0.090209959999935 ], [ 109.34827552, -0.09030261899994 ], [ 109.348269349, -0.090313587999961 ], [ 109.348139712, -0.090544050999942 ], [ 109.348055331, -0.090694060999964 ], [ 109.347947788, -0.090885252999959 ], [ 109.347919728, -0.090935138999952 ], [ 109.347743262, -0.091248850999929 ], [ 109.34772654, -0.091278580999927 ], [ 109.34771932, -0.091291417999975 ], [ 109.347508821, -0.091665630999957 ], [ 109.346634833, -0.093219386999974 ] ] ] ] } },
{ "type": "Feature", "properties": { "fid": null, "gid": 609847.0, "kdprov": "61", "kdkab": "71", "kdkec": "031", "kddesa": "001", "iddesa": "6171031001", "nmprov": "KALIMANTAN BARAT", "nmkab": "PONTIANAK", "nmkec": "PONTIANAK KOTA", "nmdesa": "SUNGAI BANGKONG", "luas": 0.074041463757681003, "sumber": "", "periode": "2024_1", "layer": null, "path": null, "idkec": "6171031" }, "geometry": { "type": "MultiPolygon", "coordinates": [ [ [ [ 109.303836431, -0.063333468999934 ], [ 109.303705787, -0.063191831999972 ], [ 109.30362813, -0.063107639999946 ], [ 109.30343221, -0.062868123999986 ], [ 109.303372371, -0.062794968999934 ], [ 109.3032343, -0.062626174999934 ], [ 109.30320812, -0.062594169999962 ], [ 109.30320549, -0.062590949999966 ], [ 109.303196221, -0.06257850799995 ], [ 109.30312122, -0.062477829999974 ], [ 109.30297909, -0.062287019999933 ], [ 109.302957672, -0.062264188999967 ], [ 109.30290315, -0.062206069999944 ], [ 109.30289586, -0.062198299999981 ], [ 109.30273004, -0.062021529999924 ], [ 109.30272248, -0.062013479999971 ], [ 109.302642617, -0.061914910999978 ], [ 109.302642455, -0.061914944999952 ], [ 109.30262175, -0.061890043999936 ], [ 109.30261768, -0.061885078999974 ], [ 109.302609829, -0.061875499999937 ], [ 109.302600727, -0.061863362999936 ], [ 109.302600809, -0.061863307999943 ], [ 109.303076316, -0.061526632999976 ], [ 109.303072592694363, -0.06152164761461 ], [ 109.302955092, -0.061364317999958 ], [ 109.30295852, -0.06136166999995 ], [ 109.30295826, -0.061361319999944 ], [ 109.302954016, -0.061355741999934 ], [ 109.30284023, -0.06120620199994 ], [ 109.302808119, -0.061164000999951 ], [ 109.302576475, -0.060859568999949 ], [ 109.30257297, -0.060854962999941 ], [ 109.30246272, -0.060710069999971 ], [ 109.30234121, -0.060550379999939 ], [ 109.30227292, -0.060470169999976 ], [ 109.30219984, -0.060384329999979 ], [ 109.30218556, -0.060361569999943 ], [ 109.302131173, -0.060274868999954 ], [ 109.302129249, -0.060271802999987 ], [ 109.30205996, -0.060161349999929 ], [ 109.30203019, -0.060113899999984 ], [ 109.3019801, -0.060090779999939 ], [ 109.3019171, -0.060061709999964 ], [ 109.3019159, -0.060059879999929 ], [ 109.301856997, -0.05997014999998 ], [ 109.301853217, -0.059964390999933 ], [ 109.301817076, -0.059909335999977 ], [ 109.30177439, -0.059844309999968 ], [ 109.30177421, -0.059844029999962 ], [ 109.301769196, -0.059836390999977 ], [ 109.3016506, -0.059655709999965 ], [ 109.301646841, -0.059649983999983 ], [ 109.30155896, -0.059516099999942 ], [ 109.30161895, -0.059304741999946 ], [ 109.30162488, -0.059283849999934 ], [ 109.30162494, -0.059283639999943 ], [ 109.301321742, -0.058930252999973 ], [ 109.301313937, -0.058921155999941 ], [ 109.300830666, -0.058357885999958 ], [ 109.300580273, -0.058066043999931 ], [ 109.30053526, -0.058013579999964 ], [ 109.30047363, -0.057941699999959 ], [ 109.30047358, -0.057941649999974 ], [ 109.300444276, -0.057907474999985 ], [ 109.300323109, -0.057766165999967 ], [ 109.300044758, -0.057441543999971 ], [ 109.29996477, -0.057348259999972 ], [ 109.299776776, -0.057141883999977 ], [ 109.299694056, -0.057051074999955 ], [ 109.299617876, -0.056967445999941 ], [ 109.29950938, -0.05684833999994 ], [ 109.299426263, -0.056757095999957 ], [ 109.299342837, -0.056665511999938 ], [ 109.299319654, -0.056640061999938 ], [ 109.29896267, -0.056248170999936 ], [ 109.29875484, -0.056020019999949 ], [ 109.298757665, -0.056016961999942 ], [ 109.299036638, -0.055714969999944 ], [ 109.29932299, -0.055404989999939 ], [ 109.29981546, -0.054826599999958 ], [ 109.30004631, -0.054572249999984 ], [ 109.30038799, -0.05420843999997 ], [ 109.30084917, -0.053710669999936 ], [ 109.30109165, -0.053480929999988 ], [ 109.30109785, -0.053475979999976 ], [ 109.30112237, -0.053456377999966 ], [ 109.30113328, -0.053447655999957 ], [ 109.30189989, -0.052834799999982 ], [ 109.30239435, -0.052442329999967 ], [ 109.30323113, -0.051757909999942 ], [ 109.30345299, -0.051567399999953 ], [ 109.30349269, -0.051533309999967 ], [ 109.3034928, -0.051533189999929 ], [ 109.30349593, -0.051530509999963 ], [ 109.303526851, -0.05150026999996 ], [ 109.30355218, -0.051475499999932 ], [ 109.303586043, -0.051441406999973 ], [ 109.303586008, -0.051441367999932 ], [ 109.30357939, -0.051434839999959 ], [ 109.30314914, -0.05101 ], [ 109.30315242, -0.051006699999967 ], [ 109.30314566, -0.051000019999949 ], [ 109.303329921, -0.050824980999956 ], [ 109.30333889, -0.05081645999997 ], [ 109.30334235, -0.050813169999968 ], [ 109.30321378, -0.05071772999998 ], [ 109.303197589, -0.050705711999966 ], [ 109.303183619, -0.050695332999965 ], [ 109.30318682, -0.050692689999951 ], [ 109.30323392, -0.050653759999941 ], [ 109.303702867554449, -0.050266155766899 ], [ 109.30401393, -0.05000904999997 ], [ 109.304013899, -0.050008990999972 ], [ 109.303303614, -0.048667223999938 ], [ 109.303297444, -0.048655568999949 ], [ 109.3029817, -0.048059109999937 ], [ 109.30276707, -0.04765612999995 ], [ 109.30278906, -0.047640679999977 ], [ 109.30278911, -0.047640789999942 ], [ 109.30290632, -0.047559239999944 ], [ 109.30296509, -0.047514539999961 ], [ 109.30296683, -0.047515779999974 ], [ 109.30296847, -0.047514639999984 ], [ 109.303134191, -0.047390531999957 ], [ 109.30365745, -0.046998669999935 ], [ 109.304048856, -0.046710293999988 ], [ 109.303927467, -0.046551870999963 ], [ 109.304664802, -0.046000681999939 ], [ 109.304668771, -0.046005108999965 ], [ 109.304669637, -0.046000681999939 ], [ 109.304768263, -0.04591614499998 ], [ 109.30467485, -0.04583852999997 ], [ 109.30467331, -0.045837249999987 ], [ 109.30466339, -0.045830984999958 ], [ 109.304532313, -0.045715176999984 ], [ 109.304387082, -0.045573439999947 ], [ 109.30466027, -0.045368639999931 ], [ 109.304684424, -0.045345144999938 ], [ 109.30472117, -0.045309399999953 ], [ 109.30488221, -0.04515273999994 ], [ 109.30491935, -0.045116609999982 ], [ 109.30566326, -0.044392969999933 ], [ 109.305672661, -0.04438382499996 ], [ 109.30605233, -0.044014499999946 ], [ 109.306062292, -0.044004629999966 ], [ 109.30625574, -0.043812979999934 ], [ 109.30626007, -0.043815959999961 ], [ 109.30626085, -0.043815169999958 ], [ 109.30648192, -0.043593819999955 ], [ 109.30655082, -0.043527629999972 ], [ 109.3066771, -0.043626489999955 ], [ 109.30706578, -0.04317680999998 ], [ 109.30708319, -0.043118409999973 ], [ 109.30731611, -0.042848029999961 ], [ 109.307677267, -0.042428806999974 ], [ 109.307692611, -0.042410995999949 ], [ 109.307693183, -0.042410331999977 ], [ 109.30791032, -0.042158289999983 ], [ 109.30794565, -0.042116439999979 ], [ 109.30794619, -0.042116789999974 ], [ 109.30811458, -0.041922 ], [ 109.30815062, -0.041880309999955 ], [ 109.30828124, -0.04172079999995 ], [ 109.30828024, -0.041720079999952 ], [ 109.30833365, -0.04165680999995 ], [ 109.308641926468354, -0.041276935602863 ], [ 109.3086713, -0.041240739999984 ], [ 109.308925338, -0.040963551999937 ], [ 109.30905055, -0.040826929999985 ], [ 109.30907543, -0.040798949999955 ], [ 109.30926905, -0.04058730999998 ], [ 109.30926877, -0.040581549999961 ], [ 109.309263, -0.040459719999948 ], [ 109.309331382, -0.040379356999945 ], [ 109.309452368, -0.040237173999975 ], [ 109.30979814, -0.039830819999964 ], [ 109.309804186, -0.039823714999954 ], [ 109.310329971, -0.039205810999931 ], [ 109.310830970961234, -0.038617037912309 ], [ 109.31088479, -0.03855378999998 ], [ 109.31102124, -0.038395189999964 ], [ 109.311046413, -0.038365931999988 ], [ 109.31107664, -0.038330799999933 ], [ 109.31109892, -0.038304859999925 ], [ 109.311214875, -0.038170119999967 ], [ 109.311305223, -0.038065154999975 ], [ 109.31130552, -0.038064809999985 ], [ 109.31131555, -0.038053149999947 ], [ 109.31133354, -0.038032249999963 ], [ 109.311337661, -0.038027458999978 ], [ 109.31148064, -0.037861229999981 ], [ 109.31173087, -0.037570379999972 ], [ 109.31189022, -0.037385209999967 ], [ 109.31206114, -0.037186499999971 ], [ 109.31220418, -0.037020219999931 ], [ 109.3122234, -0.036997879999948 ], [ 109.312383294, -0.036812106999941 ], [ 109.31238602, -0.036808939999963 ], [ 109.31238598, -0.036808899999932 ], [ 109.31265569, -0.036495509999956 ], [ 109.31293957, -0.036174779999955 ], [ 109.31300835, -0.036097099999948 ], [ 109.313012094, -0.036092878999967 ], [ 109.31310861, -0.035984089999949 ], [ 109.31310867, -0.035984149999931 ], [ 109.313110409, -0.035982185999962 ], [ 109.313113498, -0.035978696999957 ], [ 109.31311555, -0.035976379999971 ], [ 109.313462324, -0.035584736999968 ], [ 109.313994617, -0.03498515499996 ], [ 109.314336819, -0.034599318999945 ], [ 109.31437593, -0.034555219999954 ], [ 109.31441596, -0.034510089999973 ], [ 109.31443919, -0.034485499999966 ], [ 109.314443352, -0.03448109199997 ], [ 109.314467061, -0.03445598499997 ], [ 109.31447175, -0.034451019999956 ], [ 109.314541251, -0.034377439999964 ], [ 109.314848525, -0.03405212799993 ], [ 109.315153964, -0.033728759999976 ], [ 109.315164279, -0.033717838999961 ], [ 109.315229360244786, -0.033648937601354 ], [ 109.315244976500665, -0.033632404698913 ], [ 109.315840976218382, -0.033001471802508 ], [ 109.31576861, -0.032824379999976 ], [ 109.31575716, -0.032787339999978 ], [ 109.315750084, -0.032764447999971 ], [ 109.315707847659112, -0.032627801969312 ], [ 109.31568762, -0.032562359999931 ], [ 109.31566762, -0.032497669999942 ], [ 109.31566789, -0.032385589999936 ], [ 109.315667903, -0.032378029999962 ], [ 109.31566791, -0.032374019999964 ], [ 109.31566833, -0.032194779999945 ], [ 109.315669737, -0.031884037999928 ], [ 109.31566974, -0.031883409999976 ], [ 109.315670405, -0.031592822999933 ], [ 109.315671414, -0.031151756999975 ], [ 109.315672589, -0.030638132999976 ], [ 109.31567259, -0.030637569999954 ], [ 109.3156726, -0.030634469999943 ], [ 109.3156726, -0.030633749999941 ], [ 109.31567971, -0.029560039999986 ], [ 109.31567971, -0.029553309999927 ], [ 109.31567976, -0.029553309999927 ], [ 109.3156798, -0.02954437799997 ], [ 109.315680317202705, -0.029429536605398 ], [ 109.315681232, -0.029226411999965 ], [ 109.315681875, -0.029083534999937 ], [ 109.315683071, -0.02881804999993 ], [ 109.315683072, -0.028817856999981 ], [ 109.31568358, -0.028705189999932 ], [ 109.315683619, -0.028705184999988 ], [ 109.31595909, -0.02867158999993 ], [ 109.31706356, -0.028536909999965 ], [ 109.317309749556145, -0.028506889204379 ], [ 109.317396121746782, -0.028496356824696 ], [ 109.317397293, -0.028496213999981 ], [ 109.317664747, -0.028463600999945 ], [ 109.317644539, -0.028171706999964 ], [ 109.318827558, -0.027995852999945 ], [ 109.31879951, -0.027734900999982 ], [ 109.318797014, -0.027711688999942 ], [ 109.318794716, -0.027690313999934 ], [ 109.318791518, -0.027660569999965 ], [ 109.31878913, -0.027638369999982 ], [ 109.319030777, -0.027603266999957 ], [ 109.319033061, -0.02760293499995 ], [ 109.31906469, -0.027598339999942 ], [ 109.319080833, -0.027595992999983 ], [ 109.319507213, -0.027533992999964 ], [ 109.319508076, -0.027533867999981 ], [ 109.319510275, -0.02753354799996 ], [ 109.319515721, -0.027532755999974 ], [ 109.319522791, -0.027531723999974 ], [ 109.319522818, -0.027531776999979 ], [ 109.319558751, -0.027575558999956 ], [ 109.320223143, -0.028385175999981 ], [ 109.32024079, -0.028406679999944 ], [ 109.320251, -0.028419759999961 ], [ 109.320309699, -0.02851250299995 ], [ 109.32032198, -0.028504659999956 ], [ 109.32030971, -0.028512299999941 ], [ 109.32103908, -0.028040009999928 ], [ 109.321068307, -0.028021744999934 ], [ 109.32120862, -0.027934039999939 ], [ 109.32134174, -0.027849459999964 ], [ 109.32181961, -0.027552249999932 ], [ 109.321939832, -0.027475781999955 ], [ 109.32194353, -0.027473429999934 ], [ 109.32226338, -0.027275589999934 ], [ 109.32277443, -0.026962669999936 ], [ 109.32285673, -0.026912089999943 ], [ 109.3228587, -0.02690612999994 ], [ 109.32286088, -0.026895159999927 ], [ 109.32325614, -0.026635219999949 ], [ 109.323303187, -0.026602411999933 ], [ 109.32330342, -0.026602559999956 ], [ 109.32330406, -0.026603709999958 ], [ 109.323304911, -0.02660524899995 ], [ 109.3233555, -0.026696659999969 ], [ 109.32335554, -0.026696632999974 ], [ 109.32427174, -0.026087369999968 ], [ 109.324424798, -0.025989193999977 ], [ 109.32473899, -0.025787659999937 ], [ 109.32482298, -0.025733789999952 ], [ 109.32493936, -0.02566229999997 ], [ 109.32536865, -0.025411179999942 ], [ 109.325446853, -0.025339292999941 ], [ 109.32548365, -0.02530546999998 ], [ 109.32550207, -0.025288529999954 ], [ 109.32570016, -0.025159059999965 ], [ 109.32570094, -0.025158549999965 ], [ 109.32616563, -0.024854809999976 ], [ 109.32616631, -0.024856209999944 ], [ 109.32616659, -0.024856639999947 ], [ 109.32616665, -0.024856759999982 ], [ 109.326166949, -0.024857220999934 ], [ 109.32616787, -0.024858639999943 ], [ 109.32622817, -0.024951709999928 ], [ 109.32629574, -0.025055979999943 ], [ 109.32629612, -0.025056559999938 ], [ 109.326307185, -0.02507363099995 ], [ 109.326307402860991, -0.02507396714378 ], [ 109.3263092, -0.025076739999973 ], [ 109.32630948, -0.025077209999954 ], [ 109.32642126, -0.025249729999941 ], [ 109.32642131, -0.025249799999925 ], [ 109.32645595, -0.02530325999993 ], [ 109.326517142117723, -0.025404629488556 ], [ 109.32654086, -0.025443919999929 ], [ 109.32654104, -0.025444219999951 ], [ 109.326547495, -0.025454909999953 ], [ 109.3265486, -0.025456739999921 ], [ 109.326640156, -0.025608402999983 ], [ 109.32665862, -0.025638989999953 ], [ 109.3266587, -0.025639119999948 ], [ 109.326732939054295, -0.025762097306139 ], [ 109.32677506, -0.025831869999937 ], [ 109.32689422, -0.026029259999977 ], [ 109.326988128, -0.026184817999942 ], [ 109.32698854, -0.026185499999942 ], [ 109.326995, -0.026196199999953 ], [ 109.32699516, -0.026196469999954 ], [ 109.32710691, -0.026381579999966 ], [ 109.32710709, -0.026381889999929 ], [ 109.32714325, -0.026441779999981 ], [ 109.32714571, -0.026445719999977 ], [ 109.32714567, -0.026445749999935 ], [ 109.327163169, -0.026474743999935 ], [ 109.327165471, -0.026478558999946 ], [ 109.32716928, -0.026484869999939 ], [ 109.327176251, -0.02649642299997 ], [ 109.327178018, -0.026499351999979 ], [ 109.32728062, -0.026669409999959 ], [ 109.32735918, -0.026799609999959 ], [ 109.32739173, -0.026853329999942 ], [ 109.32750095, -0.027046699999971 ], [ 109.327587597569945, -0.027200138052013 ], [ 109.32760886, -0.02723778999997 ], [ 109.32764768, -0.027306519999975 ], [ 109.32770565, -0.027409049999961 ], [ 109.327750848, -0.027489161999948 ], [ 109.327797903, -0.027572566999944 ], [ 109.327799512, -0.027575418999958 ], [ 109.327830984406646, -0.027631201738192 ], [ 109.328025951, -0.027976766999933 ], [ 109.32802712, -0.027978839999945 ], [ 109.32802754, -0.027978559999953 ], [ 109.32806568, -0.028046769999945 ], [ 109.32819323, -0.028253389999974 ], [ 109.328252471, -0.028349283999946 ], [ 109.328255978, -0.028354960999933 ], [ 109.328257234, -0.028356993999981 ], [ 109.328362609, -0.028527569999945 ], [ 109.32841544, -0.028613089999963 ], [ 109.3284155, -0.02861303999993 ], [ 109.328526023, -0.02878926599994 ], [ 109.32864402, -0.028977409999923 ], [ 109.32864193, -0.028979349999926 ], [ 109.328657877, -0.02900514399994 ], [ 109.32865887, -0.029006749999945 ], [ 109.32865832, -0.029007149999924 ], [ 109.32876473, -0.02917931399998 ], [ 109.32876516, -0.029180009999944 ], [ 109.32876588, -0.029179769999937 ], [ 109.328885964, -0.029374071999938 ], [ 109.329159829, -0.029817198999985 ], [ 109.32916151, -0.029819919999971 ], [ 109.32916108, -0.029821829999949 ], [ 109.329526748, -0.030411470999985 ], [ 109.32958955, -0.030512739999957 ], [ 109.329641083, -0.030596178999928 ], [ 109.3296418, -0.030597339999932 ], [ 109.329902287, -0.031019089999975 ], [ 109.32990238, -0.031019239999987 ], [ 109.3299023, -0.031019319999932 ], [ 109.330051979, -0.031261730999974 ], [ 109.33019271, -0.031489649999974 ], [ 109.330272915136618, -0.031617681501977 ], [ 109.330380845, -0.031789969999985 ], [ 109.330401173, -0.031822419999975 ], [ 109.33040284, -0.031825079999975 ], [ 109.33042348, -0.031857939999949 ], [ 109.33060662, -0.03215270999994 ], [ 109.33061351, -0.032160509999928 ], [ 109.33062331, -0.03217611999998 ], [ 109.3306234, -0.032176259999968 ], [ 109.330624036, -0.032177272999945 ], [ 109.33063723, -0.032198289999938 ], [ 109.33073492, -0.032353829999987 ], [ 109.33073483, -0.032353919999939 ], [ 109.330806877, -0.032468900999963 ], [ 109.33090695, -0.032628609999969 ], [ 109.331226863, -0.033139144999958 ], [ 109.33122936, -0.033143129999928 ], [ 109.33122942, -0.033143229999954 ], [ 109.33128886, -0.033238089999947 ], [ 109.331289973, -0.03323713299995 ], [ 109.33141595, -0.033436789999934 ], [ 109.33148121, -0.033540209999957 ], [ 109.331481238, -0.033540254999932 ], [ 109.33148165, -0.033540919999949 ], [ 109.3315317, -0.033620239999949 ], [ 109.33171951, -0.033920119999954 ], [ 109.3320242, -0.034310949999965 ], [ 109.33202423, -0.034310989999939 ], [ 109.33220398, -0.034541549999982 ], [ 109.33268725, -0.035162989999954 ], [ 109.33287174, -0.035401959999942 ], [ 109.33287176, -0.035401989999966 ], [ 109.3328725, -0.035403939999987 ], [ 109.33289775, -0.035470429999978 ], [ 109.33289529, -0.035472429999974 ], [ 109.33289615, -0.035474989999965 ], [ 109.332896179, -0.035475468999946 ], [ 109.33264663, -0.03568330999997 ], [ 109.33216124, -0.03606023999993 ], [ 109.33114057, -0.036923619999919 ], [ 109.33114011, -0.036922809999969 ], [ 109.33113745, -0.036925059999932 ], [ 109.331133006, -0.036928552999943 ], [ 109.33094793, -0.037074019999988 ], [ 109.33082828, -0.037168169999975 ], [ 109.33067344, -0.037289989999978 ], [ 109.33067141, -0.037291769999972 ], [ 109.33065845, -0.037301989999946 ], [ 109.330274328, -0.037639653999984 ], [ 109.33027034, -0.037643159999962 ], [ 109.330270573, -0.037643545999975 ], [ 109.33020468, -0.037701289999982 ], [ 109.33012786, -0.037769309999936 ], [ 109.330062, -0.037831889999945 ], [ 109.32986449, -0.038019369999971 ], [ 109.32962592, -0.038245949999976 ], [ 109.32961293, -0.038258309999949 ], [ 109.32960823, -0.038262289999984 ], [ 109.32946043, -0.038386609999978 ], [ 109.32944595, -0.038398779999971 ], [ 109.32932187, -0.038503129999931 ], [ 109.32902161, -0.038757869999928 ], [ 109.32888026, -0.038878369999974 ], [ 109.32883908, -0.038913389999952 ], [ 109.32879051, -0.038954219999944 ], [ 109.328781, -0.038962779999964 ], [ 109.328779628, -0.038963947999958 ], [ 109.32877355, -0.038969119999932 ], [ 109.32864288, -0.039087069999941 ], [ 109.32860179159745, -0.039124043709386 ], [ 109.32834101, -0.039358709999937 ], [ 109.32834126, -0.039359069999938 ], [ 109.328328368, -0.039370380999973 ], [ 109.32831501, -0.039382099999962 ], [ 109.32825396, -0.039435659999921 ], [ 109.327320959, -0.040275847999969 ], [ 109.32707631, -0.040496159999982 ], [ 109.3270762, -0.040496 ], [ 109.32700723, -0.040558219999976 ], [ 109.32687048, -0.040680789999954 ], [ 109.32650034, -0.040986389999955 ], [ 109.326434, -0.041040909999941 ], [ 109.3264341, -0.041041069999958 ], [ 109.32643326, -0.041041769999941 ], [ 109.32643247, -0.04104055999995 ], [ 109.326406022, -0.041062780999934 ], [ 109.326402381, -0.041065839999937 ], [ 109.32630421, -0.041148319999944 ], [ 109.32623352, -0.041206682999933 ], [ 109.326090243591437, -0.04132497558568 ], [ 109.326035682, -0.041370022999965 ], [ 109.32603589, -0.041373759999953 ], [ 109.32602326, -0.041384369999944 ], [ 109.325827622, -0.041562515999942 ], [ 109.32568481, -0.041692559999945 ], [ 109.325685, -0.041692909999937 ], [ 109.325141747, -0.042197480999964 ], [ 109.32486202, -0.04245728999996 ], [ 109.32482123, -0.042494519999945 ], [ 109.32471297, -0.042595329999933 ], [ 109.32460847, -0.042691219999942 ], [ 109.324455002, -0.042829024999956 ], [ 109.32444219, -0.042840529999982 ], [ 109.32444214, -0.042840489999951 ], [ 109.324435736, -0.04284633299995 ], [ 109.32441053, -0.042869329999974 ], [ 109.32406724, -0.043227339999933 ], [ 109.32401743, -0.043279279999983 ], [ 109.32396957, -0.043329199999967 ], [ 109.32348073, -0.04380249999997 ], [ 109.32345948, -0.043822199999972 ], [ 109.32342514, -0.043856189999931 ], [ 109.32315302, -0.044112649999933 ], [ 109.32289919, -0.044346589999979 ], [ 109.32284665, -0.044399479999927 ], [ 109.32276567, -0.044481819999932 ], [ 109.322691543, -0.044558111999948 ], [ 109.32266018, -0.044590389999938 ], [ 109.322555508, -0.044696170999948 ], [ 109.32245632, -0.044796409999959 ], [ 109.32202046, -0.045239629999976 ], [ 109.3220191, -0.045238239999952 ], [ 109.32201871, -0.045238629999972 ], [ 109.32202046, -0.045240419999978 ], [ 109.32194123, -0.045316929999953 ], [ 109.321264971, -0.045969997999987 ], [ 109.32107954, -0.046149069999965 ], [ 109.320755, -0.046458719999977 ], [ 109.32068782, -0.046527359999969 ], [ 109.32068484, -0.046530409999954 ], [ 109.320466327, -0.046750355999969 ], [ 109.32011143, -0.047107580999974 ], [ 109.32008253, -0.047136669999936 ], [ 109.31999015, -0.047229829999942 ], [ 109.319990087, -0.047229756999978 ], [ 109.31992611, -0.047294299999984 ], [ 109.31992183, -0.047298429999953 ], [ 109.31990773, -0.047312619999957 ], [ 109.31987668, -0.047341969999939 ], [ 109.31986947, -0.047348919999941 ], [ 109.3197088, -0.047501189999939 ], [ 109.319668565, -0.047539312999965 ], [ 109.3193117, -0.047877449999931 ], [ 109.31931116, -0.04787795999994 ], [ 109.31930696, -0.047881939999963 ], [ 109.31928413, -0.047903579999974 ], [ 109.319242732, -0.047943933999943 ], [ 109.319220543, -0.047965562999938 ], [ 109.31918978, -0.047995549999949 ], [ 109.31898713, -0.048215099999935 ], [ 109.31866482, -0.048530819999947 ], [ 109.318426833, -0.048776052999932 ], [ 109.318245751, -0.048962647999933 ], [ 109.318135951, -0.049075796999951 ], [ 109.318133490126314, -0.049077619119291 ], [ 109.3181328, -0.049078289999954 ], [ 109.317960455205238, -0.049251024381722 ], [ 109.317836849, -0.049374909999933 ], [ 109.31780068, -0.049411159999976 ], [ 109.317758388, -0.049453309999939 ], [ 109.317506322, -0.049704531999969 ], [ 109.317262, -0.049948034999944 ], [ 109.31718906, -0.050020729999971 ], [ 109.31718901, -0.050020689999941 ], [ 109.31712299, -0.050085179999949 ], [ 109.316961668, -0.050242720999969 ], [ 109.31684906, -0.050352689999958 ], [ 109.31652832, -0.050663159999939 ], [ 109.31648505, -0.050704749999967 ], [ 109.31646404, -0.050728649999939 ], [ 109.316437299, -0.050759067999941 ], [ 109.31638114, -0.050822949999951 ], [ 109.31638019, -0.050824019999943 ], [ 109.31634134, -0.050868209999975 ], [ 109.31632684, -0.050868689999965 ], [ 109.3163341, -0.050875899999945 ], [ 109.31633403, -0.050875949999978 ], [ 109.31632679, -0.050868759999961 ], [ 109.316282254216858, -0.050913430571853 ], [ 109.31627062, -0.050925099999978 ], [ 109.316168145, -0.051027884999939 ], [ 109.316166892, -0.051029141999946 ], [ 109.31604931, -0.051147089999972 ], [ 109.31571613, -0.051456459999943 ], [ 109.315343223, -0.051828322999949 ], [ 109.315339325, -0.051832209999932 ], [ 109.315339304, -0.051832228999952 ], [ 109.31520682, -0.051960869999964 ], [ 109.315036398, -0.052126376999985 ], [ 109.31500362, -0.052158209999959 ], [ 109.314948680985566, -0.052210644118458 ], [ 109.31467729, -0.052482509999949 ], [ 109.314669119, -0.052491928999925 ], [ 109.31457637, -0.052598839999978 ], [ 109.314545238, -0.052626766999935 ], [ 109.31447592, -0.052688949999949 ], [ 109.31426707, -0.052904199999952 ], [ 109.31426767, -0.052904609999927 ], [ 109.314259244, -0.052913252999937 ], [ 109.314168135, -0.053006707999949 ], [ 109.3141496, -0.053025719999938 ], [ 109.31408499, -0.053085399999935 ], [ 109.314061657, -0.053106956999952 ], [ 109.31391511, -0.053242349999948 ], [ 109.31380896, -0.053342409999967 ], [ 109.313682562, -0.053469599999977 ], [ 109.31365741, -0.053494909999936 ], [ 109.31367409, -0.053504919999969 ], [ 109.31367348, -0.053505549999952 ], [ 109.31365741, -0.053495919999938 ], [ 109.313342221, -0.053810373999961 ], [ 109.31332323, -0.053829319999985 ], [ 109.31334323, -0.053841099999947 ], [ 109.31334225, -0.053842099999946 ], [ 109.31332224, -0.053830319999976 ], [ 109.313025587, -0.054127533999977 ], [ 109.312705177, -0.054448551999938 ], [ 109.31269389, -0.05445985999995 ], [ 109.31269342, -0.054459569999953 ], [ 109.31249132, -0.054661949999977 ], [ 109.312490815, -0.054662454999972 ], [ 109.31249068, -0.054662589999965 ], [ 109.312249039, -0.054904572999933 ], [ 109.312083814, -0.055070031999954 ], [ 109.31208104, -0.055072809999957 ], [ 109.311946314, -0.055223289999966 ], [ 109.31193583, -0.055235 ], [ 109.31193651, -0.055235389999957 ], [ 109.31193354, -0.05523892999998 ], [ 109.31184345, -0.055323129999975 ], [ 109.31167327, -0.055471289999965 ], [ 109.311632947, -0.055510013999942 ], [ 109.311483294, -0.055653734999969 ], [ 109.31141369, -0.055720579999958 ], [ 109.31141431, -0.055720939999956 ], [ 109.31129793, -0.055831569999958 ], [ 109.31129811, -0.055831679999933 ], [ 109.31129796, -0.055831819999989 ], [ 109.311143967, -0.055987564999953 ], [ 109.310878752, -0.056255798999927 ], [ 109.31083669, -0.056298339999954 ], [ 109.31083632, -0.056298699999962 ], [ 109.310653063, -0.056484042999959 ], [ 109.310597648, -0.056540088999954 ], [ 109.310596579, -0.056541169999944 ], [ 109.3103488, -0.05679176999997 ], [ 109.31015256, -0.056983259999932 ], [ 109.31014449, -0.056991179999955 ], [ 109.31006407, -0.05707084999995 ], [ 109.31006471, -0.057071239999971 ], [ 109.310063334, -0.057072588999977 ], [ 109.310052682, -0.057083024999944 ], [ 109.31002467, -0.057110469999938 ], [ 109.30993929, -0.057194099999946 ], [ 109.30975857, -0.05737112999998 ], [ 109.309756293, -0.057373350999965 ], [ 109.30968302, -0.057444829999962 ], [ 109.30968354, -0.057445239999938 ], [ 109.30954226, -0.05758258999992 ], [ 109.30944291, -0.05767927999995 ], [ 109.3092863, -0.057831739999926 ], [ 109.30927151, -0.057846139999931 ], [ 109.30910242, -0.058030959999944 ], [ 109.309080419, -0.058054798999944 ], [ 109.309065148, -0.058071346999959 ], [ 109.308818364, -0.058338717999957 ], [ 109.30877475, -0.058385969999967 ], [ 109.30876784, -0.058393459999944 ], [ 109.30876772, -0.058393389999938 ], [ 109.3087487, -0.05841278999998 ], [ 109.308575597, -0.058591043999976 ], [ 109.307927377, -0.059258550999973 ], [ 109.30746989, -0.059729649999958 ], [ 109.307236739, -0.059962023999956 ], [ 109.30721175, -0.059986929999986 ], [ 109.307201034, -0.059997778999963 ], [ 109.30719564, -0.06000323999996 ], [ 109.30719552, -0.060003109999965 ], [ 109.30719542, -0.060003199999933 ], [ 109.30719564, -0.060003429999934 ], [ 109.30718215, -0.060016899999941 ], [ 109.30718115, -0.060017899999935 ], [ 109.30709867, -0.060100259999964 ], [ 109.30686025, -0.060339679999975 ], [ 109.30678088, -0.060419369999984 ], [ 109.306363936, -0.060846955999982 ], [ 109.30635538, -0.060855729999968 ], [ 109.30602388, -0.061200559999979 ], [ 109.30602379, -0.061200659999939 ], [ 109.306014717, -0.061210097999948 ], [ 109.30570614, -0.06153108799993 ], [ 109.305598513, -0.061643044999934 ], [ 109.30546549, -0.061781419999939 ], [ 109.3053775, -0.061868649999953 ], [ 109.30537164, -0.06187426999998 ], [ 109.30535907, -0.06188632999994 ], [ 109.305185247, -0.062055047999932 ], [ 109.30515752, -0.062081959999944 ], [ 109.305133169, -0.062104766999949 ], [ 109.30507805, -0.062156389999937 ], [ 109.30507772, -0.062156189999939 ], [ 109.305007084, -0.062221824999947 ], [ 109.30482773, -0.062388479999926 ], [ 109.30478197, -0.062434691999953 ], [ 109.304714015251577, -0.062503318262841 ], [ 109.304373913053197, -0.062846781279345 ], [ 109.304349862, -0.062871069999977 ], [ 109.304327755, -0.062893394999944 ], [ 109.30387033, -0.063355339999931 ], [ 109.30386475, -0.063360979999977 ], [ 109.30385375, -0.063352149999956 ], [ 109.30385344, -0.063351908999953 ], [ 109.303836431, -0.063333468999934 ] ] ] ] } },
{ "type": "Feature", "properties": { "fid": null, "gid": 610144.0, "kdprov": "61", "kdkab": "71", "kdkec": "011", "kddesa": "004", "iddesa": "6171011004", "nmprov": "KALIMANTAN BARAT", "nmkab": "PONTIANAK", "nmkec": "PONTIANAK TENGGARA", "nmdesa": "BANSIR DARAT", "luas": 0.067570990734176994, "sumber": "", "periode": "2024_1", "layer": null, "path": null, "idkec": "6171011" }, "geometry": { "type": "MultiPolygon", "coordinates": [ [ [ [ 109.341591533, -0.091864120999958 ], [ 109.340847551, -0.093479 ], [ 109.340837182, -0.093485504999935 ], [ 109.339852984, -0.096011070999965 ], [ 109.336822203, -0.095484956999937 ], [ 109.335309078, -0.095222292999949 ], [ 109.334237979, -0.094309448999984 ], [ 109.33174445, -0.09218433999997 ], [ 109.329992374, -0.090691133999942 ], [ 109.326924268, -0.088076342999959 ], [ 109.326872985, -0.088032636999968 ], [ 109.323406097, -0.087537365999942 ], [ 109.323352499, -0.087456347999934 ], [ 109.322728254, -0.086512721999958 ], [ 109.321276437, -0.084318117999954 ], [ 109.323559303, -0.080984708999957 ], [ 109.323612086, -0.080907633999973 ], [ 109.32361189, -0.080907459999945 ], [ 109.32361248, -0.080907379999936 ], [ 109.32447975, -0.079670489999959 ], [ 109.32466207, -0.079410079999951 ], [ 109.32494859, -0.078976149999964 ], [ 109.32544939, -0.078242879999949 ], [ 109.32546292, -0.07822221999994 ], [ 109.32547574, -0.078202589999942 ], [ 109.32581969, -0.077675959999966 ], [ 109.32641643, -0.076801959999955 ], [ 109.32688394, -0.076116779999952 ], [ 109.32717954, -0.075661939999976 ], [ 109.32819324, -0.074086669999933 ], [ 109.3281933, -0.074086579999967 ], [ 109.32855196, -0.073605649999939 ], [ 109.32895376, -0.072999619999962 ], [ 109.32922912, -0.072552029999946 ], [ 109.32928397, -0.072462189999955 ], [ 109.32955325, -0.072042769999942 ], [ 109.329556295, -0.07203802999994 ], [ 109.32974869, -0.071796609999984 ], [ 109.33020536, -0.071044319999949 ], [ 109.33051808, -0.070590919999975 ], [ 109.330548002, -0.070544544999965 ], [ 109.330549793, -0.070541769999972 ], [ 109.3309291, -0.069953899999969 ], [ 109.33115619, -0.069653549999941 ], [ 109.33156471, -0.069124599999957 ], [ 109.331823805, -0.068831369999937 ], [ 109.33190718, -0.068737009999947 ], [ 109.33204983, -0.068582759999966 ], [ 109.33219222, -0.068428779999985 ], [ 109.33290379, -0.067594749999959 ], [ 109.33300637, -0.067463099999939 ], [ 109.33312279, -0.067340118999937 ], [ 109.33351538, -0.066885529999981 ], [ 109.33365735, -0.066697149999928 ], [ 109.33399939, -0.066312819999955 ], [ 109.33429695, -0.065978269999955 ], [ 109.33486585, -0.065293979999974 ], [ 109.33634209, -0.063517689999981 ], [ 109.336526509, -0.063302893999942 ], [ 109.33694426, -0.062816329999977 ], [ 109.33695865, -0.062799319999958 ], [ 109.33697667, -0.062778 ], [ 109.337738277650971, -0.063632181659737 ], [ 109.33778555, -0.063685199999958 ], [ 109.33863482, -0.06444128999994 ], [ 109.34029125, -0.065963659999973 ], [ 109.34029127, -0.065963679999922 ], [ 109.34065771, -0.06630348999994 ], [ 109.340948313, -0.066572983999949 ], [ 109.343230308, -0.068689220999942 ], [ 109.34323159, -0.068690409999934 ], [ 109.34323177, -0.06869016999997 ], [ 109.343306213056024, -0.068610796769642 ], [ 109.344266356, -0.067587065999931 ], [ 109.345002030763141, -0.066802668784102 ], [ 109.345254040416819, -0.066533968971889 ], [ 109.34530099, -0.066483909999938 ], [ 109.34530114, -0.066483769999932 ], [ 109.345689981817841, -0.066113301858935 ], [ 109.34583741, -0.065972839999978 ], [ 109.34608904, -0.065675137999965 ], [ 109.3461088, -0.06565175999998 ], [ 109.34615686, -0.06559501999994 ], [ 109.346331062, -0.065392146999956 ], [ 109.34633108, -0.065392124999972 ], [ 109.346382507242723, -0.065337174029983 ], [ 109.34646284688877, -0.065251329616687 ], [ 109.346540319702385, -0.065168548467426 ], [ 109.34665161478479, -0.065049627591839 ], [ 109.346916311680033, -0.064766794012268 ], [ 109.347169868, -0.064495762999967 ], [ 109.347496658174393, -0.064146162991751 ], [ 109.347766619, -0.063857358999944 ], [ 109.34783594, -0.063783199999938 ], [ 109.347841921066987, -0.06377623237227 ], [ 109.34792318, -0.06368156999998 ], [ 109.348106574104861, -0.063475659136374 ], [ 109.34811051, -0.063471239999962 ], [ 109.34811067, -0.063471059999929 ], [ 109.34821728, -0.063351359999954 ], [ 109.348599421690125, -0.062901512185696 ], [ 109.348734618852419, -0.062742361405957 ], [ 109.34884152, -0.062616519999955 ], [ 109.34884289, -0.062614909999982 ], [ 109.34902607, -0.062399269999965 ], [ 109.34907411, -0.062324169999952 ], [ 109.34907529, -0.062322399999973 ], [ 109.349207901728334, -0.06211486114621 ], [ 109.349415826873567, -0.061797446098968 ], [ 109.34942793, -0.061778979999933 ], [ 109.349476691, -0.061705145999955 ], [ 109.349800676690592, -0.061214568943585 ], [ 109.349942218, -0.061000247999968 ], [ 109.34995057, -0.060987601999957 ], [ 109.349973094058456, -0.060953496116432 ], [ 109.350220503, -0.060578869999977 ], [ 109.35025012640115, -0.060533710223892 ], [ 109.350525116, -0.060121939999931 ], [ 109.350786928669478, -0.059737842057626 ], [ 109.351019687574677, -0.059396368068926 ], [ 109.35135513, -0.058904249999962 ], [ 109.35182393, -0.058273639999933 ], [ 109.35182424, -0.058274009999938 ], [ 109.35182393, -0.058274459999956 ], [ 109.35185782, -0.058315889999962 ], [ 109.35207179, -0.058581339999936 ], [ 109.35227276, -0.058830639999945 ], [ 109.35227303, -0.058830979999927 ], [ 109.35237801, -0.058961219999961 ], [ 109.35246048, -0.059061479999978 ], [ 109.35246063, -0.059061669999952 ], [ 109.35263803, -0.05927735999995 ], [ 109.3526382, -0.059277569999957 ], [ 109.35285253, -0.059538169999938 ], [ 109.3528526, -0.059538259999954 ], [ 109.352912469850139, -0.059611053385806 ], [ 109.35303267, -0.0597572 ], [ 109.35303275, -0.059757298999958 ], [ 109.35319903, -0.059959469999968 ], [ 109.35319927, -0.059959769999979 ], [ 109.3534051, -0.060210029999952 ], [ 109.35340513, -0.060210069999925 ], [ 109.35362085, -0.060472359999955 ], [ 109.35362087, -0.06047238999998 ], [ 109.353779433, -0.060665152999945 ], [ 109.353781142, -0.060667218999934 ], [ 109.35426365, -0.061250469999948 ], [ 109.35447273, -0.061503389999933 ], [ 109.354610055, -0.061670159999952 ], [ 109.354619137, -0.061681188999963 ], [ 109.35624976, -0.063661439999983 ], [ 109.35624978, -0.06366146999995 ], [ 109.356253648, -0.063665707999983 ], [ 109.35626222, -0.063675099999961 ], [ 109.35562976, -0.064725279999948 ], [ 109.355375928, -0.065196154999965 ], [ 109.35533287, -0.065276029999956 ], [ 109.35501595, -0.065796549999969 ], [ 109.35501585, -0.065796719999979 ], [ 109.354927739923895, -0.065956372572051 ], [ 109.354896327, -0.066013289999944 ], [ 109.354523515311897, -0.066688822075984 ], [ 109.354313517, -0.067053732999968 ], [ 109.354199103, -0.067261117999972 ], [ 109.354115701, -0.067412289999946 ], [ 109.353999954, -0.067622091999972 ], [ 109.35396453, -0.067686299999937 ], [ 109.353936216, -0.067737629999952 ], [ 109.35392969, -0.067749459999967 ], [ 109.35367691, -0.068201879999952 ], [ 109.35367684, -0.068202009999946 ], [ 109.353641154198726, -0.06826862463907 ], [ 109.353595693, -0.068353486999968 ], [ 109.35346643, -0.068594782999982 ], [ 109.353369184, -0.068776311999951 ], [ 109.353218527, -0.069057542999928 ], [ 109.35321833, -0.069057909999975 ], [ 109.35321831, -0.069057949999954 ], [ 109.35315754, -0.069171419999986 ], [ 109.353153084, -0.069179348999971 ], [ 109.352968, -0.069508649999935 ], [ 109.35296783, -0.069508959999948 ], [ 109.35281708, -0.069777159999949 ], [ 109.3527573, -0.069883189999931 ], [ 109.35275702, -0.069883699999938 ], [ 109.352734793, -0.069923121999983 ], [ 109.352727701, -0.069935699999984 ], [ 109.352710224, -0.069966696999924 ], [ 109.352651222, -0.070071342999951 ], [ 109.35260971, -0.070144969999952 ], [ 109.3525466, -0.070264409999936 ], [ 109.35254649, -0.070264599999974 ], [ 109.35235244, -0.07063185999994 ], [ 109.35235234, -0.070632039999968 ], [ 109.352350395, -0.070635720999983 ], [ 109.352281404, -0.070766282999955 ], [ 109.35223938, -0.070845809999985 ], [ 109.35220798, -0.070899939999952 ], [ 109.35220785, -0.070900149999944 ], [ 109.3520246, -0.07121598999993 ], [ 109.35202424, -0.071216639999936 ], [ 109.352007792, -0.071244980999951 ], [ 109.3519135, -0.071407469999945 ], [ 109.351761607, -0.071663499999947 ], [ 109.35170119, -0.071765339999967 ], [ 109.351573639, -0.072002078999968 ], [ 109.3515388, -0.072066739999976 ], [ 109.351378236, -0.072364746999938 ], [ 109.351368729, -0.072382391999956 ], [ 109.35136972, -0.072383099999967 ], [ 109.35136968, -0.072383159999961 ], [ 109.35136951, -0.072383469999987 ], [ 109.351363348, -0.072394481999942 ], [ 109.35121172, -0.072665469999957 ], [ 109.35121168, -0.072665539999942 ], [ 109.350974242, -0.073044947999973 ], [ 109.350848883, -0.073245261999951 ], [ 109.350738035, -0.073422389999962 ], [ 109.35063967, -0.07357956999994 ], [ 109.350624853, -0.07360924499994 ], [ 109.35062157, -0.073615819999927 ], [ 109.35038167, -0.074098249999967 ], [ 109.35036859, -0.07412190399998 ], [ 109.350359395, -0.074138530999963 ], [ 109.35035871, -0.074139769999941 ], [ 109.35035864, -0.074139909999925 ], [ 109.35017521, -0.074467776999948 ], [ 109.350169597, -0.074477808999976 ], [ 109.350147199, -0.074517843999965 ], [ 109.350056671, -0.07467965499996 ], [ 109.34988941, -0.074978619999978 ], [ 109.349870911, -0.075009853999973 ], [ 109.349768651, -0.07518251099998 ], [ 109.349564829, -0.07552664499997 ], [ 109.34952615, -0.075591949999938 ], [ 109.34952603, -0.075592149999982 ], [ 109.34936491, -0.075868819999929 ], [ 109.34936489, -0.075868859999962 ], [ 109.349364466, -0.075869585999962 ], [ 109.349336906, -0.075916729999963 ], [ 109.34930898, -0.075964499999945 ], [ 109.34930814, -0.075965939999945 ], [ 109.34930817, -0.075965969999978 ], [ 109.34930837, -0.075966179999973 ], [ 109.34917314, -0.076198979999965 ], [ 109.349159499, -0.076226441999955 ], [ 109.349149521, -0.076246529999935 ], [ 109.34908742, -0.076371549999974 ], [ 109.34908668, -0.076373039999963 ], [ 109.34905463, -0.076437559999941 ], [ 109.34868504, -0.077185199999982 ], [ 109.34853618, -0.077486319999936 ], [ 109.34829711, -0.077929649999936 ], [ 109.34829574, -0.077932359999978 ], [ 109.34829568, -0.077932329999955 ], [ 109.34829554, -0.077932609999948 ], [ 109.34790904, -0.078688149999948 ], [ 109.347859328, -0.078770548999953 ], [ 109.347852271, -0.078782245999957 ], [ 109.34783899, -0.078804259999979 ], [ 109.34759258, -0.079211989999979 ], [ 109.347588254, -0.07921979899993 ], [ 109.34752707, -0.079330268999975 ], [ 109.347426087, -0.07951251399993 ], [ 109.347220425, -0.079883671999939 ], [ 109.34716291, -0.07998746999994 ], [ 109.346960938, -0.080317807999961 ], [ 109.346992954, -0.080342300999973 ], [ 109.346580949, -0.081010757999938 ], [ 109.346152514, -0.081705869999953 ], [ 109.345659291, -0.082506097999962 ], [ 109.345659291, -0.082554150999957 ], [ 109.345645227, -0.082544909999969 ], [ 109.345545637, -0.082703832999932 ], [ 109.34552917, -0.082730109999946 ], [ 109.34552852, -0.082731269999957 ], [ 109.34527217, -0.083192759999979 ], [ 109.34482611, -0.083934569999949 ], [ 109.34482577, -0.083935129999927 ], [ 109.34447728, -0.084514629999942 ], [ 109.344393621, -0.084640439999934 ], [ 109.34409726, -0.085086119999966 ], [ 109.344036765, -0.085192422999977 ], [ 109.34357077892578, -0.085974512300885 ], [ 109.342885830175504, -0.087124098348405 ], [ 109.34256284, -0.087666189999943 ], [ 109.342269230890125, -0.08817665517681 ], [ 109.34224082, -0.088226049999952 ], [ 109.34224079, -0.088226029999938 ], [ 109.34224077, -0.08822605999996 ], [ 109.34223739, -0.088231669999978 ], [ 109.342102477, -0.088455169999983 ], [ 109.34157111, -0.089335449999966 ], [ 109.34083775, -0.090655339999965 ], [ 109.34083761, -0.090655619999957 ], [ 109.340811056, -0.090709945999951 ], [ 109.340811183, -0.090721273999973 ], [ 109.340811246, -0.090726888999934 ], [ 109.34081252, -0.090726560999944 ], [ 109.340917613, -0.090746578999928 ], [ 109.340819799, -0.091488067999932 ], [ 109.340824007, -0.091862541999943 ], [ 109.341591533, -0.091864120999958 ] ] ] ] } },
{ "type": "Feature", "properties": { "fid": null, "gid": 609482.0, "kdprov": "61", "kdkab": "71", "kdkec": "010", "kddesa": "006", "iddesa": "6171010006", "nmprov": "KALIMANTAN BARAT", "nmkab": "PONTIANAK", "nmkec": "PONTIANAK SELATAN", "nmdesa": "KOTA BARU", "luas": 0.022079858668142001, "sumber": null, "periode": "2024_1", "layer": null, "path": null, "idkec": "6171010" }, "geometry": { "type": "MultiPolygon", "coordinates": [ [ [ [ 109.3080966, -0.075039 ], [ 109.309040887, -0.073172874999955 ], [ 109.308787647, -0.072959948999943 ], [ 109.308651151, -0.072845181999976 ], [ 109.308646849, -0.072847850999958 ], [ 109.308424443, -0.072638153999946 ], [ 109.307565264, -0.071863528999928 ], [ 109.307543694, -0.071844081999928 ], [ 109.307425841, -0.071737827999927 ], [ 109.307208253, -0.071541652999945 ], [ 109.307091299, -0.071436208999961 ], [ 109.304934804, -0.069491940999973 ], [ 109.305343394, -0.068992026999979 ], [ 109.305549665, -0.068739652999976 ], [ 109.305748397, -0.068517245999954 ], [ 109.30609893, -0.068124951999947 ], [ 109.304834035, -0.067167559999976 ], [ 109.304828727, -0.067163541999956 ], [ 109.304742199, -0.067098049999971 ], [ 109.305278103, -0.066502035999984 ], [ 109.305417942, -0.066346511999945 ], [ 109.305585221, -0.066160469999945 ], [ 109.305909764, -0.06579952499994 ], [ 109.306148531, -0.065461957999955 ], [ 109.306288636, -0.065263878999931 ], [ 109.30540924, -0.064651110999938 ], [ 109.305404627, -0.064647896999929 ], [ 109.305477995, -0.064540077999934 ], [ 109.30499195, -0.064207319999987 ], [ 109.30480159, -0.064076989999932 ], [ 109.30469601, -0.063997789999978 ], [ 109.30444861, -0.063812199999981 ], [ 109.30418375, -0.063615368999934 ], [ 109.30415793, -0.063596189999946 ], [ 109.30404115, -0.063502499999969 ], [ 109.30386475, -0.063360979999977 ], [ 109.30387033, -0.063355339999931 ], [ 109.304327755, -0.062893394999944 ], [ 109.304349862, -0.062871069999977 ], [ 109.304373913053197, -0.062846781279345 ], [ 109.304714015251577, -0.062503318262841 ], [ 109.30478197, -0.062434691999953 ], [ 109.30482773, -0.062388479999926 ], [ 109.305007084, -0.062221824999947 ], [ 109.30507772, -0.062156189999939 ], [ 109.30507805, -0.062156389999937 ], [ 109.305133169, -0.062104766999949 ], [ 109.30515752, -0.062081959999944 ], [ 109.305185247, -0.062055047999932 ], [ 109.30535907, -0.06188632999994 ], [ 109.30537164, -0.06187426999998 ], [ 109.3053775, -0.061868649999953 ], [ 109.30546549, -0.061781419999939 ], [ 109.305598513, -0.061643044999934 ], [ 109.30570614, -0.06153108799993 ], [ 109.306014717, -0.061210097999948 ], [ 109.30602379, -0.061200659999939 ], [ 109.30602388, -0.061200559999979 ], [ 109.30635538, -0.060855729999968 ], [ 109.306363936, -0.060846955999982 ], [ 109.30678088, -0.060419369999984 ], [ 109.30686025, -0.060339679999975 ], [ 109.30709867, -0.060100259999964 ], [ 109.30718115, -0.060017899999935 ], [ 109.30718215, -0.060016899999941 ], [ 109.30719564, -0.060003429999934 ], [ 109.30719542, -0.060003199999933 ], [ 109.30719552, -0.060003109999965 ], [ 109.30719564, -0.06000323999996 ], [ 109.307201034, -0.059997778999963 ], [ 109.30721175, -0.059986929999986 ], [ 109.307236739, -0.059962023999956 ], [ 109.30746989, -0.059729649999958 ], [ 109.307927377, -0.059258550999973 ], [ 109.308575597, -0.058591043999976 ], [ 109.3087487, -0.05841278999998 ], [ 109.30876772, -0.058393389999938 ], [ 109.30876784, -0.058393459999944 ], [ 109.30877475, -0.058385969999967 ], [ 109.308818364, -0.058338717999957 ], [ 109.309065148, -0.058071346999959 ], [ 109.309080419, -0.058054798999944 ], [ 109.30910242, -0.058030959999944 ], [ 109.30927151, -0.057846139999931 ], [ 109.3092863, -0.057831739999926 ], [ 109.30944291, -0.05767927999995 ], [ 109.30954226, -0.05758258999992 ], [ 109.30968354, -0.057445239999938 ], [ 109.30968302, -0.057444829999962 ], [ 109.309756293, -0.057373350999965 ], [ 109.30975857, -0.05737112999998 ], [ 109.30993929, -0.057194099999946 ], [ 109.31002467, -0.057110469999938 ], [ 109.310052682, -0.057083024999944 ], [ 109.310063334, -0.057072588999977 ], [ 109.31006471, -0.057071239999971 ], [ 109.31006407, -0.05707084999995 ], [ 109.31014449, -0.056991179999955 ], [ 109.31015256, -0.056983259999932 ], [ 109.3103488, -0.05679176999997 ], [ 109.310596579, -0.056541169999944 ], [ 109.310597648, -0.056540088999954 ], [ 109.310653063, -0.056484042999959 ], [ 109.31083632, -0.056298699999962 ], [ 109.31083669, -0.056298339999954 ], [ 109.310878752, -0.056255798999927 ], [ 109.311143967, -0.055987564999953 ], [ 109.31129796, -0.055831819999989 ], [ 109.31129811, -0.055831679999933 ], [ 109.31129793, -0.055831569999958 ], [ 109.31141431, -0.055720939999956 ], [ 109.31141369, -0.055720579999958 ], [ 109.311483294, -0.055653734999969 ], [ 109.311632947, -0.055510013999942 ], [ 109.31167327, -0.055471289999965 ], [ 109.31184345, -0.055323129999975 ], [ 109.31193354, -0.05523892999998 ], [ 109.31193651, -0.055235389999957 ], [ 109.31193583, -0.055235 ], [ 109.311946314, -0.055223289999966 ], [ 109.31208104, -0.055072809999957 ], [ 109.312083814, -0.055070031999954 ], [ 109.312249039, -0.054904572999933 ], [ 109.31249068, -0.054662589999965 ], [ 109.312490815, -0.054662454999972 ], [ 109.31249132, -0.054661949999977 ], [ 109.31269342, -0.054459569999953 ], [ 109.31269389, -0.05445985999995 ], [ 109.312705177, -0.054448551999938 ], [ 109.313025587, -0.054127533999977 ], [ 109.31332224, -0.053830319999976 ], [ 109.31334225, -0.053842099999946 ], [ 109.31334323, -0.053841099999947 ], [ 109.31332323, -0.053829319999985 ], [ 109.313342221, -0.053810373999961 ], [ 109.31365741, -0.053495919999938 ], [ 109.31367348, -0.053505549999952 ], [ 109.31367409, -0.053504919999969 ], [ 109.31365741, -0.053494909999936 ], [ 109.313682562, -0.053469599999977 ], [ 109.31380896, -0.053342409999967 ], [ 109.31391511, -0.053242349999948 ], [ 109.314061657, -0.053106956999952 ], [ 109.31408499, -0.053085399999935 ], [ 109.3141496, -0.053025719999938 ], [ 109.314168135, -0.053006707999949 ], [ 109.314259244, -0.052913252999937 ], [ 109.31426767, -0.052904609999927 ], [ 109.31426707, -0.052904199999952 ], [ 109.31447592, -0.052688949999949 ], [ 109.314545238, -0.052626766999935 ], [ 109.31457637, -0.052598839999978 ], [ 109.314669119, -0.052491928999925 ], [ 109.31467729, -0.052482509999949 ], [ 109.314948680985566, -0.052210644118458 ], [ 109.31500362, -0.052158209999959 ], [ 109.315036398, -0.052126376999985 ], [ 109.31520682, -0.051960869999964 ], [ 109.315339304, -0.051832228999952 ], [ 109.315339325, -0.051832209999932 ], [ 109.315343223, -0.051828322999949 ], [ 109.31571613, -0.051456459999943 ], [ 109.31604931, -0.051147089999972 ], [ 109.316166892, -0.051029141999946 ], [ 109.316168145, -0.051027884999939 ], [ 109.31627062, -0.050925099999978 ], [ 109.316282254216858, -0.050913430571853 ], [ 109.31632679, -0.050868759999961 ], [ 109.31633403, -0.050875949999978 ], [ 109.31736975, -0.051904709999978 ], [ 109.31742899, -0.051963215999927 ], [ 109.317501215, -0.052034545999957 ], [ 109.31768444, -0.052215499999933 ], [ 109.31775907, -0.052304169999965 ], [ 109.31793107, -0.052508599999954 ], [ 109.318115951, -0.052689750999944 ], [ 109.318153990742786, -0.052637573062455 ], [ 109.31826385451248, -0.052771982418173 ], [ 109.318539052656348, -0.053045522625266 ], [ 109.318797672598762, -0.053300826817462 ], [ 109.31880266918202, -0.05330475270261 ], [ 109.318775485, -0.053342862999958 ], [ 109.31926161, -0.053820739999939 ], [ 109.31926354, -0.053890639999969 ], [ 109.31926354, -0.05389068999995 ], [ 109.319263597, -0.053893765999931 ], [ 109.31926393, -0.053911839999958 ], [ 109.319270573, -0.053925405999964 ], [ 109.31929765, -0.053980699999959 ], [ 109.31947643, -0.054155059999971 ], [ 109.31975545, -0.054435139999957 ], [ 109.31975569, -0.054435389999988 ], [ 109.32015969, -0.054855579999986 ], [ 109.32016096, -0.054856879999933 ], [ 109.32019838, -0.054895179999961 ], [ 109.32030123, -0.054990509999929 ], [ 109.32041206, -0.055095429999943 ], [ 109.320445812038855, -0.0551269558405 ], [ 109.32046376, -0.055143719999943 ], [ 109.32058036, -0.055253049999985 ], [ 109.32071038, -0.055374 ], [ 109.32071038, -0.055373969999955 ], [ 109.32081444, -0.055468373999927 ], [ 109.32081588, -0.055469679999932 ], [ 109.320852093301013, -0.055508130103259 ], [ 109.32143902, -0.056025909999955 ], [ 109.321559228, -0.056129323999925 ], [ 109.321797165, -0.056334018999968 ], [ 109.32224247, -0.056717109999963 ], [ 109.322281778, -0.056752221999952 ], [ 109.32397817, -0.058267539999972 ], [ 109.32374905, -0.058500849999982 ], [ 109.32374752, -0.058502439999925 ], [ 109.32354943, -0.05870684999997 ], [ 109.3235494, -0.058706889999945 ], [ 109.32337378, -0.058916519999964 ], [ 109.32296408, -0.05940110999995 ], [ 109.322579342, -0.059921838999976 ], [ 109.32253142, -0.059986699999969 ], [ 109.322356287, -0.060268692999955 ], [ 109.32234465, -0.060287429999965 ], [ 109.322338666, -0.060299274999977 ], [ 109.32219897, -0.060575779999966 ], [ 109.32219893, -0.060575849999967 ], [ 109.322193462, -0.060586291999931 ], [ 109.32208978, -0.060784289999955 ], [ 109.32203487, -0.060889419999969 ], [ 109.321956021, -0.06104035999994 ], [ 109.32195471, -0.061042869999942 ], [ 109.32190921, -0.06111775999994 ], [ 109.321739749, -0.061396798999963 ], [ 109.32173727, -0.061400879999952 ], [ 109.321699051, -0.061456121999926 ], [ 109.321643842, -0.061535780999975 ], [ 109.32158966, -0.061613959999939 ], [ 109.321482242, -0.061768962999971 ], [ 109.32146503, -0.061793799999976 ], [ 109.321251972, -0.062101216999971 ], [ 109.32124513, -0.06211108999998 ], [ 109.3211696, -0.062240779999968 ], [ 109.32109388, -0.062351169999946 ], [ 109.32102664, -0.062449199999944 ], [ 109.32100468, -0.062482569999929 ], [ 109.321003667, -0.062484109999957 ], [ 109.320817925, -0.062766570999939 ], [ 109.320457995, -0.06331391999993 ], [ 109.320379767, -0.063265591999936 ], [ 109.32005835, -0.063817702999925 ], [ 109.320105326, -0.063851427999967 ], [ 109.31999457, -0.06406483999996 ], [ 109.319813355, -0.064357507999954 ], [ 109.31978081, -0.064410069999956 ], [ 109.31978083, -0.064410099999983 ], [ 109.31964882, -0.06462639299997 ], [ 109.31960948, -0.064690849999975 ], [ 109.3194958, -0.064894969999954 ], [ 109.31949578, -0.064895 ], [ 109.319163904, -0.065354713999971 ], [ 109.31886483, -0.06576898999993 ], [ 109.318837397, -0.065810015999939 ], [ 109.318638684, -0.066107190999966 ], [ 109.31862037, -0.066134579999924 ], [ 109.31862032, -0.066134649999927 ], [ 109.31856231, -0.066221489999978 ], [ 109.31846319, -0.066369829999934 ], [ 109.318434549, -0.066411190999939 ], [ 109.31819727, -0.066753849999942 ], [ 109.31819724, -0.06675388999997 ], [ 109.31819649, -0.066754939999963 ], [ 109.31819647, -0.066754959999977 ], [ 109.31776714, -0.06735056999998 ], [ 109.317767105, -0.067350609999946 ], [ 109.317200956, -0.068137066999962 ], [ 109.31691808, -0.068530019999975 ], [ 109.31651947, -0.069073589999962 ], [ 109.31623215, -0.069487559999974 ], [ 109.31604948, -0.069795699999937 ], [ 109.31604942, -0.069795799999959 ], [ 109.31597561, -0.06991124999996 ], [ 109.31596675, -0.069925099999981 ], [ 109.31596673, -0.06992512999995 ], [ 109.31573531, -0.070287129999945 ], [ 109.31573529, -0.07028715999997 ], [ 109.31570761, -0.070330279999963 ], [ 109.31545501, -0.070722859999939 ], [ 109.31544458, -0.070739079999952 ], [ 109.31539314, -0.070819039999945 ], [ 109.31539309, -0.070819119999957 ], [ 109.31517554, -0.071167529999968 ], [ 109.31513618, -0.07124781999994 ], [ 109.31513599, -0.07124821999998 ], [ 109.31498778, -0.071550549999934 ], [ 109.31498768, -0.071550739999971 ], [ 109.31450657, -0.072409069999933 ], [ 109.31427313, -0.072845939999984 ], [ 109.31347022, -0.074216079999938 ], [ 109.31346919, -0.074217838999977 ], [ 109.31289247, -0.075202219999944 ], [ 109.311719935, -0.077721189999981 ], [ 109.31074697, -0.07981472999996 ], [ 109.31074682, -0.079814619999976 ], [ 109.308499142, -0.078177122999943 ], [ 109.308471161, -0.078156737999964 ], [ 109.30704496, -0.077117709999928 ], [ 109.30704479, -0.077117589999955 ], [ 109.30781541, -0.075594679999939 ], [ 109.3080966, -0.075039 ] ] ] ] } },
{ "type": "Feature", "properties": { "fid": null, "gid": 610941.0, "kdprov": "61", "kdkab": "71", "kdkec": "031", "kddesa": "003", "iddesa": "6171031003", "nmprov": "KALIMANTAN BARAT", "nmkab": "PONTIANAK", "nmkec": "PONTIANAK KOTA", "nmdesa": "TENGAH", "luas": 0.022918576392787, "sumber": "", "periode": "2024_1", "layer": null, "path": null, "idkec": "6171031" }, "geometry": { "type": "MultiPolygon", "coordinates": [ [ [ [ 109.328255978, -0.028354960999933 ], [ 109.328252471, -0.028349283999946 ], [ 109.32819323, -0.028253389999974 ], [ 109.32806568, -0.028046769999945 ], [ 109.32802754, -0.027978559999953 ], [ 109.32802712, -0.027978839999945 ], [ 109.328025951, -0.027976766999933 ], [ 109.327830984406646, -0.027631201738192 ], [ 109.327799512, -0.027575418999958 ], [ 109.327797903, -0.027572566999944 ], [ 109.327750848, -0.027489161999948 ], [ 109.32770565, -0.027409049999961 ], [ 109.32764768, -0.027306519999975 ], [ 109.32760886, -0.02723778999997 ], [ 109.327587597569945, -0.027200138052013 ], [ 109.32750095, -0.027046699999971 ], [ 109.32739173, -0.026853329999942 ], [ 109.32735918, -0.026799609999959 ], [ 109.32728062, -0.026669409999959 ], [ 109.327178018, -0.026499351999979 ], [ 109.327176251, -0.02649642299997 ], [ 109.32716928, -0.026484869999939 ], [ 109.327165471, -0.026478558999946 ], [ 109.327163169, -0.026474743999935 ], [ 109.32714567, -0.026445749999935 ], [ 109.32714571, -0.026445719999977 ], [ 109.32714325, -0.026441779999981 ], [ 109.32710709, -0.026381889999929 ], [ 109.32710691, -0.026381579999966 ], [ 109.32699516, -0.026196469999954 ], [ 109.326995, -0.026196199999953 ], [ 109.32698854, -0.026185499999942 ], [ 109.326988128, -0.026184817999942 ], [ 109.32689422, -0.026029259999977 ], [ 109.32677506, -0.025831869999937 ], [ 109.326732939054295, -0.025762097306139 ], [ 109.3266587, -0.025639119999948 ], [ 109.32665862, -0.025638989999953 ], [ 109.326640156, -0.025608402999983 ], [ 109.3265486, -0.025456739999921 ], [ 109.326547495, -0.025454909999953 ], [ 109.32654104, -0.025444219999951 ], [ 109.32654086, -0.025443919999929 ], [ 109.326517142117723, -0.025404629488556 ], [ 109.32645595, -0.02530325999993 ], [ 109.32642131, -0.025249799999925 ], [ 109.32642126, -0.025249729999941 ], [ 109.32630948, -0.025077209999954 ], [ 109.3263092, -0.025076739999973 ], [ 109.326307402860991, -0.02507396714378 ], [ 109.326307185, -0.02507363099995 ], [ 109.32629612, -0.025056559999938 ], [ 109.32629574, -0.025055979999943 ], [ 109.32622817, -0.024951709999928 ], [ 109.32616787, -0.024858639999943 ], [ 109.326166949, -0.024857220999934 ], [ 109.32616665, -0.024856759999982 ], [ 109.32616659, -0.024856639999947 ], [ 109.32616631, -0.024856209999944 ], [ 109.32616563, -0.024854809999976 ], [ 109.32615492, -0.024832929999954 ], [ 109.32615363, -0.024830329999928 ], [ 109.3261537, -0.024830219999962 ], [ 109.32615308, -0.024829199999944 ], [ 109.32614192, -0.02480653999993 ], [ 109.32613743, -0.024799429999969 ], [ 109.32613238, -0.024791439999949 ], [ 109.32610756, -0.024754479999959 ], [ 109.32610436, -0.024749719999939 ], [ 109.32610202, -0.024746239999967 ], [ 109.32608875, -0.024726479999977 ], [ 109.32608134, -0.024712169999928 ], [ 109.326075977, -0.024701810999945 ], [ 109.32602972, -0.024612479999983 ], [ 109.326028062, -0.024609278999956 ], [ 109.32598634, -0.024528709999974 ], [ 109.32598623, -0.024528499999984 ], [ 109.325866793, -0.02430115499993 ], [ 109.325865670242521, -0.024299017884452 ], [ 109.325861251075338, -0.024290606209855 ], [ 109.325825730516641, -0.024222994515445 ], [ 109.32575606, -0.024090379999971 ], [ 109.32575574, -0.024090509999947 ], [ 109.325756, -0.024090279999947 ], [ 109.325757549, -0.024043158999972 ], [ 109.325765385, -0.023804709999982 ], [ 109.32576554, -0.023799979999985 ], [ 109.325765541, -0.023799888999977 ], [ 109.32576653, -0.023719399999953 ], [ 109.32576881, -0.02363872999997 ], [ 109.325780621, -0.023523799999974 ], [ 109.32633196, -0.023414279999942 ], [ 109.32673102, -0.023334819999952 ], [ 109.32721451, -0.023217219999932 ], [ 109.32740031, -0.023174349999975 ], [ 109.32779633, -0.023090662999949 ], [ 109.32779636, -0.02309065699996 ], [ 109.32779644, -0.023090639999974 ], [ 109.32785865, -0.023077659999964 ], [ 109.32835138, -0.023062029999954 ], [ 109.32878678, -0.023050249999934 ], [ 109.32936289, -0.023050289999962 ], [ 109.32936287, -0.023034649999952 ], [ 109.32936674, -0.02303453999997 ], [ 109.329366738, -0.023034456999932 ], [ 109.32936299, -0.022872169999969 ], [ 109.32936253, -0.022744239999963 ], [ 109.329362528, -0.022743735999943 ], [ 109.32936186, -0.022561089999951 ], [ 109.3293616, -0.022491529999966 ], [ 109.32936155, -0.022477699999974 ], [ 109.32936171, -0.022477685999948 ], [ 109.329363544, -0.022477489999969 ], [ 109.32990337, -0.022419909999948 ], [ 109.33004462, -0.022404849999933 ], [ 109.3300604, -0.022403159999956 ], [ 109.33005764, -0.022560599999971 ], [ 109.33057374, -0.022906319999948 ], [ 109.330588858, -0.022916483999945 ], [ 109.33079514, -0.023055169999972 ], [ 109.33099043, -0.023199219999926 ], [ 109.33099075, -0.023198769999974 ], [ 109.331187014, -0.02334281599998 ], [ 109.331188441, -0.023343863999969 ], [ 109.33118899, -0.023342979999936 ], [ 109.33153959, -0.023516449999939 ], [ 109.33154265, -0.023517969999949 ], [ 109.33213837, -0.023801679999966 ], [ 109.33262265, -0.023983099999959 ], [ 109.333067531, -0.024175858999968 ], [ 109.33306986, -0.024170769999961 ], [ 109.33324791, -0.023776959999969 ], [ 109.333248496, -0.023775690999976 ], [ 109.333493059, -0.023246327999967 ], [ 109.33368698, -0.022826579999964 ], [ 109.333713639, -0.022804938999973 ], [ 109.333716874, -0.02280231299995 ], [ 109.33386155, -0.022684859999966 ], [ 109.334545544, -0.021945884999985 ], [ 109.33455421, -0.021936519999939 ], [ 109.33471189, -0.02178345999994 ], [ 109.334885025, -0.021530098999962 ], [ 109.33488525, -0.021529769999979 ], [ 109.33501071, -0.021345908999934 ], [ 109.33502162, -0.021329919999972 ], [ 109.33541018, -0.020831029999953 ], [ 109.3357111, -0.020485969999929 ], [ 109.33593441, -0.020229539999949 ], [ 109.336009454, -0.020168890999968 ], [ 109.33600974, -0.020168659999973 ], [ 109.33600026, -0.020161009999937 ], [ 109.33600034, -0.02016093999993 ], [ 109.33600974, -0.020168439999963 ], [ 109.33631191, -0.019923389999977 ], [ 109.336393637, -0.019843704999975 ], [ 109.33682365, -0.019425069999957 ], [ 109.336829553, -0.019418675999932 ], [ 109.33683397, -0.019414369999943 ], [ 109.3368429, -0.019404469999927 ], [ 109.33684975, -0.019396889999944 ], [ 109.33697027, -0.019266449999981 ], [ 109.336970178, -0.019266371999951 ], [ 109.33697042, -0.019266109999945 ], [ 109.338254339, -0.017753481999929 ], [ 109.338530344, -0.018003068999978 ], [ 109.339319146653068, -0.018716372056765 ], [ 109.339379539, -0.018770983999957 ], [ 109.339627898, -0.018995570999953 ], [ 109.339696781, -0.01905785999998 ], [ 109.339864155, -0.01920921499994 ], [ 109.339997646, -0.019329927999937 ], [ 109.339998808, -0.019330978999958 ], [ 109.340689633, -0.01995568199993 ], [ 109.340703471, -0.01996718699996 ], [ 109.340703502, -0.019967211999935 ], [ 109.341253893, -0.020424834999975 ], [ 109.341254459, -0.020425305999934 ], [ 109.341495617, -0.020625816999937 ], [ 109.341497075, -0.020627029999961 ], [ 109.341728085, -0.020819102999955 ], [ 109.341945378, -0.020999770999936 ], [ 109.34218971, -0.021202920999948 ], [ 109.342194276, -0.021206716999933 ], [ 109.34264033, -0.021577588999954 ], [ 109.342765159, -0.021681377999926 ], [ 109.342772059, -0.021687114999973 ], [ 109.341841109, -0.022515611999953 ], [ 109.341839279, -0.022516818999983 ], [ 109.341837526, -0.022517973999932 ], [ 109.341801409, -0.02254175699995 ], [ 109.341801172, -0.022541914999986 ], [ 109.341800651, -0.022542257999934 ], [ 109.341800454, -0.022542384999953 ], [ 109.34165435, -0.022638598999946 ], [ 109.341654043, -0.022638813999943 ], [ 109.341546699, -0.022715248999941 ], [ 109.341541098, -0.022719226999934 ], [ 109.341439349, -0.022791358999937 ], [ 109.341190347, -0.023014409999975 ], [ 109.341183839, -0.023020238999954 ], [ 109.341149898, -0.023050644999964 ], [ 109.341052808, -0.023137617999967 ], [ 109.340729449, -0.023427278999978 ], [ 109.340435619, -0.023691178999969 ], [ 109.340405479, -0.023717498999925 ], [ 109.34033947, -0.023776607999941 ], [ 109.340339658, -0.023777368999967 ], [ 109.340339579, -0.023777448999975 ], [ 109.340212619, -0.023642608999981 ], [ 109.340124524, -0.023683105999972 ], [ 109.339798508, -0.023324486999974 ], [ 109.338297171, -0.024014721999954 ], [ 109.337506048, -0.024350349999967 ], [ 109.337374194, -0.024436254999963 ], [ 109.337307067, -0.024469818999931 ], [ 109.337512559, -0.024893168999944 ], [ 109.33753358, -0.024947839999932 ], [ 109.337602256, -0.02510742099998 ], [ 109.337580953, -0.025118977999964 ], [ 109.337581033, -0.025119153999925 ], [ 109.337581281, -0.025119675999977 ], [ 109.337581066, -0.025119333999958 ], [ 109.33758095, -0.025119389999933 ], [ 109.33688044, -0.025491589999954 ], [ 109.33665123, -0.025613369999976 ], [ 109.33664633, -0.025615969999932 ], [ 109.335990364, -0.025964494999928 ], [ 109.336052995, -0.02606962499994 ], [ 109.335313946, -0.026525371999981 ], [ 109.335160996, -0.026276211999969 ], [ 109.33488883, -0.026464169999937 ], [ 109.33489158, -0.026468689999947 ], [ 109.33488968, -0.02647 ], [ 109.33488714, -0.026465859999982 ], [ 109.334885407, -0.026467067999931 ], [ 109.33427961, -0.026889438999946 ], [ 109.33427969, -0.026889579999939 ], [ 109.33460932, -0.027452289999928 ], [ 109.33464684, -0.027504849999962 ], [ 109.33481717, -0.027743429999933 ], [ 109.33482203, -0.027750249999941 ], [ 109.33480914, -0.027757569999955 ], [ 109.33442548, -0.027975559999968 ], [ 109.33394133, -0.028250629999949 ], [ 109.33394139, -0.028250679999934 ], [ 109.333925875, -0.028259356999974 ], [ 109.33390306, -0.028240019999943 ], [ 109.33390285, -0.028240259999968 ], [ 109.33390282, -0.02824023399996 ], [ 109.333554926, -0.027944429999938 ], [ 109.33341122, -0.027822239999979 ], [ 109.3334115, -0.027822 ], [ 109.333410484, -0.027821131999928 ], [ 109.3330608, -0.027522229999931 ], [ 109.33306103, -0.027522059999969 ], [ 109.333060617, -0.027521712999948 ], [ 109.33223718, -0.026828589999985 ], [ 109.332236451, -0.026827976999927 ], [ 109.33223643, -0.026827959999933 ], [ 109.331641101, -0.026326829999958 ], [ 109.33163946, -0.026328249999957 ], [ 109.33151256, -0.026438359999936 ], [ 109.33134538, -0.026584199999952 ], [ 109.330913073, -0.026942193999963 ], [ 109.3306039, -0.02719821999995 ], [ 109.3305402, -0.027249809999956 ], [ 109.33031366, -0.027431729999938 ], [ 109.33023943, -0.027500039999952 ], [ 109.330115218, -0.027614328999965 ], [ 109.3299156, -0.027798 ], [ 109.32991548, -0.027797819999942 ], [ 109.329913613, -0.027799551999983 ], [ 109.329517268, -0.028167258999928 ], [ 109.32864402, -0.028977409999923 ], [ 109.328526023, -0.02878926599994 ], [ 109.3284155, -0.02861303999993 ], [ 109.32841544, -0.028613089999963 ], [ 109.328362609, -0.028527569999945 ], [ 109.328257234, -0.028356993999981 ], [ 109.328255978, -0.028354960999933 ] ] ] ] } },
{ "type": "Feature", "properties": { "fid": null, "gid": 609727.0, "kdprov": "61", "kdkab": "71", "kdkec": "010", "kddesa": "005", "iddesa": "6171010005", "nmprov": "KALIMANTAN BARAT", "nmkab": "PONTIANAK", "nmkec": "PONTIANAK SELATAN", "nmdesa": "AKCAYA", "luas": 0.120992198158251, "sumber": "", "periode": "2024_1", "layer": null, "path": null, "idkec": "6171010" }, "geometry": { "type": "MultiPolygon", "coordinates": [ [ [ [ 109.321797165, -0.056334018999968 ], [ 109.321559228, -0.056129323999925 ], [ 109.32143902, -0.056025909999955 ], [ 109.320852093301013, -0.055508130103259 ], [ 109.32081588, -0.055469679999932 ], [ 109.32081444, -0.055468373999927 ], [ 109.32071038, -0.055373969999955 ], [ 109.32071038, -0.055374 ], [ 109.32058036, -0.055253049999985 ], [ 109.32046376, -0.055143719999943 ], [ 109.320445812038855, -0.0551269558405 ], [ 109.32041206, -0.055095429999943 ], [ 109.32030123, -0.054990509999929 ], [ 109.32019838, -0.054895179999961 ], [ 109.32016096, -0.054856879999933 ], [ 109.32015969, -0.054855579999986 ], [ 109.31975569, -0.054435389999988 ], [ 109.31975545, -0.054435139999957 ], [ 109.31947643, -0.054155059999971 ], [ 109.31929765, -0.053980699999959 ], [ 109.319270573, -0.053925405999964 ], [ 109.31926393, -0.053911839999958 ], [ 109.319263597, -0.053893765999931 ], [ 109.31926354, -0.05389068999995 ], [ 109.31926354, -0.053890639999969 ], [ 109.31926161, -0.053820739999939 ], [ 109.318775485, -0.053342862999958 ], [ 109.31880266918202, -0.05330475270261 ], [ 109.318797672598762, -0.053300826817462 ], [ 109.318539052656348, -0.053045522625266 ], [ 109.31826385451248, -0.052771982418173 ], [ 109.318153990742786, -0.052637573062455 ], [ 109.318115951, -0.052689750999944 ], [ 109.31793107, -0.052508599999954 ], [ 109.31775907, -0.052304169999965 ], [ 109.31768444, -0.052215499999933 ], [ 109.317501215, -0.052034545999957 ], [ 109.31742899, -0.051963215999927 ], [ 109.31736975, -0.051904709999978 ], [ 109.31633403, -0.050875949999978 ], [ 109.3163341, -0.050875899999945 ], [ 109.31632684, -0.050868689999965 ], [ 109.31634134, -0.050868209999975 ], [ 109.31638019, -0.050824019999943 ], [ 109.31638114, -0.050822949999951 ], [ 109.316437299, -0.050759067999941 ], [ 109.31646404, -0.050728649999939 ], [ 109.31648505, -0.050704749999967 ], [ 109.31652832, -0.050663159999939 ], [ 109.31684906, -0.050352689999958 ], [ 109.316961668, -0.050242720999969 ], [ 109.31712299, -0.050085179999949 ], [ 109.31718901, -0.050020689999941 ], [ 109.31718906, -0.050020729999971 ], [ 109.317262, -0.049948034999944 ], [ 109.317506322, -0.049704531999969 ], [ 109.317758388, -0.049453309999939 ], [ 109.31780068, -0.049411159999976 ], [ 109.317836849, -0.049374909999933 ], [ 109.317960455205238, -0.049251024381722 ], [ 109.3181328, -0.049078289999954 ], [ 109.318133490126314, -0.049077619119291 ], [ 109.318135951, -0.049075796999951 ], [ 109.318245751, -0.048962647999933 ], [ 109.318426833, -0.048776052999932 ], [ 109.31866482, -0.048530819999947 ], [ 109.31898713, -0.048215099999935 ], [ 109.31918978, -0.047995549999949 ], [ 109.319220543, -0.047965562999938 ], [ 109.319242732, -0.047943933999943 ], [ 109.31928413, -0.047903579999974 ], [ 109.31930696, -0.047881939999963 ], [ 109.31931116, -0.04787795999994 ], [ 109.3193117, -0.047877449999931 ], [ 109.319668565, -0.047539312999965 ], [ 109.3197088, -0.047501189999939 ], [ 109.31986947, -0.047348919999941 ], [ 109.31987668, -0.047341969999939 ], [ 109.31990773, -0.047312619999957 ], [ 109.31992183, -0.047298429999953 ], [ 109.31992611, -0.047294299999984 ], [ 109.319990087, -0.047229756999978 ], [ 109.31999015, -0.047229829999942 ], [ 109.32008253, -0.047136669999936 ], [ 109.32011143, -0.047107580999974 ], [ 109.320466327, -0.046750355999969 ], [ 109.32068484, -0.046530409999954 ], [ 109.32068782, -0.046527359999969 ], [ 109.320755, -0.046458719999977 ], [ 109.32107954, -0.046149069999965 ], [ 109.321264971, -0.045969997999987 ], [ 109.32194123, -0.045316929999953 ], [ 109.32202046, -0.045240419999978 ], [ 109.32201871, -0.045238629999972 ], [ 109.3220191, -0.045238239999952 ], [ 109.32202046, -0.045239629999976 ], [ 109.32245632, -0.044796409999959 ], [ 109.322555508, -0.044696170999948 ], [ 109.32266018, -0.044590389999938 ], [ 109.322691543, -0.044558111999948 ], [ 109.32276567, -0.044481819999932 ], [ 109.32284665, -0.044399479999927 ], [ 109.32289919, -0.044346589999979 ], [ 109.32315302, -0.044112649999933 ], [ 109.32342514, -0.043856189999931 ], [ 109.32345948, -0.043822199999972 ], [ 109.32348073, -0.04380249999997 ], [ 109.32396957, -0.043329199999967 ], [ 109.32401743, -0.043279279999983 ], [ 109.32406724, -0.043227339999933 ], [ 109.32441053, -0.042869329999974 ], [ 109.324435736, -0.04284633299995 ], [ 109.32444214, -0.042840489999951 ], [ 109.32444219, -0.042840529999982 ], [ 109.324455002, -0.042829024999956 ], [ 109.32460847, -0.042691219999942 ], [ 109.32471297, -0.042595329999933 ], [ 109.32482123, -0.042494519999945 ], [ 109.32486202, -0.04245728999996 ], [ 109.325141747, -0.042197480999964 ], [ 109.325685, -0.041692909999937 ], [ 109.32568481, -0.041692559999945 ], [ 109.325827622, -0.041562515999942 ], [ 109.32602326, -0.041384369999944 ], [ 109.32603589, -0.041373759999953 ], [ 109.326035682, -0.041370022999965 ], [ 109.326090243591437, -0.04132497558568 ], [ 109.32623352, -0.041206682999933 ], [ 109.32630421, -0.041148319999944 ], [ 109.326402381, -0.041065839999937 ], [ 109.326406022, -0.041062780999934 ], [ 109.32643247, -0.04104055999995 ], [ 109.32643326, -0.041041769999941 ], [ 109.3264341, -0.041041069999958 ], [ 109.326434, -0.041040909999941 ], [ 109.32650034, -0.040986389999955 ], [ 109.32687048, -0.040680789999954 ], [ 109.32700723, -0.040558219999976 ], [ 109.3270762, -0.040496 ], [ 109.32707631, -0.040496159999982 ], [ 109.327320959, -0.040275847999969 ], [ 109.32825396, -0.039435659999921 ], [ 109.32831501, -0.039382099999962 ], [ 109.328328368, -0.039370380999973 ], [ 109.32834126, -0.039359069999938 ], [ 109.32834101, -0.039358709999937 ], [ 109.32860179159745, -0.039124043709386 ], [ 109.32864288, -0.039087069999941 ], [ 109.32877355, -0.038969119999932 ], [ 109.328779628, -0.038963947999958 ], [ 109.328781, -0.038962779999964 ], [ 109.32879051, -0.038954219999944 ], [ 109.32883908, -0.038913389999952 ], [ 109.32888026, -0.038878369999974 ], [ 109.32902161, -0.038757869999928 ], [ 109.32932187, -0.038503129999931 ], [ 109.32944595, -0.038398779999971 ], [ 109.32946043, -0.038386609999978 ], [ 109.32960823, -0.038262289999984 ], [ 109.32961293, -0.038258309999949 ], [ 109.32962592, -0.038245949999976 ], [ 109.32986449, -0.038019369999971 ], [ 109.330062, -0.037831889999945 ], [ 109.33012786, -0.037769309999936 ], [ 109.33020468, -0.037701289999982 ], [ 109.330270573, -0.037643545999975 ], [ 109.33027034, -0.037643159999962 ], [ 109.330274328, -0.037639653999984 ], [ 109.33065845, -0.037301989999946 ], [ 109.33067141, -0.037291769999972 ], [ 109.33067344, -0.037289989999978 ], [ 109.33082828, -0.037168169999975 ], [ 109.33094793, -0.037074019999988 ], [ 109.331133006, -0.036928552999943 ], [ 109.33113745, -0.036925059999932 ], [ 109.33114011, -0.036922809999969 ], [ 109.33114057, -0.036923619999919 ], [ 109.33216124, -0.03606023999993 ], [ 109.33264663, -0.03568330999997 ], [ 109.332896179, -0.035475468999946 ], [ 109.33291439, -0.035460299999956 ], [ 109.33323735, -0.035902129999965 ], [ 109.333655445, -0.036438352999946 ], [ 109.33367184, -0.036459379999943 ], [ 109.333722312, -0.036524117999936 ], [ 109.33396095, -0.036830209999947 ], [ 109.334540929, -0.037529221999933 ], [ 109.334559877, -0.037552057999965 ], [ 109.33456474, -0.037557919999929 ], [ 109.33457222, -0.037566979999962 ], [ 109.335396715, -0.038564425999943 ], [ 109.33545563, -0.03863569999993 ], [ 109.33662916, -0.040100159999954 ], [ 109.336637116, -0.04010922799996 ], [ 109.336651737, -0.04012589099995 ], [ 109.3370427, -0.040571469999976 ], [ 109.33739925, -0.041018639999948 ], [ 109.33772651, -0.041429089999956 ], [ 109.33832945, -0.042163287999928 ], [ 109.3383482, -0.042186119999941 ], [ 109.33884842, -0.042756809999962 ], [ 109.338858927, -0.042768553999974 ], [ 109.33958833, -0.043583839999943 ], [ 109.339756761, -0.043784660999962 ], [ 109.34076387, -0.044985439999948 ], [ 109.34076389, -0.04498546999997 ], [ 109.34112461, -0.045445319999946 ], [ 109.34108229, -0.045673269999958 ], [ 109.34098811, -0.045967849999965 ], [ 109.3409881, -0.045967879999986 ], [ 109.34080032, -0.046450249999965 ], [ 109.34067208, -0.046668769999943 ], [ 109.34054367, -0.046817889999944 ], [ 109.34029691, -0.046966939999947 ], [ 109.33992177, -0.047155779999979 ], [ 109.33949204, -0.047344739999973 ], [ 109.33930474, -0.047489499999934 ], [ 109.33910276, -0.047681389999985 ], [ 109.33910274, -0.047681409999938 ], [ 109.33901696, -0.04780323999995 ], [ 109.33895058, -0.047897509999924 ], [ 109.33895053, -0.047897579999929 ], [ 109.33892705, -0.047925069999964 ], [ 109.3388099, -0.048062219999966 ], [ 109.3386636, -0.048189619999965 ], [ 109.33860125, -0.048243889999986 ], [ 109.33833705, -0.048451219999956 ], [ 109.33807734, -0.048625549999949 ], [ 109.33807731, -0.048625569999964 ], [ 109.33784284, -0.048732569999978 ], [ 109.33759899, -0.048821729999942 ], [ 109.33759896, -0.048821749999955 ], [ 109.33707066, -0.048984339999948 ], [ 109.33707048, -0.048984399999942 ], [ 109.33689246, -0.049057759999924 ], [ 109.33678339, -0.049130309999956 ], [ 109.33666216, -0.049210929999957 ], [ 109.33623387, -0.049435419999958 ], [ 109.336088665, -0.049529148999978 ], [ 109.336071206, -0.049540417999934 ], [ 109.33605867, -0.049548509999963 ], [ 109.33605671, -0.049549769999947 ], [ 109.33605656, -0.049549859999964 ], [ 109.33595477, -0.049612569999973 ], [ 109.33595458, -0.049612709999975 ], [ 109.33593648, -0.049625739999957 ], [ 109.335802306, -0.049722411999939 ], [ 109.33574353, -0.049764759999962 ], [ 109.33574337, -0.049764879999949 ], [ 109.33574326, -0.049764849999979 ], [ 109.3356974, -0.049797409999945 ], [ 109.33569741, -0.049797449999978 ], [ 109.33559542, -0.049863679999941 ], [ 109.33536459, -0.05001358999994 ], [ 109.335238136, -0.050078135999973 ], [ 109.33508941, -0.050154049999945 ], [ 109.33500571, -0.050185409999926 ], [ 109.33487105, -0.050235849999986 ], [ 109.334838295, -0.050243744999928 ], [ 109.33453537, -0.050316759999934 ], [ 109.33453534, -0.05031666999998 ], [ 109.33453528, -0.05031668999993 ], [ 109.33453531, -0.050316779999947 ], [ 109.3345352, -0.05031679999996 ], [ 109.33446032, -0.05033468899996 ], [ 109.33441507, -0.050345499999944 ], [ 109.33441319, -0.050345949999958 ], [ 109.334255556, -0.050386664999967 ], [ 109.334219655, -0.050395937999959 ], [ 109.334042517, -0.050441689999966 ], [ 109.33386895, -0.050486519999942 ], [ 109.333642205, -0.050540065999942 ], [ 109.33364217, -0.050540079999972 ], [ 109.333641923, -0.05054014499996 ], [ 109.33342718, -0.050596389999964 ], [ 109.33342723, -0.05059642999993 ], [ 109.333357663, -0.050615125999967 ], [ 109.33330433, -0.050629459999928 ], [ 109.33330428, -0.050629469999935 ], [ 109.333044169, -0.050699397999948 ], [ 109.3329136, -0.050734499999978 ], [ 109.332677942, -0.050821248999967 ], [ 109.33226706, -0.050972499999954 ], [ 109.331990464, -0.051086138999953 ], [ 109.33199034, -0.051086189999983 ], [ 109.331745045, -0.051185234999944 ], [ 109.331745002, -0.051185249999947 ], [ 109.33172071, -0.051196549999932 ], [ 109.33144388, -0.05136977999996 ], [ 109.331389409, -0.051411282999938 ], [ 109.331260554, -0.051509460999962 ], [ 109.33118497, -0.05156704999996 ], [ 109.331149424, -0.051599497999977 ], [ 109.33114183, -0.051606429999938 ], [ 109.330892924, -0.051838828999963 ], [ 109.33086002, -0.051869549999934 ], [ 109.33085672, -0.051872629999942 ], [ 109.33085311, -0.051875689999972 ], [ 109.330578743, -0.05210820999998 ], [ 109.33051525, -0.052162019999977 ], [ 109.330154579, -0.052467632999945 ], [ 109.33007694, -0.052533419999982 ], [ 109.329948899, -0.05265129399993 ], [ 109.3298495, -0.052742799999985 ], [ 109.329620517, -0.052949498999965 ], [ 109.32956836, -0.052996579999961 ], [ 109.32956805, -0.052996859999953 ], [ 109.329538374615652, -0.053022733869228 ], [ 109.32929858, -0.053231809999945 ], [ 109.329297241, -0.053233020999926 ], [ 109.329294939, -0.053235101999976 ], [ 109.32896239, -0.053535829999937 ], [ 109.328957367, -0.053540350999922 ], [ 109.32877803, -0.05370174999996 ], [ 109.3286201, -0.053821009999978 ], [ 109.32838337, -0.054039449999955 ], [ 109.328353299, -0.054063109999962 ], [ 109.3282707, -0.054128099999957 ], [ 109.3279881, -0.054374059999934 ], [ 109.327925654, -0.054428828999966 ], [ 109.32764012, -0.054679259999943 ], [ 109.327621285, -0.054697639999977 ], [ 109.32753664, -0.054780239999956 ], [ 109.32750938, -0.054807019999952 ], [ 109.32750935, -0.054807049999974 ], [ 109.32725927, -0.055049709999946 ], [ 109.32715827, -0.055146839999969 ], [ 109.327068572, -0.055233101999934 ], [ 109.326777712, -0.055512818999945 ], [ 109.32671765, -0.055570579999936 ], [ 109.32649616, -0.055784479999944 ], [ 109.32648381, -0.055796708999942 ], [ 109.326313147, -0.055965685999981 ], [ 109.32608209, -0.05619445799994 ], [ 109.32604783, -0.056228379999934 ], [ 109.325912415, -0.05636488599993 ], [ 109.325309484, -0.056972675999937 ], [ 109.32529582, -0.056986449999956 ], [ 109.325256193, -0.057026471999957 ], [ 109.325206838161193, -0.057076318060896 ], [ 109.324897, -0.057389239999966 ], [ 109.32488616, -0.05739939999996 ], [ 109.32486781, -0.057416589999951 ], [ 109.32486768, -0.05741626999998 ], [ 109.324468401, -0.057780108999962 ], [ 109.32446378, -0.057784319999947 ], [ 109.32444143, -0.057804159999934 ], [ 109.3244354, -0.05781018999994 ], [ 109.324150174, -0.058095490999961 ], [ 109.32397817, -0.058267539999972 ], [ 109.322281778, -0.056752221999952 ], [ 109.32224247, -0.056717109999963 ], [ 109.321797165, -0.056334018999968 ] ] ] ] } },
{ "type": "Feature", "properties": { "fid": null, "gid": 609757.0, "kdprov": "61", "kdkab": "71", "kdkec": "031", "kddesa": "002", "iddesa": "6171031002", "nmprov": "KALIMANTAN BARAT", "nmkab": "PONTIANAK", "nmkec": "PONTIANAK KOTA", "nmdesa": "DARAT SEKIP", "luas": 0.011500434131850999, "sumber": "", "periode": "2024_1", "layer": null, "path": null, "idkec": "6171031" }, "geometry": { "type": "MultiPolygon", "coordinates": [ [ [ [ 109.33148121, -0.033540209999957 ], [ 109.33141595, -0.033436789999934 ], [ 109.331289973, -0.03323713299995 ], [ 109.33128886, -0.033238089999947 ], [ 109.33122942, -0.033143229999954 ], [ 109.33122936, -0.033143129999928 ], [ 109.331226863, -0.033139144999958 ], [ 109.33090695, -0.032628609999969 ], [ 109.330806877, -0.032468900999963 ], [ 109.33073483, -0.032353919999939 ], [ 109.33073492, -0.032353829999987 ], [ 109.33063723, -0.032198289999938 ], [ 109.330624036, -0.032177272999945 ], [ 109.3306234, -0.032176259999968 ], [ 109.33062331, -0.03217611999998 ], [ 109.33061351, -0.032160509999928 ], [ 109.33060662, -0.03215270999994 ], [ 109.33042348, -0.031857939999949 ], [ 109.33040284, -0.031825079999975 ], [ 109.330401173, -0.031822419999975 ], [ 109.330380845, -0.031789969999985 ], [ 109.330272915136618, -0.031617681501977 ], [ 109.33019271, -0.031489649999974 ], [ 109.330051979, -0.031261730999974 ], [ 109.3299023, -0.031019319999932 ], [ 109.32990238, -0.031019239999987 ], [ 109.329902287, -0.031019089999975 ], [ 109.3296418, -0.030597339999932 ], [ 109.329641083, -0.030596178999928 ], [ 109.32958955, -0.030512739999957 ], [ 109.329526748, -0.030411470999985 ], [ 109.32916108, -0.029821829999949 ], [ 109.32916151, -0.029819919999971 ], [ 109.329159829, -0.029817198999985 ], [ 109.328885964, -0.029374071999938 ], [ 109.32876588, -0.029179769999937 ], [ 109.32876516, -0.029180009999944 ], [ 109.32876473, -0.02917931399998 ], [ 109.32865832, -0.029007149999924 ], [ 109.32865887, -0.029006749999945 ], [ 109.328657877, -0.02900514399994 ], [ 109.32864193, -0.028979349999926 ], [ 109.32864402, -0.028977409999923 ], [ 109.329517268, -0.028167258999928 ], [ 109.329913613, -0.027799551999983 ], [ 109.32991548, -0.027797819999942 ], [ 109.3299156, -0.027798 ], [ 109.330115218, -0.027614328999965 ], [ 109.33023943, -0.027500039999952 ], [ 109.33031366, -0.027431729999938 ], [ 109.3305402, -0.027249809999956 ], [ 109.3306039, -0.02719821999995 ], [ 109.330913073, -0.026942193999963 ], [ 109.33134538, -0.026584199999952 ], [ 109.33151256, -0.026438359999936 ], [ 109.33163946, -0.026328249999957 ], [ 109.331641101, -0.026326829999958 ], [ 109.33223643, -0.026827959999933 ], [ 109.332236451, -0.026827976999927 ], [ 109.33223718, -0.026828589999985 ], [ 109.333060617, -0.027521712999948 ], [ 109.33306103, -0.027522059999969 ], [ 109.3330608, -0.027522229999931 ], [ 109.333410484, -0.027821131999928 ], [ 109.3334115, -0.027822 ], [ 109.33341122, -0.027822239999979 ], [ 109.333554926, -0.027944429999938 ], [ 109.33390282, -0.02824023399996 ], [ 109.33390285, -0.028240259999968 ], [ 109.33390306, -0.028240019999943 ], [ 109.333925875, -0.028259356999974 ], [ 109.33394139, -0.028250679999934 ], [ 109.33394133, -0.028250629999949 ], [ 109.33442548, -0.027975559999968 ], [ 109.33480914, -0.027757569999955 ], [ 109.33482203, -0.027750249999941 ], [ 109.33481717, -0.027743429999933 ], [ 109.33464684, -0.027504849999962 ], [ 109.33460932, -0.027452289999928 ], [ 109.33427969, -0.026889579999939 ], [ 109.33427961, -0.026889438999946 ], [ 109.334885407, -0.026467067999931 ], [ 109.33488714, -0.026465859999982 ], [ 109.33488968, -0.02647 ], [ 109.33489158, -0.026468689999947 ], [ 109.33488883, -0.026464169999937 ], [ 109.335160996, -0.026276211999969 ], [ 109.335313946, -0.026525371999981 ], [ 109.336052995, -0.02606962499994 ], [ 109.335990364, -0.025964494999928 ], [ 109.33664633, -0.025615969999932 ], [ 109.33665123, -0.025613369999976 ], [ 109.33688044, -0.025491589999954 ], [ 109.33758095, -0.025119389999933 ], [ 109.337581066, -0.025119333999958 ], [ 109.337581281, -0.025119675999977 ], [ 109.337581033, -0.025119153999925 ], [ 109.337580953, -0.025118977999964 ], [ 109.337602256, -0.02510742099998 ], [ 109.33753358, -0.024947839999932 ], [ 109.337512559, -0.024893168999944 ], [ 109.337307067, -0.024469818999931 ], [ 109.337374194, -0.024436254999963 ], [ 109.337506048, -0.024350349999967 ], [ 109.338297171, -0.024014721999954 ], [ 109.339798508, -0.023324486999974 ], [ 109.340124524, -0.023683105999972 ], [ 109.340212619, -0.023642608999981 ], [ 109.340339579, -0.023777448999975 ], [ 109.340339658, -0.023777368999967 ], [ 109.34033947, -0.023776607999941 ], [ 109.340405479, -0.023717498999925 ], [ 109.340435619, -0.023691178999969 ], [ 109.340729449, -0.023427278999978 ], [ 109.341052808, -0.023137617999967 ], [ 109.341149898, -0.023050644999964 ], [ 109.341183839, -0.023020238999954 ], [ 109.341190347, -0.023014409999975 ], [ 109.341439349, -0.022791358999937 ], [ 109.341541098, -0.022719226999934 ], [ 109.341546699, -0.022715248999941 ], [ 109.341654043, -0.022638813999943 ], [ 109.34165435, -0.022638598999946 ], [ 109.341800454, -0.022542384999953 ], [ 109.341800651, -0.022542257999934 ], [ 109.341801172, -0.022541914999986 ], [ 109.341801409, -0.02254175699995 ], [ 109.341837526, -0.022517973999932 ], [ 109.341839279, -0.022516818999983 ], [ 109.341841109, -0.022515611999953 ], [ 109.342772059, -0.021687114999973 ], [ 109.343272467, -0.02210317899995 ], [ 109.34329081, -0.022124142999928 ], [ 109.343330313, -0.022169288999988 ], [ 109.343808397, -0.022715663999974 ], [ 109.34413525, -0.023089204999972 ], [ 109.344161317, -0.023118995999939 ], [ 109.344247136, -0.023217072999965 ], [ 109.344331147, -0.023365954999975 ], [ 109.344333078, -0.023369377999933 ], [ 109.344588101015532, -0.023821321213726 ], [ 109.344629439, -0.02389457899995 ], [ 109.344632958, -0.02390081599998 ], [ 109.345085706, -0.024703164999948 ], [ 109.345086002, -0.024703688999986 ], [ 109.345198709241359, -0.02490342584595 ], [ 109.345411825, -0.025281102999943 ], [ 109.345503217, -0.02544306499994 ], [ 109.345586229, -0.02564290899994 ], [ 109.345435554, -0.025722889999939 ], [ 109.344763899, -0.026079414999977 ], [ 109.344759021, -0.02608002099993 ], [ 109.344758883, -0.026080040999942 ], [ 109.344756597, -0.026080299999939 ], [ 109.344756139, -0.026080351999949 ], [ 109.344754685, -0.026080518999945 ], [ 109.344723695, -0.026084085999973 ], [ 109.344714952, -0.026085091999968 ], [ 109.344493112, -0.026214533999961 ], [ 109.34446071, -0.026233439999952 ], [ 109.34442985, -0.026251489999945 ], [ 109.3444296, -0.026251589999964 ], [ 109.34442734, -0.026252909999929 ], [ 109.344426668, -0.026253199999926 ], [ 109.34417193, -0.026363159999966 ], [ 109.34415164, -0.026372 ], [ 109.34414935, -0.02637298999998 ], [ 109.34408827, -0.026403679999934 ], [ 109.343894082, -0.026500812999932 ], [ 109.34389215, -0.026501779999937 ], [ 109.34384741, -0.026524689999972 ], [ 109.34382615, -0.026535369999983 ], [ 109.34379217, -0.02655243999994 ], [ 109.34357983, -0.026673859999964 ], [ 109.34349842, -0.026720239999981 ], [ 109.34349259, -0.026724369999957 ], [ 109.34345488, -0.026750889999962 ], [ 109.343454654, -0.026751047999941 ], [ 109.343423246, -0.026773008999953 ], [ 109.343344557664764, -0.026828027490173 ], [ 109.34327393, -0.026877409999941 ], [ 109.34324193, -0.02690175999993 ], [ 109.34303327, -0.027060499999955 ], [ 109.34303308, -0.027060649999951 ], [ 109.342979630017112, -0.027101321875672 ], [ 109.34296494, -0.027112499999931 ], [ 109.34290717, -0.027166539999945 ], [ 109.34288515, -0.027187219999971 ], [ 109.342884012, -0.027188266999937 ], [ 109.34288352, -0.027188719999979 ], [ 109.34288338, -0.027188419999961 ], [ 109.34275493, -0.027309559999939 ], [ 109.342754, -0.027310449999967 ], [ 109.34259514, -0.027405619999975 ], [ 109.34231725, -0.027572089999986 ], [ 109.342311303, -0.027576021999956 ], [ 109.34223088, -0.027629189999981 ], [ 109.34223097, -0.027629339999975 ], [ 109.34223119, -0.027629699999975 ], [ 109.341876529, -0.027862538999961 ], [ 109.341865479, -0.027869793 ], [ 109.34171519, -0.027968459999953 ], [ 109.34171334, -0.027969481999942 ], [ 109.341563719, -0.028052111999962 ], [ 109.34156242, -0.028052829999989 ], [ 109.34156236, -0.028052709999939 ], [ 109.34156277, -0.028052479999932 ], [ 109.34156247, -0.028051929999945 ], [ 109.34156206, -0.028052159999963 ], [ 109.3412386, -0.028229759999937 ], [ 109.341199929, -0.028251073999975 ], [ 109.34107462, -0.028320139999954 ], [ 109.34104445, -0.028338939999965 ], [ 109.34092886, -0.02841097999994 ], [ 109.340709384, -0.028548518999975 ], [ 109.34070418, -0.028551779999939 ], [ 109.34070391, -0.028551169999955 ], [ 109.34062248, -0.028601919999976 ], [ 109.3406227, -0.028602346999951 ], [ 109.34062248, -0.028601969999962 ], [ 109.3406067, -0.028612279999953 ], [ 109.340589332, -0.028623059999973 ], [ 109.34048683, -0.02868667999997 ], [ 109.34015688, -0.02889654999996 ], [ 109.33991036, -0.029057067999928 ], [ 109.339816742, -0.029118025999942 ], [ 109.339721761, -0.029179870999947 ], [ 109.33971926, -0.029181499999947 ], [ 109.339719088, -0.029181170999946 ], [ 109.339172673, -0.029542053999939 ], [ 109.33916059, -0.029550039999958 ], [ 109.339155791, -0.02955285799994 ], [ 109.33915485, -0.029553409999954 ], [ 109.339145486, -0.029558918999962 ], [ 109.33912655, -0.029570059999972 ], [ 109.33912641, -0.029570139999982 ], [ 109.33881963, -0.029750629999979 ], [ 109.3388194, -0.029750769999969 ], [ 109.33877893, -0.029774579999985 ], [ 109.338524093, -0.029964193999955 ], [ 109.33852348, -0.029964649999962 ], [ 109.33852327, -0.029964809999977 ], [ 109.338394946, -0.030060292999973 ], [ 109.338313772, -0.030120692999958 ], [ 109.33828147, -0.030144729999969 ], [ 109.33818806, -0.030214239999971 ], [ 109.33818782, -0.03021440999993 ], [ 109.338139028, -0.030250716999943 ], [ 109.33813834, -0.030251228999937 ], [ 109.33809491, -0.030283539999971 ], [ 109.33804985, -0.030324379999977 ], [ 109.33804982, -0.030324399999923 ], [ 109.33794992, -0.030414909999932 ], [ 109.33794983, -0.030414989999944 ], [ 109.337900158643606, -0.030459996850807 ], [ 109.33783067, -0.030522959999926 ], [ 109.337742621, -0.030602734999941 ], [ 109.337741812, -0.030603467999924 ], [ 109.33774178, -0.030603429999929 ], [ 109.3376685, -0.030672209999976 ], [ 109.33713228, -0.031175429999965 ], [ 109.33695105, -0.031339319999972 ], [ 109.33655177, -0.031717099999983 ], [ 109.3364885, -0.03178172999998 ], [ 109.336234173, -0.032027794999975 ], [ 109.336036143, -0.032219391999953 ], [ 109.33594643, -0.032306189999934 ], [ 109.33592514, -0.032326789999965 ], [ 109.33527028, -0.032954799999976 ], [ 109.3351849, -0.033036679999955 ], [ 109.33511173, -0.033108619999951 ], [ 109.33476923, -0.033445329999948 ], [ 109.33476944, -0.033445539999955 ], [ 109.33466379, -0.033549029999958 ], [ 109.33462661, -0.033586089999976 ], [ 109.334242498, -0.033952429999939 ], [ 109.33420905, -0.033984329999958 ], [ 109.33420746, -0.033985879999935 ], [ 109.33345144, -0.03470698999997 ], [ 109.3329631, -0.03516141999996 ], [ 109.33295056, -0.035173089999949 ], [ 109.33295052, -0.035173229999942 ], [ 109.33287507, -0.035403479999969 ], [ 109.33287461, -0.035403569999972 ], [ 109.33287412, -0.035405029999946 ], [ 109.33287318, -0.035403819999952 ], [ 109.33287176, -0.035401989999966 ], [ 109.33287174, -0.035401959999942 ], [ 109.33268725, -0.035162989999954 ], [ 109.33220398, -0.034541549999982 ], [ 109.33202423, -0.034310989999939 ], [ 109.3320242, -0.034310949999965 ], [ 109.33171951, -0.033920119999954 ], [ 109.3315317, -0.033620239999949 ], [ 109.33148165, -0.033540919999949 ], [ 109.331481238, -0.033540254999932 ], [ 109.33148121, -0.033540209999957 ] ] ] ] } },
{ "type": "Feature", "properties": { "fid": null, "gid": 611000.0, "kdprov": "61", "kdkab": "71", "kdkec": "030", "kddesa": "006", "iddesa": "6171030006", "nmprov": "KALIMANTAN BARAT", "nmkab": "PONTIANAK", "nmkec": "PONTIANAK BARAT", "nmdesa": "SUNGAI JAWI DALAM", "luas": 0.010204549124572001, "sumber": "", "periode": "2024_1", "layer": null, "path": null, "idkec": "6171030" }, "geometry": { "type": "MultiPolygon", "coordinates": [ [ [ [ 109.3016183, -0.025635149999978 ], [ 109.3015648, -0.025534769999987 ], [ 109.301540894, -0.025498680999938 ], [ 109.30153831, -0.025494779999976 ], [ 109.30153485, -0.02548955299995 ], [ 109.30153463, -0.025489219999949 ], [ 109.301532852, -0.025486534999974 ], [ 109.30138774, -0.025267389999961 ], [ 109.301223475, -0.02492010299995 ], [ 109.30121068, -0.024893059999952 ], [ 109.301123898, -0.024703750999948 ], [ 109.30108518, -0.024619289999982 ], [ 109.30108493, -0.024618739999945 ], [ 109.30095838, -0.024342689999975 ], [ 109.30095833, -0.024342589999951 ], [ 109.3009451, -0.024313729999963 ], [ 109.30081566, -0.024079149999983 ], [ 109.30081557, -0.024079 ], [ 109.30067952, -0.023832439999986 ], [ 109.300662221, -0.023799135999984 ], [ 109.300247477, -0.023996669999975 ], [ 109.300244269, -0.023998197999955 ], [ 109.300243955, -0.023997583999972 ], [ 109.300062409, -0.023642901999955 ], [ 109.300196064, -0.023559084999933 ], [ 109.299756428, -0.022670202999961 ], [ 109.29950658, -0.022237772999982 ], [ 109.299452445, -0.022261887999948 ], [ 109.299374448, -0.022296631999953 ], [ 109.29937406, -0.02229841299993 ], [ 109.299341504, -0.022316136999961 ], [ 109.298533124, -0.020791442999956 ], [ 109.298498711, -0.020808453999959 ], [ 109.298495777, -0.020819165999965 ], [ 109.298291574, -0.020905651999964 ], [ 109.298288941, -0.020906111999988 ], [ 109.298292344, -0.020904648999929 ], [ 109.298290669, -0.020901265999955 ], [ 109.296847234, -0.020391026999967 ], [ 109.296840143, -0.020388713999982 ], [ 109.29684009, -0.020388690999939 ], [ 109.296841559, -0.020384411999954 ], [ 109.296840145, -0.020383949999947 ], [ 109.29684009, -0.020383931999964 ], [ 109.296923559, -0.020140892999972 ], [ 109.296928381, -0.020143190999937 ], [ 109.296933184632337, -0.020132585917394 ], [ 109.297004454, -0.019975242999979 ], [ 109.297286606, -0.019352329999946 ], [ 109.29734756, -0.019217759999948 ], [ 109.29738143, -0.019136219999957 ], [ 109.2974144, -0.019067849999943 ], [ 109.297448012318043, -0.018998140430458 ], [ 109.297523599, -0.018841378999985 ], [ 109.29765058, -0.018888529999969 ], [ 109.29953815, -0.019589529999969 ], [ 109.2996867, -0.019644699999967 ], [ 109.29990369, -0.01972527999994 ], [ 109.300041104, -0.019776312999972 ], [ 109.30030713, -0.019875109999933 ], [ 109.30036121, -0.019895189999945 ], [ 109.30037372, -0.019889469999952 ], [ 109.30079349, -0.01969758999997 ], [ 109.300854712, -0.019669606999974 ], [ 109.30117222, -0.019524479999978 ], [ 109.30117292, -0.019524159999941 ], [ 109.301764846, -0.019253599999965 ], [ 109.301906267739668, -0.019174122507019 ], [ 109.301942007172642, -0.01915072888143 ], [ 109.301946674390919, -0.019001377896351 ], [ 109.301949008000065, -0.018931369622095 ], [ 109.301955507838116, -0.018753707382157 ], [ 109.302042128124981, -0.018773196946701 ], [ 109.302046712649073, -0.018537093956053 ], [ 109.302042128124981, -0.018351420730398 ], [ 109.302002186128462, -0.018338756194915 ], [ 109.301948264911985, -0.01832401446813 ], [ 109.30194946, -0.018318598999951 ], [ 109.30195836, -0.018278269999944 ], [ 109.30195858, -0.018277269999942 ], [ 109.302031671180359, -0.017946074475236 ], [ 109.302083614082676, -0.01795349488985 ], [ 109.30213168739273, -0.017708645312671 ], [ 109.302160302458276, -0.017559274670731 ], [ 109.30212476570621, -0.017524590415845 ], [ 109.302130462494063, -0.017498222327735 ], [ 109.3021944, -0.017208339999965 ], [ 109.30219688, -0.017196969999924 ], [ 109.30219754, -0.017193919999953 ], [ 109.30217444, -0.017143691999937 ], [ 109.302212317, -0.01712635299998 ], [ 109.302216161, -0.017127161999952 ], [ 109.302548859, -0.017004243999967 ], [ 109.302550498, -0.017005882999972 ], [ 109.302871755, -0.01689449199995 ], [ 109.302871723, -0.016894437999962 ], [ 109.303132309, -0.016804297999957 ], [ 109.30316017, -0.016833797999931 ], [ 109.303159826, -0.016835859999961 ], [ 109.30340806, -0.01673462999997 ], [ 109.303439153, -0.016721949999979 ], [ 109.303867076, -0.016547443999978 ], [ 109.30405002, -0.016472839999959 ], [ 109.304160529, -0.016427922999977 ], [ 109.304535713, -0.016275427999971 ], [ 109.304683613, -0.016215312999971 ], [ 109.30508898, -0.016050549999933 ], [ 109.30512217, -0.016037059999976 ], [ 109.3051558, -0.016033499999945 ], [ 109.30539507, -0.016008179999974 ], [ 109.305395306, -0.016008616999956 ], [ 109.305457673, -0.015990091999937 ], [ 109.305631557, -0.016012527999975 ], [ 109.30563769, -0.015916659999968 ], [ 109.30563894, -0.015889610999978 ], [ 109.30565364, -0.015571609999938 ], [ 109.305655054, -0.015543530999937 ], [ 109.305672085, -0.01520532099995 ], [ 109.305672351, -0.015200029999962 ], [ 109.305675159, -0.015144299999979 ], [ 109.30568917, -0.014866069999934 ], [ 109.3056892, -0.014865479999976 ], [ 109.305689624, -0.014865584999949 ], [ 109.30646716, -0.015058589999971 ], [ 109.30890565, -0.015663989999951 ], [ 109.30896405, -0.015678669999952 ], [ 109.30896322, -0.015690469999924 ], [ 109.30896434, -0.015678669999952 ], [ 109.3089865, -0.015683859999967 ], [ 109.30899746, -0.015686589999969 ], [ 109.30899747, -0.015686429999968 ], [ 109.30899749, -0.01568619199998 ], [ 109.308997496, -0.015686118999947 ], [ 109.30899919, -0.015666389999989 ], [ 109.309032517, -0.015277225999967 ], [ 109.30903418, -0.015257809999977 ], [ 109.309058833, -0.014818727999969 ], [ 109.309062577, -0.014752035999949 ], [ 109.30906502, -0.014708519999944 ], [ 109.309079965, -0.014426449999976 ], [ 109.30908312, -0.014366899999971 ], [ 109.30908928, -0.014250648999968 ], [ 109.309093127, -0.014178047999962 ], [ 109.30910999, -0.013859779999961 ], [ 109.309110618, -0.013848231999929 ], [ 109.3091202, -0.013671909999977 ], [ 109.309121947, -0.013649320999956 ], [ 109.30914086, -0.013404759999954 ], [ 109.309154102, -0.013237990999928 ], [ 109.30916726, -0.013072279999965 ], [ 109.30916786, -0.013063089999958 ], [ 109.30916789, -0.013062679999968 ], [ 109.30916802, -0.013062729999952 ], [ 109.30916835, -0.013058576999929 ], [ 109.30917432, -0.012983379999983 ], [ 109.30918269, -0.012887309999943 ], [ 109.309226396, -0.012548573999935 ], [ 109.30926348, -0.012261159999976 ], [ 109.309263595, -0.01226027299993 ], [ 109.30928492, -0.012095609999964 ], [ 109.309285194, -0.012094071999975 ], [ 109.30928541, -0.012092859999943 ], [ 109.30930998, -0.011955269999932 ], [ 109.30931472, -0.01192873999998 ], [ 109.309320938, -0.01189403399996 ], [ 109.309321118, -0.011893030999942 ], [ 109.30933115, -0.011837039999933 ], [ 109.309331539, -0.011834869999977 ], [ 109.3093474, -0.011746339999943 ], [ 109.30936473, -0.011693559999974 ], [ 109.30938158, -0.011643379999963 ], [ 109.3094215, -0.011500669999979 ], [ 109.30970722, -0.011606629999963 ], [ 109.31260168, -0.012686599999939 ], [ 109.312602464, -0.012687178999953 ], [ 109.312602624, -0.012687296999962 ], [ 109.312610862, -0.012651720999944 ], [ 109.312612779, -0.012643445999969 ], [ 109.312704273, -0.012261735999973 ], [ 109.312704561, -0.012260531999976 ], [ 109.312704722, -0.012260633999974 ], [ 109.312747203, -0.012287572999976 ], [ 109.312773801, -0.012304439999988 ], [ 109.313195536, -0.012570806999975 ], [ 109.313388504, -0.012692684999942 ], [ 109.313390045, -0.01269001399993 ], [ 109.3134719, -0.012548086999976 ], [ 109.313786408, -0.012773769999976 ], [ 109.314411428, -0.013222266999952 ], [ 109.314590682, -0.013351499999946 ], [ 109.314820665, -0.013167996999931 ], [ 109.314836234, -0.013155573999944 ], [ 109.314836413, -0.013156947999958 ], [ 109.314837895, -0.013156237999966 ], [ 109.314838089, -0.013156144999921 ], [ 109.314838117, -0.013156131999957 ], [ 109.314870275, -0.013209806999957 ], [ 109.315266074, -0.01387043099993 ], [ 109.315293229, -0.013915754999966 ], [ 109.315317721, -0.013956633999963 ], [ 109.315390108, -0.014077454999957 ], [ 109.315422439, -0.014131417999986 ], [ 109.315528986, -0.014309253999957 ], [ 109.315655371, -0.01452020199998 ], [ 109.315881271, -0.014896202999981 ], [ 109.315880984, -0.014896415999949 ], [ 109.315947078, -0.01500666999994 ], [ 109.315947008, -0.015006705999951 ], [ 109.315962103, -0.015031772999987 ], [ 109.315970441, -0.015045385999942 ], [ 109.315970457, -0.015045643999946 ], [ 109.315998015, -0.015091404999969 ], [ 109.315997851, -0.015092274999976 ], [ 109.316000325, -0.015096270999951 ], [ 109.316466602, -0.015849496999977 ], [ 109.316466656, -0.015849584999957 ], [ 109.316467, -0.015850139999944 ], [ 109.31646705, -0.015850219999953 ], [ 109.31675655, -0.015721839999976 ], [ 109.31692634, -0.015646549999935 ], [ 109.317021222, -0.015604284999935 ], [ 109.31708288, -0.015576819999986 ], [ 109.31712507, -0.015558019999962 ], [ 109.31717748, -0.015541299999944 ], [ 109.31726434, -0.015513329999984 ], [ 109.31726519, -0.015513299999951 ], [ 109.31726542, -0.015513229999965 ], [ 109.31733595, -0.015511359999951 ], [ 109.31747805, -0.015507454999985 ], [ 109.317489096, -0.01550715099996 ], [ 109.318066834, -0.015491531999942 ], [ 109.318127365, -0.015489896999957 ], [ 109.318187, -0.015488286999935 ], [ 109.31824063, -0.015486839999941 ], [ 109.31824078, -0.015486529999979 ], [ 109.31824104, -0.015485949999977 ], [ 109.318528908, -0.01547356999993 ], [ 109.3185289, -0.015473399999966 ], [ 109.318530592, -0.015473325999948 ], [ 109.318586744, -0.015470855999985 ], [ 109.31869852, -0.015465939999956 ], [ 109.318752511579007, -0.015463563756732 ], [ 109.318886426, -0.015457669999939 ], [ 109.31888665, -0.015457659999932 ], [ 109.31888662, -0.015457469999943 ], [ 109.31890454, -0.015456669999934 ], [ 109.319106365, -0.015447680999961 ], [ 109.319259897, -0.015440842999976 ], [ 109.31926422, -0.015440649999959 ], [ 109.31931423, -0.015438329999945 ], [ 109.31952379, -0.015428949999946 ], [ 109.31957011, -0.015370189999937 ], [ 109.31963418, -0.015288919999942 ], [ 109.31963495, -0.015288979999988 ], [ 109.319665831, -0.015307927999975 ], [ 109.320029332, -0.015530929999965 ], [ 109.319823213, -0.015834253 ], [ 109.31984658, -0.015853386999934 ], [ 109.319882109, -0.015882480999958 ], [ 109.320294919, -0.01622051699997 ], [ 109.320371821, -0.01628348899994 ], [ 109.320500366, -0.016388749999976 ], [ 109.320500498, -0.016388774999943 ], [ 109.320564831803011, -0.016312794175081 ], [ 109.320888100619513, -0.015945272087487 ], [ 109.320936859, -0.01587341499994 ], [ 109.320995348, -0.01593608099995 ], [ 109.320998217, -0.015933340999941 ], [ 109.32120671, -0.016054961999944 ], [ 109.32135309, -0.016140349999948 ], [ 109.321427314, -0.01618364499996 ], [ 109.32151892, -0.016237079999938 ], [ 109.321518854, -0.016237191999954 ], [ 109.32151897, -0.016237259999975 ], [ 109.3215191, -0.016237079999938 ], [ 109.321520373, -0.01623544199993 ], [ 109.321548471, -0.016489550999954 ], [ 109.321551403, -0.016489377999969 ], [ 109.321895558, -0.016469137999936 ], [ 109.321908971, -0.016608518999936 ], [ 109.321936961, -0.01660499099996 ], [ 109.321939694, -0.016619121999949 ], [ 109.32204946, -0.016609679999935 ], [ 109.322364129, -0.016582610999933 ], [ 109.322383339, -0.016580958999958 ], [ 109.322440038, -0.01698428899994 ], [ 109.322449709, -0.01705308099998 ], [ 109.322887769, -0.016998323999927 ], [ 109.322892366, -0.016997748999926 ], [ 109.322839608, -0.016515386999973 ], [ 109.322742743, -0.015834942999965 ], [ 109.322991482, -0.015802654999966 ], [ 109.322999564, -0.015808105999955 ], [ 109.322998905, -0.015802939999967 ], [ 109.323098508, -0.01578951099998 ], [ 109.323098604, -0.015789976999942 ], [ 109.323157361, -0.015781352999966 ], [ 109.323158546, -0.015781182999942 ], [ 109.323158594, -0.015781438999962 ], [ 109.323241267, -0.015770095999933 ], [ 109.323328809, -0.01575808299998 ], [ 109.323332156, -0.015757626999974 ], [ 109.323554046, -0.015727184999953 ], [ 109.323668275, -0.015711512999939 ], [ 109.323668251, -0.015712004999955 ], [ 109.323668249, -0.01571203899994 ], [ 109.324028924, -0.01566303899995 ], [ 109.324054141, -0.015659610999936 ], [ 109.324401981, -0.015612351999959 ], [ 109.324402, -0.015612401999927 ], [ 109.32441581, -0.015610530999938 ], [ 109.324415831, -0.015610641999961 ], [ 109.32441587, -0.015610845999958 ], [ 109.324416924, -0.015610854999976 ], [ 109.324429695, -0.015684301999962 ], [ 109.324430966, -0.015691611999954 ], [ 109.32443149, -0.015693836999953 ], [ 109.324431571, -0.015694180999961 ], [ 109.324439804, -0.01573780199993 ], [ 109.324459195, -0.015841000999963 ], [ 109.324459169, -0.015841015999966 ], [ 109.324459324, -0.015841715999963 ], [ 109.324459516, -0.015842582999948 ], [ 109.324535546, -0.016244123999967 ], [ 109.324583499, -0.016501454999974 ], [ 109.324594825, -0.016561629999962 ], [ 109.324723587, -0.017245739999961 ], [ 109.324791876, -0.017608555999977 ], [ 109.3247959, -0.017608186999961 ], [ 109.324812953368152, -0.017606519153729 ], [ 109.324985238669569, -0.01759079428443 ], [ 109.3251509, -0.017575673999951 ], [ 109.325353822, -0.017557081999943 ], [ 109.325353896, -0.017557059999954 ], [ 109.325459118, -0.017542263999934 ], [ 109.325613775, -0.017529623999959 ], [ 109.325815866, -0.017513106999953 ], [ 109.325836983, -0.017511380999963 ], [ 109.325838346, -0.017508560999946 ], [ 109.325897401, -0.017386333999981 ], [ 109.325907594, -0.017365238999959 ], [ 109.325912013, -0.017356091999941 ], [ 109.325920907, -0.017337684999976 ], [ 109.325923372, -0.017332582999934 ], [ 109.325923806, -0.01733168599998 ], [ 109.325929167, -0.017320589999946 ], [ 109.325929184, -0.017320554999978 ], [ 109.325930111, -0.017318635999967 ], [ 109.325931545, -0.017314889999968 ], [ 109.325931706, -0.017314468999929 ], [ 109.3259369, -0.017316998999949 ], [ 109.326045899, -0.017317000999932 ], [ 109.326046276, -0.017319087999966 ], [ 109.326058745, -0.017388145999968 ], [ 109.326059414, -0.017391848999982 ], [ 109.326061769, -0.01740097399995 ], [ 109.326072078, -0.017440922999925 ], [ 109.326073149, -0.017446889999976 ], [ 109.326118879, -0.01743959999994 ], [ 109.326124075, -0.017438771999946 ], [ 109.326134797, -0.017437061999947 ], [ 109.32613708, -0.01743818999995 ], [ 109.32613729, -0.017437859999971 ], [ 109.326166828, -0.017438247999974 ], [ 109.326184803, -0.017438482999986 ], [ 109.326184829, -0.017438480999941 ], [ 109.326189217, -0.017437786999958 ], [ 109.326211083, -0.01743404399997 ], [ 109.326213625, -0.017433608999969 ], [ 109.326233299, -0.017430239999952 ], [ 109.326236413, -0.017429454999963 ], [ 109.326236278, -0.017429018999961 ], [ 109.326386548, -0.017407592999972 ], [ 109.326461612, -0.017399688999945 ], [ 109.32667033, -0.017377709999952 ], [ 109.326679921, -0.017376699999941 ], [ 109.326694472, -0.017374893999942 ], [ 109.326728141, -0.017365979999964 ], [ 109.326848913, -0.01733400399996 ], [ 109.326851176, -0.017333837999957 ], [ 109.326854191, -0.017333616999964 ], [ 109.327142525, -0.017312499999949 ], [ 109.327212847, -0.017306479999948 ], [ 109.327218246, -0.017306017999942 ], [ 109.327219685, -0.017305894999943 ], [ 109.3272248, -0.017305456999969 ], [ 109.327446362, -0.017263363999974 ], [ 109.327517477, -0.017257372999952 ], [ 109.327598864, -0.017250515999939 ], [ 109.327602137, -0.017250239999957 ], [ 109.32763982, -0.01726800999996 ], [ 109.32770218, -0.017259619999954 ], [ 109.32770246, -0.017259189999955 ], [ 109.32770262, -0.017259179999945 ], [ 109.32771936, -0.017256819999949 ], [ 109.32779428682278, -0.01724627095248 ], [ 109.32804438, -0.017211059999975 ], [ 109.32808572, -0.017205179999961 ], [ 109.32815411, -0.017195469999931 ], [ 109.3281543, -0.017195449999984 ], [ 109.32822185664746, -0.017281596890797 ], [ 109.32823621, -0.017299899999963 ], [ 109.32829194, -0.017370959999947 ], [ 109.328296869, -0.017392054999968 ], [ 109.32833515, -0.017555889999924 ], [ 109.328353, -0.017632719999939 ], [ 109.32835309, -0.017632689999981 ], [ 109.328534166, -0.017582582999982 ], [ 109.328554652, -0.017576913999965 ], [ 109.32857711, -0.017570699999974 ], [ 109.32859544, -0.017566629999981 ], [ 109.32873258, -0.017536419999947 ], [ 109.32877903, -0.017526409999964 ], [ 109.328784829, -0.017525143999933 ], [ 109.32879456, -0.017523009999938 ], [ 109.32932924, -0.017406059999931 ], [ 109.32932946, -0.017406019999948 ], [ 109.32959373, -0.01734821799994 ], [ 109.32959333, -0.017347731999958 ], [ 109.329589399, -0.017265952999942 ], [ 109.32958927, -0.017263277999974 ], [ 109.329744373, -0.017255969999954 ], [ 109.329742749, -0.01727951899994 ], [ 109.329847504, -0.017275458999958 ], [ 109.329897139, -0.017339522999979 ], [ 109.329902773, -0.017341950999941 ], [ 109.32994456, -0.017359959999965 ], [ 109.3300287, -0.01739606999996 ], [ 109.33021455, -0.017476119999973 ], [ 109.33021472, -0.017475899999971 ], [ 109.33023061, -0.017482719999983 ], [ 109.330281332, -0.017504489999977 ], [ 109.330439621, -0.017572425999963 ], [ 109.3304897, -0.017593919999974 ], [ 109.33085673, -0.017591379999942 ], [ 109.33090459, -0.017591049999965 ], [ 109.331012473, -0.017590304999941 ], [ 109.33102761, -0.017590199999971 ], [ 109.33103355, -0.017590899999959 ], [ 109.33119416, -0.017609619999975 ], [ 109.33159015, -0.017656229999952 ], [ 109.33159122, -0.01765590999998 ], [ 109.33159151, -0.017655949999947 ], [ 109.33165958, -0.017635439999932 ], [ 109.331798122, -0.017593943999938 ], [ 109.332062858, -0.017282995999956 ], [ 109.332232758, -0.017427138999953 ], [ 109.332240368, -0.017433594999946 ], [ 109.332287134, -0.017363045999961 ], [ 109.332334952, -0.017290909999935 ], [ 109.332341131, -0.017295786999967 ], [ 109.332360943, -0.017268482999952 ], [ 109.332680248, -0.017520750999953 ], [ 109.33276803, -0.017452869999946 ], [ 109.33280029, -0.017435199999972 ], [ 109.33281421, -0.017427569999949 ], [ 109.33281745, -0.017425809999961 ], [ 109.33278212, -0.01745308999995 ], [ 109.33274901, -0.017478919999977 ], [ 109.3326473, -0.017558279999944 ], [ 109.33264717, -0.017558189999938 ], [ 109.332640119, -0.017563706999963 ], [ 109.33256045, -0.017626039999931 ], [ 109.33229766, -0.017831619999923 ], [ 109.33229426, -0.017833719999946 ], [ 109.332211446, -0.017884782999948 ], [ 109.33220665, -0.017887739999947 ], [ 109.33204521, -0.017986879999969 ], [ 109.33200213, -0.01801326999993 ], [ 109.33197741, -0.018028359999963 ], [ 109.3319497, -0.01804537999993 ], [ 109.33174408, -0.018171739999958 ], [ 109.3317218, -0.018185429999963 ], [ 109.33172108, -0.018185869999969 ], [ 109.33165864, -0.018205829999948 ], [ 109.33115161, -0.018367869999965 ], [ 109.33105876, -0.018389899999934 ], [ 109.330840592, -0.018441654999952 ], [ 109.33084019, -0.018441749999968 ], [ 109.330842951, -0.01845109099998 ], [ 109.330850799, -0.018477638999971 ], [ 109.33085194, -0.018481499999954 ], [ 109.330850762, -0.018477587999944 ], [ 109.330843774, -0.01845438299995 ], [ 109.33083997, -0.018441749999968 ], [ 109.33068407, -0.018479159999971 ], [ 109.33068372, -0.018479239999979 ], [ 109.33050445, -0.018521699999951 ], [ 109.330488378, -0.018524283999967 ], [ 109.33042994, -0.018533678999984 ], [ 109.3301177, -0.018583879999938 ], [ 109.330032674, -0.018597828999938 ], [ 109.329818869, -0.01863290499995 ], [ 109.32981427, -0.018633659999988 ], [ 109.32964065, -0.018665519999957 ], [ 109.32964055, -0.018665109999968 ], [ 109.32918752, -0.018750269999943 ], [ 109.32908315, -0.018769769999957 ], [ 109.32908314, -0.018769559999952 ], [ 109.329082887, -0.018769606999973 ], [ 109.32900155, -0.018784579999934 ], [ 109.3290015, -0.018784589999943 ], [ 109.328809373, -0.018819970999973 ], [ 109.32880487, -0.018820799999962 ], [ 109.32875493, -0.01883 ], [ 109.32848979, -0.018878489999961 ], [ 109.32848857, -0.018878709999971 ], [ 109.328400459, -0.018894823999971 ], [ 109.32811637, -0.018946779999961 ], [ 109.32808546, -0.01895223999998 ], [ 109.327954803, -0.018975297999929 ], [ 109.32772093, -0.019016569999972 ], [ 109.32758556, -0.019040236999957 ], [ 109.3275852, -0.019040299999978 ], [ 109.3275852, -0.019040449999973 ], [ 109.32716386, -0.019111839999932 ], [ 109.327127643, -0.019117980999967 ], [ 109.326768604, -0.019178860999953 ], [ 109.32656479, -0.019213419999979 ], [ 109.326563605, -0.019219187999971 ], [ 109.32656149, -0.019229489999937 ], [ 109.32652127, -0.019237289999988 ], [ 109.326514038, -0.019238845999957 ], [ 109.326513946, -0.019238862999946 ], [ 109.326497797, -0.019241790999961 ], [ 109.326439905, -0.019251573999952 ], [ 109.326436471, -0.01925215399996 ], [ 109.326317478, -0.01927226099997 ], [ 109.32631664, -0.01927245999997 ], [ 109.326165896, -0.019292640999937 ], [ 109.326028429, -0.019311044999935 ], [ 109.326025119, -0.019311535999973 ], [ 109.325855196, -0.019356013999924 ], [ 109.325792167, -0.019367434999941 ], [ 109.32579203, -0.019367459999953 ], [ 109.325688476, -0.019386224999948 ], [ 109.3256805, -0.019387669999956 ], [ 109.32561345, -0.019401209999949 ], [ 109.32561352, -0.019401699999945 ], [ 109.32556037, -0.019412749999965 ], [ 109.325486643, -0.019428083999968 ], [ 109.32533069, -0.019460519999946 ], [ 109.325329479, -0.01946077199995 ], [ 109.32490239, -0.019549579999934 ], [ 109.32489565, -0.019550979999967 ], [ 109.3248956, -0.019550759999954 ], [ 109.32489547, -0.019551019999946 ], [ 109.324890921, -0.019551965999947 ], [ 109.3247274, -0.019585969999981 ], [ 109.3245451, -0.019613629999984 ], [ 109.32454504, -0.019613189999974 ], [ 109.32451366, -0.01961780899996 ], [ 109.32446148, -0.019625489999953 ], [ 109.324376917, -0.019637937999968 ], [ 109.324375765, -0.019638107999927 ], [ 109.324375687, -0.01963811899998 ], [ 109.324375622, -0.019638128999934 ], [ 109.324167846, -0.01966871299993 ], [ 109.324167269, -0.019668797999946 ], [ 109.32416719, -0.019668809999927 ], [ 109.324129861, -0.01967433599998 ], [ 109.324129621, -0.019674371999938 ], [ 109.32380966, -0.019721759999936 ], [ 109.32372236, -0.01973453999995 ], [ 109.32372186, -0.019729939999936 ], [ 109.32372146, -0.019730009999938 ], [ 109.32372192, -0.019734239999942 ], [ 109.323721841, -0.019734251999987 ], [ 109.32351792, -0.01976468999994 ], [ 109.32350471, -0.019766660999953 ], [ 109.32349071, -0.019768749999974 ], [ 109.32347217, -0.019772327999937 ], [ 109.32346563, -0.019773589999949 ], [ 109.323408765, -0.019784580999953 ], [ 109.323408266, -0.019784676999967 ], [ 109.32326375, -0.019812609999982 ], [ 109.32315831, -0.019832989999945 ], [ 109.323158293, -0.019832849999945 ], [ 109.323131026, -0.019838127999943 ], [ 109.323053356, -0.019853161999955 ], [ 109.32297892, -0.019867569999974 ], [ 109.32297747, -0.019867849999966 ], [ 109.32284505, -0.019893486999942 ], [ 109.322492088, -0.019961822999962 ], [ 109.32244789, -0.019970379999964 ], [ 109.322363565995715, -0.019986697242333 ], [ 109.32236319, -0.019986769999944 ], [ 109.32236305, -0.019986629999957 ], [ 109.322279784, -0.020002887999973 ], [ 109.322236433, -0.020011352999974 ], [ 109.32218298, -0.020021789999937 ], [ 109.32218144, -0.020022089999942 ], [ 109.32213095, -0.02003194999998 ], [ 109.322087082, -0.020040516999932 ], [ 109.321745569, -0.020107206999968 ], [ 109.32174463, -0.020107389999966 ], [ 109.32174461, -0.020107239999966 ], [ 109.32159689, -0.020135789999928 ], [ 109.32159623, -0.020130239999958 ], [ 109.32159689, -0.020136089999944 ], [ 109.32159223, -0.020136995999969 ], [ 109.321577757046981, -0.020139810329115 ], [ 109.32152515, -0.020150039999976 ], [ 109.321522354, -0.020150583999961 ], [ 109.321315675, -0.020190778999966 ], [ 109.320970694, -0.020257869999974 ], [ 109.320961929, -0.020259574999958 ], [ 109.320958999, -0.020260144999961 ], [ 109.32090872, -0.020269919999981 ], [ 109.320640921, -0.02032450699994 ], [ 109.3206333, -0.020326059999947 ], [ 109.32063266, -0.020326189999945 ], [ 109.3204952, -0.020354199999934 ], [ 109.32049476, -0.020354059999933 ], [ 109.320485478, -0.020355951999932 ], [ 109.32020968, -0.020412180999923 ], [ 109.320205265, -0.020413080999958 ], [ 109.32002345, -0.020450289999936 ], [ 109.32000932, -0.020452955999926 ], [ 109.319899404, -0.020473690999956 ], [ 109.31968568, -0.020514009999944 ], [ 109.31968564, -0.020513729999952 ], [ 109.319683808, -0.020514070999982 ], [ 109.31952638805825, -0.020543373553875 ], [ 109.3195175, -0.020545027999957 ], [ 109.319347317, -0.020576712999969 ], [ 109.31934733, -0.020576849999944 ], [ 109.319347224, -0.020576866999935 ], [ 109.31934533, -0.020577179999975 ], [ 109.319098628, -0.020622975999974 ], [ 109.31907108233365, -0.020628089229307 ], [ 109.319063951, -0.020629412999947 ], [ 109.318977357, -0.020645488999947 ], [ 109.31888551, -0.020662539999939 ], [ 109.318879084, -0.020663732999933 ], [ 109.318763484, -0.020685190999933 ], [ 109.318442451, -0.020744782999951 ], [ 109.31837665, -0.020757 ], [ 109.31837597, -0.020757119999931 ], [ 109.318359407, -0.02076019499998 ], [ 109.31834333, -0.020763179999958 ], [ 109.318142671, -0.020809247999981 ], [ 109.318066287, -0.020826784999936 ], [ 109.31795755, -0.020851749999965 ], [ 109.317837377, -0.02088085899993 ], [ 109.3178081, -0.020887949999975 ], [ 109.317802235, -0.02088936999996 ], [ 109.317523461, -0.020956880999963 ], [ 109.31742033, -0.020981856999927 ], [ 109.317218239, -0.021030798999955 ], [ 109.317012076, -0.021080726999977 ], [ 109.31689698, -0.021108599999942 ], [ 109.31685762, -0.021118130999984 ], [ 109.316731364, -0.021148706999954 ], [ 109.316531578, -0.021197090999986 ], [ 109.31647462, -0.021210884999964 ], [ 109.316245128, -0.021266462999969 ], [ 109.31618733, -0.021280459999962 ], [ 109.316182383, -0.02128165799996 ], [ 109.31599089, -0.021328029999956 ], [ 109.31599016, -0.021328209999978 ], [ 109.31593368, -0.02134188899993 ], [ 109.315826589, -0.021367822999933 ], [ 109.31573307, -0.02139046999997 ], [ 109.31573294, -0.021390499999942 ], [ 109.31562779, -0.021415969999971 ], [ 109.31560917, -0.021420479999969 ], [ 109.315577636, -0.021428114999938 ], [ 109.31550905, -0.021444719999987 ], [ 109.315444632, -0.021462766999952 ], [ 109.31535314, -0.021488399999962 ], [ 109.31528338, -0.021507799999938 ], [ 109.31525296, -0.021516239999928 ], [ 109.315253011, -0.021516459999938 ], [ 109.31513445, -0.021549669999959 ], [ 109.31510827, -0.021557009999934 ], [ 109.314952702, -0.021600590999924 ], [ 109.31492861, -0.021607339999953 ], [ 109.31492838, -0.021607409999944 ], [ 109.314783128872435, -0.021648099620373 ], [ 109.31475382, -0.021656309999971 ], [ 109.31475376, -0.021656329999935 ], [ 109.314720217, -0.021665727999966 ], [ 109.314590231, -0.021702144999951 ], [ 109.31456819, -0.021708319999958 ], [ 109.31456777, -0.021706889999967 ], [ 109.31449665, -0.021728359999939 ], [ 109.314353815, -0.021768380999966 ], [ 109.31435346, -0.021768479999945 ], [ 109.31435359, -0.021768889999983 ], [ 109.31430719, -0.021781888999954 ], [ 109.314296374, -0.021784918999974 ], [ 109.313927962, -0.021888123999926 ], [ 109.3137632, -0.021934279999929 ], [ 109.31376369, -0.021935829999959 ], [ 109.313678076, -0.021959419999981 ], [ 109.313320589, -0.022057921999933 ], [ 109.31324322, -0.022079239999927 ], [ 109.31308996, -0.022121469999944 ], [ 109.313035681, -0.022138580999983 ], [ 109.312920244, -0.022174971999962 ], [ 109.312459912, -0.022320086999967 ], [ 109.312327948, -0.022361687999943 ], [ 109.31232572, -0.022362389999962 ], [ 109.31232438, -0.022366979999956 ], [ 109.31232439, -0.022367029999944 ], [ 109.31232436, -0.022367039999954 ], [ 109.31232104, -0.02237840999994 ], [ 109.31218869, -0.022410229999928 ], [ 109.31205255, -0.022453569999934 ], [ 109.31205105, -0.022448969999969 ], [ 109.31205061, -0.02244910999997 ], [ 109.31205181, -0.022452829999967 ], [ 109.312043712, -0.022455378999948 ], [ 109.311741862, -0.022550401999985 ], [ 109.31173882, -0.022551359999975 ], [ 109.31173005, -0.022554119999936 ], [ 109.311613768, -0.022590725999976 ], [ 109.3116007, -0.022594839999951 ], [ 109.31159634, -0.022583669999963 ], [ 109.31159601, -0.022583769999935 ], [ 109.31159997, -0.022594099999942 ], [ 109.311357448, -0.022672547999952 ], [ 109.31135531, -0.02267323999996 ], [ 109.31134999, -0.022659979999956 ], [ 109.3113491, -0.022660249999941 ], [ 109.31135457, -0.022673979999986 ], [ 109.31127968, -0.022697199999928 ], [ 109.31127776, -0.022697789999942 ], [ 109.311273667, -0.022699058999941 ], [ 109.31118045, -0.022727969999951 ], [ 109.31109806, -0.02276172299998 ], [ 109.31086022, -0.022859157999966 ], [ 109.31077783, -0.022892909999939 ], [ 109.310604985, -0.022963682999945 ], [ 109.31060443, -0.022963909999936 ], [ 109.3106002, -0.022952249999953 ], [ 109.31059806, -0.022953069999976 ], [ 109.31060223, -0.02296465999996 ], [ 109.31043941, -0.023032739999973 ], [ 109.31043443, -0.023034819999976 ], [ 109.310431174, -0.02303618199995 ], [ 109.31037846, -0.023058230999941 ], [ 109.31036345, -0.023064509999929 ], [ 109.31036026, -0.023056649999948 ], [ 109.31035934, -0.023057049999975 ], [ 109.31036198, -0.023063769999965 ], [ 109.31010569, -0.023169049999989 ], [ 109.31010442, -0.023169609999967 ], [ 109.310088535, -0.023176300999973 ], [ 109.310085264, -0.023177678999959 ], [ 109.309854038, -0.023275074999962 ], [ 109.309691672, -0.023343465999979 ], [ 109.309688839, -0.023344658999984 ], [ 109.309394669, -0.023468564999979 ], [ 109.3093868, -0.023471879999943 ], [ 109.309389821, -0.023462470999963 ], [ 109.309176588, -0.023547735999953 ], [ 109.308913552169884, -0.023652916245425 ], [ 109.308767603, -0.023711276999956 ], [ 109.30876472, -0.023712429999935 ], [ 109.30876399, -0.023710949999955 ], [ 109.308750081, -0.023716611999931 ], [ 109.308707876, -0.023733791999977 ], [ 109.308706152, -0.023734493999944 ], [ 109.308569242, -0.023790234999977 ], [ 109.30856415, -0.023792309999985 ], [ 109.308415545, -0.023851441999968 ], [ 109.307821798, -0.024087701999975 ], [ 109.307681726, -0.024143438999949 ], [ 109.30750837, -0.024212419999971 ], [ 109.307221411, -0.024325292999952 ], [ 109.30691471, -0.024445931999944 ], [ 109.30691108, -0.024447359999952 ], [ 109.30672958, -0.024517889999976 ], [ 109.30670761, -0.024527459999946 ], [ 109.306240439, -0.02473091999997 ], [ 109.305979055, -0.024844756999934 ], [ 109.305883578484071, -0.024886338460748 ], [ 109.30580893, -0.024918848999963 ], [ 109.305796858, -0.024924106999949 ], [ 109.30541255, -0.025091478999973 ], [ 109.305407656, -0.025093610999933 ], [ 109.30518415, -0.025190950999962 ], [ 109.305177952, -0.025193649999947 ], [ 109.305064476, -0.025243070999976 ], [ 109.304941283, -0.025296722999942 ], [ 109.30493141, -0.02530127999995 ], [ 109.304915439, -0.025308644999935 ], [ 109.304667193, -0.025423119999971 ], [ 109.30462417, -0.025442958999976 ], [ 109.304609074, -0.025449919999978 ], [ 109.304491878, -0.025503961999961 ], [ 109.304278958, -0.02560214499994 ], [ 109.304233279, -0.025623208999943 ], [ 109.30419771, -0.025639610999982 ], [ 109.304191969, -0.025642257999951 ], [ 109.304008104, -0.025727045999933 ], [ 109.303531526, -0.025946815999931 ], [ 109.30348007, -0.025970544999947 ], [ 109.303477, -0.025971959999936 ], [ 109.303458733, -0.025980397999953 ], [ 109.303457219, -0.025981096999948 ], [ 109.30302451, -0.026180909999936 ], [ 109.302739172, -0.026324533999972 ], [ 109.30245828, -0.026465919999962 ], [ 109.302153794, -0.026619183999977 ], [ 109.30203309, -0.026679939999957 ], [ 109.30202776, -0.026668059999965 ], [ 109.30182152, -0.026194309999942 ], [ 109.30178542, -0.026022959999984 ], [ 109.30175956, -0.025900199999966 ], [ 109.3016183, -0.025635149999978 ] ] ] ] } },
{ "type": "Feature", "properties": { "fid": null, "gid": 610030.0, "kdprov": "61", "kdkab": "71", "kdkec": "010", "kddesa": "002", "iddesa": "6171010002", "nmprov": "KALIMANTAN BARAT", "nmkab": "PONTIANAK", "nmkec": "PONTIANAK SELATAN", "nmdesa": "BENUA MELAYU LAUT", "luas": 0.015672226798313999, "sumber": "", "periode": "2024_1", "layer": null, "path": null, "idkec": "6171010" }, "geometry": { "type": "MultiPolygon", "coordinates": [ [ [ [ 109.34621721, -0.03389626999996 ], [ 109.346211932, -0.033878166999963 ], [ 109.34620437, -0.033852229999983 ], [ 109.346189468, -0.033801243999963 ], [ 109.346155562, -0.033685232999973 ], [ 109.346109174, -0.033526517999982 ], [ 109.346094743, -0.033477141999932 ], [ 109.34609469, -0.033476959999978 ], [ 109.346091377531764, -0.033468973215104 ], [ 109.346016994, -0.033289624999952 ], [ 109.34595481, -0.03313969199997 ], [ 109.34594731, -0.033121609999971 ], [ 109.34592942, -0.033078459999956 ], [ 109.345880352, -0.03296013399995 ], [ 109.34587831, -0.032955209999962 ], [ 109.345789196, -0.03274030399996 ], [ 109.345716783, -0.032565673999959 ], [ 109.34570435, -0.032535689999975 ], [ 109.34570035, -0.032526029999934 ], [ 109.34570029, -0.032525889999933 ], [ 109.34570039, -0.032526009999971 ], [ 109.345686392, -0.032492320999956 ], [ 109.34566853, -0.032449329999968 ], [ 109.345649028, -0.032383848999937 ], [ 109.34564865, -0.032382579999943 ], [ 109.3456401, -0.032353879999961 ], [ 109.345582881, -0.032161514999925 ], [ 109.345552005, -0.032057714999959 ], [ 109.34553963, -0.032016109999975 ], [ 109.345532162, -0.031990585999954 ], [ 109.345521751, -0.03195500399994 ], [ 109.345356813738832, -0.031391295297022 ], [ 109.345347738, -0.031360276999976 ], [ 109.34534577, -0.031353549999957 ], [ 109.345223858, -0.030937196999959 ], [ 109.34522243, -0.030932319999979 ], [ 109.34521211, -0.030909039999925 ], [ 109.345208388, -0.030900682999968 ], [ 109.3450936, -0.030642929999948 ], [ 109.345051112, -0.030586650999968 ], [ 109.34490509, -0.030393229999959 ], [ 109.34471119, -0.030094589999985 ], [ 109.344654884, -0.030002005999958 ], [ 109.3445228, -0.029784819999972 ], [ 109.344522744, -0.029784727999937 ], [ 109.34427565, -0.029378399999926 ], [ 109.34427438, -0.029376311999961 ], [ 109.344273249, -0.029374451999957 ], [ 109.34418331, -0.029226579999942 ], [ 109.34418329, -0.029226539999976 ], [ 109.34418332, -0.029226539999976 ], [ 109.3441477, -0.029168189999959 ], [ 109.344040556, -0.028989626999933 ], [ 109.343999282, -0.028920840999946 ], [ 109.343997344804293, -0.028917612538264 ], [ 109.34384587, -0.028665169999962 ], [ 109.34372856, -0.028469509999986 ], [ 109.343712142, -0.028442134999976 ], [ 109.343697137, -0.028417115999959 ], [ 109.34350289, -0.028093229999973 ], [ 109.343497825, -0.02808477599996 ], [ 109.34345573, -0.028014519999952 ], [ 109.343380014, -0.027897160999949 ], [ 109.343430873244699, -0.027872550476139 ], [ 109.343389178791298, -0.027797179742338 ], [ 109.343253581272165, -0.0275768337995 ], [ 109.343121373691019, -0.027354792887458 ], [ 109.342979630017112, -0.027101321875672 ], [ 109.34303308, -0.027060649999951 ], [ 109.34303327, -0.027060499999955 ], [ 109.34324193, -0.02690175999993 ], [ 109.34327393, -0.026877409999941 ], [ 109.343344557664764, -0.026828027490173 ], [ 109.343423246, -0.026773008999953 ], [ 109.343454654, -0.026751047999941 ], [ 109.34345488, -0.026750889999962 ], [ 109.34349259, -0.026724369999957 ], [ 109.34349842, -0.026720239999981 ], [ 109.34357983, -0.026673859999964 ], [ 109.34379217, -0.02655243999994 ], [ 109.34382615, -0.026535369999983 ], [ 109.34384741, -0.026524689999972 ], [ 109.34389215, -0.026501779999937 ], [ 109.343894082, -0.026500812999932 ], [ 109.34408827, -0.026403679999934 ], [ 109.34414935, -0.02637298999998 ], [ 109.34415164, -0.026372 ], [ 109.34417193, -0.026363159999966 ], [ 109.344426668, -0.026253199999926 ], [ 109.34442734, -0.026252909999929 ], [ 109.3444296, -0.026251589999964 ], [ 109.34442985, -0.026251489999945 ], [ 109.34446071, -0.026233439999952 ], [ 109.344493112, -0.026214533999961 ], [ 109.344714952, -0.026085091999968 ], [ 109.344723695, -0.026084085999973 ], [ 109.344754685, -0.026080518999945 ], [ 109.344756139, -0.026080351999949 ], [ 109.344756597, -0.026080299999939 ], [ 109.344758883, -0.026080040999942 ], [ 109.344759021, -0.02608002099993 ], [ 109.344763899, -0.026079414999977 ], [ 109.345435554, -0.025722889999939 ], [ 109.345586229, -0.02564290899994 ], [ 109.34560191, -0.025680660999965 ], [ 109.345602828, -0.025682869999971 ], [ 109.345923337, -0.026454464999971 ], [ 109.345985488, -0.026604088999931 ], [ 109.345986014, -0.026605353999972 ], [ 109.346253864, -0.027250178999971 ], [ 109.346255182, -0.027253350999966 ], [ 109.346474112, -0.027780405999981 ], [ 109.346476291, -0.027785651999978 ], [ 109.346530507, -0.027916170999957 ], [ 109.346531629, -0.027918871999931 ], [ 109.346602514, -0.028089521999967 ], [ 109.346620898, -0.028133778999972 ], [ 109.346621325, -0.028133650999963 ], [ 109.346721473, -0.028340447999947 ], [ 109.346741753, -0.028382323999951 ], [ 109.346779049773403, -0.028459338406471 ], [ 109.347111507, -0.029145831999932 ], [ 109.347339617, -0.02961685799994 ], [ 109.347397472, -0.029736322999961 ], [ 109.34749479, -0.02993727599994 ], [ 109.347578558, -0.03011024999995 ], [ 109.347587676, -0.030129077999965 ], [ 109.347661208, -0.030280913999948 ], [ 109.347710089, -0.030381849999979 ], [ 109.347712863, -0.030387577999927 ], [ 109.347714255, -0.030390452999942 ], [ 109.347815471, -0.030599453999975 ], [ 109.347884147, -0.030741263999978 ], [ 109.347980733, -0.030940705999968 ], [ 109.347983158, -0.030945712999943 ], [ 109.348029402, -0.031041200999947 ], [ 109.348048793, -0.031081241999973 ], [ 109.348154249, -0.031298997999965 ], [ 109.348223076, -0.03144111999996 ], [ 109.348223489, -0.031441972999968 ], [ 109.34826244, -0.031522402999943 ], [ 109.348293664, -0.031586877999933 ], [ 109.348296715, -0.031593176999931 ], [ 109.348303929, -0.03160807399997 ], [ 109.348405434, -0.031817673999966 ], [ 109.348510924, -0.032035500999935 ], [ 109.348560037281217, -0.032136917003908 ], [ 109.348563588, -0.032144248999943 ], [ 109.348630267, -0.032281933999974 ], [ 109.348635783, -0.032293323999972 ], [ 109.348746418, -0.032521774999965 ], [ 109.348765099, -0.032560348999949 ], [ 109.348887117, -0.032812306999979 ], [ 109.348998057, -0.033041386999973 ], [ 109.348998306, -0.033041900999939 ], [ 109.349114597, -0.033282031999932 ], [ 109.349187426, -0.033432415999937 ], [ 109.349271628464905, -0.033523635276623 ], [ 109.349303779, -0.033558464999946 ], [ 109.349372546, -0.033632961999955 ], [ 109.34953768, -0.033811856999931 ], [ 109.349622852, -0.033904127999969 ], [ 109.349684173, -0.033970558999955 ], [ 109.349729901, -0.03404415299997 ], [ 109.349808184, -0.034170138999971 ], [ 109.349813816, -0.034179202999955 ], [ 109.349926501, -0.034360554999978 ], [ 109.350026198, -0.034521003999947 ], [ 109.350029783, -0.034526773999975 ], [ 109.350217866, -0.034829467999945 ], [ 109.350262895, -0.034901935999931 ], [ 109.350263794, -0.034903382999978 ], [ 109.350346581, -0.035036617999943 ], [ 109.350508065, -0.035296505999954 ], [ 109.350512077, -0.035302961999945 ], [ 109.350662754, -0.035545456999968 ], [ 109.35068571, -0.03558240199994 ], [ 109.350748148, -0.035682886999948 ], [ 109.350871432, -0.035881296999955 ], [ 109.350963208, -0.036028998999946 ], [ 109.351106623, -0.036259806999971 ], [ 109.351134895, -0.036305305999977 ], [ 109.351138069, -0.036310413999955 ], [ 109.351362812, -0.036672107999955 ], [ 109.351503786, -0.036898986999972 ], [ 109.351657919, -0.037147044999928 ], [ 109.351719983, -0.037246927999943 ], [ 109.351753177, -0.037300349999952 ], [ 109.351754027, -0.037301717999983 ], [ 109.351886583, -0.037515049999968 ], [ 109.351900228, -0.037537009999938 ], [ 109.352010513, -0.037714498999955 ], [ 109.352161084, -0.037956822999947 ], [ 109.352177664, -0.037983505999929 ], [ 109.352228975, -0.038066084 ], [ 109.352230398, -0.038068373999982 ], [ 109.352311813, -0.038199401999981 ], [ 109.35233351, -0.038234319999958 ], [ 109.352447656, -0.038369392999926 ], [ 109.352566939, -0.038510544999953 ], [ 109.35283763, -0.038830862999935 ], [ 109.352871473, -0.03887091099995 ], [ 109.352919736, -0.038928021999931 ], [ 109.353189409, -0.039247136999963 ], [ 109.353317406, -0.039398599999973 ], [ 109.353614548, -0.039750219999978 ], [ 109.353693584, -0.039843745999982 ], [ 109.354027277, -0.040238616999952 ], [ 109.354210532, -0.040455468999942 ], [ 109.354312351, -0.040575954999959 ], [ 109.354662737, -0.040990579999968 ], [ 109.35470859, -0.04104483899994 ], [ 109.354734746, -0.041075790999972 ], [ 109.354817227, -0.041173393999944 ], [ 109.355128704, -0.041501706999961 ], [ 109.354371761, -0.04219521599993 ], [ 109.354370368, -0.042196260999964 ], [ 109.35437194, -0.042196569999932 ], [ 109.35437392, -0.042196959999954 ], [ 109.35437394, -0.042197 ], [ 109.354372859, -0.042197747999988 ], [ 109.354360779, -0.04220664499997 ], [ 109.3541941, -0.042329399999975 ], [ 109.354194062, -0.042329431999985 ], [ 109.354193978, -0.042329501999973 ], [ 109.35404273561096, -0.04246344763095 ], [ 109.354008632, -0.042493650999976 ], [ 109.35400849, -0.04249377999998 ], [ 109.35393985, -0.042554359999945 ], [ 109.35383733, -0.042641989999945 ], [ 109.353766936, -0.042702058999959 ], [ 109.35362318, -0.042824729999955 ], [ 109.353583959, -0.042862684999936 ], [ 109.35332699, -0.04311135999996 ], [ 109.35329386, -0.043139479999984 ], [ 109.35296066, -0.043422319999943 ], [ 109.35295843, -0.043424209999958 ], [ 109.35266536, -0.043688459999952 ], [ 109.35238935, -0.043966439999969 ], [ 109.352351977, -0.044004703999971 ], [ 109.35234029, -0.044016669999965 ], [ 109.35223085, -0.043916479999951 ], [ 109.35190373, -0.043656989999938 ], [ 109.351876707, -0.043638695999966 ], [ 109.35169626, -0.043516539999927 ], [ 109.35166581, -0.04349444999998 ], [ 109.351488174, -0.043364341999962 ], [ 109.35122134, -0.043168899999961 ], [ 109.351206028, -0.043158602999948 ], [ 109.351163852, -0.043129849999964 ], [ 109.35116102, -0.043127919999967 ], [ 109.35100265, -0.04302 ], [ 109.35091301, -0.042958929999944 ], [ 109.35091287, -0.042958799999953 ], [ 109.350679493, -0.042758603999971 ], [ 109.35065488, -0.042737489999976 ], [ 109.35064475, -0.042728809999978 ], [ 109.35062781, -0.042712759999978 ], [ 109.35062777, -0.042712729999955 ], [ 109.35047616, -0.042569099999982 ], [ 109.35047608, -0.042569029999924 ], [ 109.350043129, -0.042218905999963 ], [ 109.34987276, -0.042081129999927 ], [ 109.3496972, -0.041913829999951 ], [ 109.3496971, -0.041913729999974 ], [ 109.34962077, -0.041840928999936 ], [ 109.34949483, -0.041720809999963 ], [ 109.34949481, -0.041720779999937 ], [ 109.349225243, -0.041323072999944 ], [ 109.349190867, -0.041272357999957 ], [ 109.349189746, -0.041270704999928 ], [ 109.34906747, -0.041090339999935 ], [ 109.34906707, -0.04108972999995 ], [ 109.349043113, -0.041052617999979 ], [ 109.348930745, -0.04087855099994 ], [ 109.34878185, -0.040647899999955 ], [ 109.34873564, -0.040576319999956 ], [ 109.34860092, -0.040367709999946 ], [ 109.348574131, -0.040323463999932 ], [ 109.348453686, -0.040124529999958 ], [ 109.348448027, -0.040115182999957 ], [ 109.348369758, -0.039983376999949 ], [ 109.3482464, -0.039775639999965 ], [ 109.34824634, -0.039775539999943 ], [ 109.348068231, -0.039521392999978 ], [ 109.34806743, -0.039520169999945 ], [ 109.348060159, -0.039507477999961 ], [ 109.34805776, -0.039503289999969 ], [ 109.347854585, -0.039147140999942 ], [ 109.34777992, -0.039016259999932 ], [ 109.34777959, -0.039015699999935 ], [ 109.34759191, -0.038697339999948 ], [ 109.34744494, -0.038423939999972 ], [ 109.347392832, -0.038326966999937 ], [ 109.347350847, -0.038248831999971 ], [ 109.34728026, -0.038117469999977 ], [ 109.34726425, -0.038087559999952 ], [ 109.34713599, -0.037819429999968 ], [ 109.34703354, -0.03756905999996 ], [ 109.347027, -0.037553059999935 ], [ 109.347018398, -0.037532023999971 ], [ 109.34701352, -0.037520096999975 ], [ 109.34699682, -0.037479259999947 ], [ 109.34688778, -0.036950349999934 ], [ 109.34687252, -0.036859519999949 ], [ 109.3468534, -0.036745929999948 ], [ 109.346853376, -0.036745786999982 ], [ 109.34683451, -0.036632649999952 ], [ 109.346819297427743, -0.036541528234216 ], [ 109.346806395, -0.036464243999942 ], [ 109.34680181, -0.03643677899993 ], [ 109.34675992, -0.036185869999937 ], [ 109.34666267, -0.035683199999939 ], [ 109.346650967, -0.035622671999941 ], [ 109.34662015, -0.035463289999948 ], [ 109.346594405, -0.035350989999929 ], [ 109.34656087, -0.035204709999961 ], [ 109.346542773, -0.03512571699997 ], [ 109.34653591, -0.035095759999937 ], [ 109.34649492, -0.034916719999964 ], [ 109.346477946, -0.034842727999948 ], [ 109.34644172, -0.034684819999945 ], [ 109.346364392, -0.034412255999934 ], [ 109.34631727, -0.034246159999953 ], [ 109.346306556, -0.034208694999961 ], [ 109.346281502, -0.034121084999929 ], [ 109.34621721, -0.03389626999996 ] ] ] ] } },
{ "type": "Feature", "properties": { "fid": null, "gid": 609278.0, "kdprov": "61", "kdkab": "71", "kdkec": "010", "kddesa": "004", "iddesa": "6171010004", "nmprov": "KALIMANTAN BARAT", "nmkab": "PONTIANAK", "nmkec": "PONTIANAK SELATAN", "nmdesa": "PARIT TOKAYA", "luas": 0.57798767737342804, "sumber": "", "periode": "2024_1", "layer": null, "path": null, "idkec": "6171010" }, "geometry": { "type": "MultiPolygon", "coordinates": [ [ [ [ 109.329556295, -0.07203802999994 ], [ 109.32955325, -0.072042769999942 ], [ 109.32928397, -0.072462189999955 ], [ 109.32922912, -0.072552029999946 ], [ 109.32895376, -0.072999619999962 ], [ 109.32855196, -0.073605649999939 ], [ 109.3281933, -0.074086579999967 ], [ 109.32819324, -0.074086669999933 ], [ 109.32717954, -0.075661939999976 ], [ 109.32688394, -0.076116779999952 ], [ 109.32641643, -0.076801959999955 ], [ 109.32581969, -0.077675959999966 ], [ 109.32547574, -0.078202589999942 ], [ 109.32546292, -0.07822221999994 ], [ 109.32544939, -0.078242879999949 ], [ 109.32494859, -0.078976149999964 ], [ 109.32466207, -0.079410079999951 ], [ 109.32447975, -0.079670489999959 ], [ 109.32361248, -0.080907379999936 ], [ 109.32361189, -0.080907459999945 ], [ 109.32357577, -0.080875169999959 ], [ 109.32166542, -0.07916730999995 ], [ 109.32052798, -0.078150433999951 ], [ 109.32052717, -0.078149709999936 ], [ 109.31763285, -0.075562179999966 ], [ 109.317218, -0.075191299999975 ], [ 109.31721795, -0.075191248999941 ], [ 109.31672709, -0.076203139999961 ], [ 109.31599278, -0.077716889999988 ], [ 109.31392765, -0.081974109999987 ], [ 109.3139273, -0.081973869999956 ], [ 109.31374888, -0.081852769999955 ], [ 109.31074666, -0.079814939999946 ], [ 109.31074682, -0.079814619999976 ], [ 109.31074697, -0.07981472999996 ], [ 109.311719935, -0.077721189999981 ], [ 109.31289247, -0.075202219999944 ], [ 109.31346919, -0.074217838999977 ], [ 109.31347022, -0.074216079999938 ], [ 109.31427313, -0.072845939999984 ], [ 109.31450657, -0.072409069999933 ], [ 109.31498768, -0.071550739999971 ], [ 109.31498778, -0.071550549999934 ], [ 109.31513599, -0.07124821999998 ], [ 109.31513618, -0.07124781999994 ], [ 109.31517554, -0.071167529999968 ], [ 109.31539309, -0.070819119999957 ], [ 109.31539314, -0.070819039999945 ], [ 109.31544458, -0.070739079999952 ], [ 109.31545501, -0.070722859999939 ], [ 109.31570761, -0.070330279999963 ], [ 109.31573529, -0.07028715999997 ], [ 109.31573531, -0.070287129999945 ], [ 109.31596673, -0.06992512999995 ], [ 109.31596675, -0.069925099999981 ], [ 109.31597561, -0.06991124999996 ], [ 109.31604942, -0.069795799999959 ], [ 109.31604948, -0.069795699999937 ], [ 109.31623215, -0.069487559999974 ], [ 109.31651947, -0.069073589999962 ], [ 109.31691808, -0.068530019999975 ], [ 109.317200956, -0.068137066999962 ], [ 109.317767105, -0.067350609999946 ], [ 109.31776714, -0.06735056999998 ], [ 109.31819647, -0.066754959999977 ], [ 109.31819649, -0.066754939999963 ], [ 109.31819724, -0.06675388999997 ], [ 109.31819727, -0.066753849999942 ], [ 109.318434549, -0.066411190999939 ], [ 109.31846319, -0.066369829999934 ], [ 109.31856231, -0.066221489999978 ], [ 109.31862032, -0.066134649999927 ], [ 109.31862037, -0.066134579999924 ], [ 109.318638684, -0.066107190999966 ], [ 109.318837397, -0.065810015999939 ], [ 109.31886483, -0.06576898999993 ], [ 109.319163904, -0.065354713999971 ], [ 109.31949578, -0.064895 ], [ 109.3194958, -0.064894969999954 ], [ 109.31960948, -0.064690849999975 ], [ 109.31964882, -0.06462639299997 ], [ 109.31978083, -0.064410099999983 ], [ 109.31978081, -0.064410069999956 ], [ 109.319813355, -0.064357507999954 ], [ 109.31999457, -0.06406483999996 ], [ 109.320105326, -0.063851427999967 ], [ 109.32005835, -0.063817702999925 ], [ 109.320379767, -0.063265591999936 ], [ 109.320457995, -0.06331391999993 ], [ 109.320817925, -0.062766570999939 ], [ 109.321003667, -0.062484109999957 ], [ 109.32100468, -0.062482569999929 ], [ 109.32102664, -0.062449199999944 ], [ 109.32109388, -0.062351169999946 ], [ 109.3211696, -0.062240779999968 ], [ 109.32124513, -0.06211108999998 ], [ 109.321251972, -0.062101216999971 ], [ 109.32146503, -0.061793799999976 ], [ 109.321482242, -0.061768962999971 ], [ 109.32158966, -0.061613959999939 ], [ 109.321643842, -0.061535780999975 ], [ 109.321699051, -0.061456121999926 ], [ 109.32173727, -0.061400879999952 ], [ 109.321739749, -0.061396798999963 ], [ 109.32190921, -0.06111775999994 ], [ 109.32195471, -0.061042869999942 ], [ 109.321956021, -0.06104035999994 ], [ 109.32203487, -0.060889419999969 ], [ 109.32208978, -0.060784289999955 ], [ 109.322193462, -0.060586291999931 ], [ 109.32219893, -0.060575849999967 ], [ 109.32219897, -0.060575779999966 ], [ 109.322338666, -0.060299274999977 ], [ 109.32234465, -0.060287429999965 ], [ 109.322356287, -0.060268692999955 ], [ 109.32253142, -0.059986699999969 ], [ 109.322579342, -0.059921838999976 ], [ 109.32296408, -0.05940110999995 ], [ 109.32337378, -0.058916519999964 ], [ 109.3235494, -0.058706889999945 ], [ 109.32354943, -0.05870684999997 ], [ 109.32374752, -0.058502439999925 ], [ 109.32374905, -0.058500849999982 ], [ 109.32397817, -0.058267539999972 ], [ 109.324150174, -0.058095490999961 ], [ 109.3244354, -0.05781018999994 ], [ 109.32444143, -0.057804159999934 ], [ 109.32446378, -0.057784319999947 ], [ 109.324468401, -0.057780108999962 ], [ 109.32486768, -0.05741626999998 ], [ 109.32486781, -0.057416589999951 ], [ 109.32488616, -0.05739939999996 ], [ 109.324897, -0.057389239999966 ], [ 109.325206838161193, -0.057076318060896 ], [ 109.325256193, -0.057026471999957 ], [ 109.32529582, -0.056986449999956 ], [ 109.325309484, -0.056972675999937 ], [ 109.325912415, -0.05636488599993 ], [ 109.32604783, -0.056228379999934 ], [ 109.32608209, -0.05619445799994 ], [ 109.326313147, -0.055965685999981 ], [ 109.32648381, -0.055796708999942 ], [ 109.32649616, -0.055784479999944 ], [ 109.32671765, -0.055570579999936 ], [ 109.326777712, -0.055512818999945 ], [ 109.327068572, -0.055233101999934 ], [ 109.32715827, -0.055146839999969 ], [ 109.32725927, -0.055049709999946 ], [ 109.32750935, -0.054807049999974 ], [ 109.32750938, -0.054807019999952 ], [ 109.32753664, -0.054780239999956 ], [ 109.327621285, -0.054697639999977 ], [ 109.32764012, -0.054679259999943 ], [ 109.327925654, -0.054428828999966 ], [ 109.3279881, -0.054374059999934 ], [ 109.3282707, -0.054128099999957 ], [ 109.328353299, -0.054063109999962 ], [ 109.32838337, -0.054039449999955 ], [ 109.3286201, -0.053821009999978 ], [ 109.32877803, -0.05370174999996 ], [ 109.328957367, -0.053540350999922 ], [ 109.32896239, -0.053535829999937 ], [ 109.329294939, -0.053235101999976 ], [ 109.329297241, -0.053233020999926 ], [ 109.32929858, -0.053231809999945 ], [ 109.329538374615652, -0.053022733869228 ], [ 109.32956805, -0.052996859999953 ], [ 109.32956836, -0.052996579999961 ], [ 109.329620517, -0.052949498999965 ], [ 109.3298495, -0.052742799999985 ], [ 109.329948899, -0.05265129399993 ], [ 109.33007694, -0.052533419999982 ], [ 109.330154579, -0.052467632999945 ], [ 109.33051525, -0.052162019999977 ], [ 109.330578743, -0.05210820999998 ], [ 109.33085311, -0.051875689999972 ], [ 109.33085672, -0.051872629999942 ], [ 109.33086002, -0.051869549999934 ], [ 109.330892924, -0.051838828999963 ], [ 109.33114183, -0.051606429999938 ], [ 109.331149424, -0.051599497999977 ], [ 109.33118497, -0.05156704999996 ], [ 109.331260554, -0.051509460999962 ], [ 109.331389409, -0.051411282999938 ], [ 109.33144388, -0.05136977999996 ], [ 109.33172071, -0.051196549999932 ], [ 109.331745002, -0.051185249999947 ], [ 109.331745045, -0.051185234999944 ], [ 109.33199034, -0.051086189999983 ], [ 109.331990464, -0.051086138999953 ], [ 109.33226706, -0.050972499999954 ], [ 109.332677942, -0.050821248999967 ], [ 109.3329136, -0.050734499999978 ], [ 109.333044169, -0.050699397999948 ], [ 109.33330428, -0.050629469999935 ], [ 109.33330433, -0.050629459999928 ], [ 109.333357663, -0.050615125999967 ], [ 109.33342723, -0.05059642999993 ], [ 109.33342718, -0.050596389999964 ], [ 109.333641923, -0.05054014499996 ], [ 109.33364217, -0.050540079999972 ], [ 109.333642205, -0.050540065999942 ], [ 109.33386895, -0.050486519999942 ], [ 109.334042517, -0.050441689999966 ], [ 109.334219655, -0.050395937999959 ], [ 109.334255556, -0.050386664999967 ], [ 109.33441319, -0.050345949999958 ], [ 109.33441507, -0.050345499999944 ], [ 109.33446032, -0.05033468899996 ], [ 109.3345352, -0.05031679999996 ], [ 109.33453531, -0.050316779999947 ], [ 109.33453528, -0.05031668999993 ], [ 109.33453534, -0.05031666999998 ], [ 109.33453537, -0.050316759999934 ], [ 109.334838295, -0.050243744999928 ], [ 109.33487105, -0.050235849999986 ], [ 109.33500571, -0.050185409999926 ], [ 109.33508941, -0.050154049999945 ], [ 109.335238136, -0.050078135999973 ], [ 109.33536459, -0.05001358999994 ], [ 109.33559542, -0.049863679999941 ], [ 109.33569741, -0.049797449999978 ], [ 109.3356974, -0.049797409999945 ], [ 109.33574326, -0.049764849999979 ], [ 109.33574337, -0.049764879999949 ], [ 109.33574353, -0.049764759999962 ], [ 109.335802306, -0.049722411999939 ], [ 109.33593648, -0.049625739999957 ], [ 109.33595458, -0.049612709999975 ], [ 109.33595477, -0.049612569999973 ], [ 109.33605656, -0.049549859999964 ], [ 109.33605671, -0.049549769999947 ], [ 109.33605867, -0.049548509999963 ], [ 109.336071206, -0.049540417999934 ], [ 109.336088665, -0.049529148999978 ], [ 109.33623387, -0.049435419999958 ], [ 109.33666216, -0.049210929999957 ], [ 109.33678339, -0.049130309999956 ], [ 109.33689246, -0.049057759999924 ], [ 109.33707048, -0.048984399999942 ], [ 109.33707066, -0.048984339999948 ], [ 109.33759896, -0.048821749999955 ], [ 109.33759899, -0.048821729999942 ], [ 109.33784284, -0.048732569999978 ], [ 109.33807731, -0.048625569999964 ], [ 109.33807734, -0.048625549999949 ], [ 109.33833705, -0.048451219999956 ], [ 109.33860125, -0.048243889999986 ], [ 109.3386636, -0.048189619999965 ], [ 109.3388099, -0.048062219999966 ], [ 109.33892705, -0.047925069999964 ], [ 109.33895053, -0.047897579999929 ], [ 109.33895058, -0.047897509999924 ], [ 109.33901696, -0.04780323999995 ], [ 109.33910274, -0.047681409999938 ], [ 109.33910276, -0.047681389999985 ], [ 109.33930474, -0.047489499999934 ], [ 109.33949204, -0.047344739999973 ], [ 109.33992177, -0.047155779999979 ], [ 109.34029691, -0.046966939999947 ], [ 109.34054367, -0.046817889999944 ], [ 109.34067208, -0.046668769999943 ], [ 109.34080032, -0.046450249999965 ], [ 109.3409881, -0.045967879999986 ], [ 109.34098811, -0.045967849999965 ], [ 109.34108229, -0.045673269999958 ], [ 109.34112461, -0.045445319999946 ], [ 109.341160054, -0.045490313999946 ], [ 109.34117668, -0.045511419999966 ], [ 109.341279588, -0.045642284999931 ], [ 109.341412257, -0.045810996999935 ], [ 109.34144829, -0.045856819999934 ], [ 109.34200167, -0.046518119999971 ], [ 109.34212665, -0.046667469999928 ], [ 109.34212667, -0.046667449999978 ], [ 109.34212689, -0.046667709999957 ], [ 109.342158017, -0.04670495499995 ], [ 109.34228786, -0.046860319999956 ], [ 109.34260286, -0.047201619999953 ], [ 109.342609293, -0.04720858599995 ], [ 109.34320317, -0.047851659999946 ], [ 109.3432033, -0.04785180999994 ], [ 109.34361037, -0.048341129999924 ], [ 109.34429952, -0.049168449999972 ], [ 109.344807121, -0.049778000999943 ], [ 109.345143801, -0.050182301999944 ], [ 109.34525926, -0.050320949999961 ], [ 109.345443703361425, -0.05052143071855 ], [ 109.34546041, -0.050539589999972 ], [ 109.34585302, -0.050966799999976 ], [ 109.34587633, -0.05099215999997 ], [ 109.345878287, -0.050994774999944 ], [ 109.34599563, -0.051151569999947 ], [ 109.3459969, -0.051153269999937 ], [ 109.34622441, -0.051457289999969 ], [ 109.34656303, -0.05187710999997 ], [ 109.346566717, -0.051881892999969 ], [ 109.34656875, -0.051884529999943 ], [ 109.346557821, -0.051895673999981 ], [ 109.34642281, -0.052033339999986 ], [ 109.34642279, -0.052033359999948 ], [ 109.34610039, -0.05240613999996 ], [ 109.34610034, -0.052406189999946 ], [ 109.34560095, -0.052950609999927 ], [ 109.345569366016065, -0.05298555911619 ], [ 109.34555252, -0.053004199999976 ], [ 109.34555243, -0.053004299999939 ], [ 109.34554801, -0.053009349999972 ], [ 109.34538676, -0.05319337999993 ], [ 109.34538679, -0.053193409999955 ], [ 109.345253050409909, -0.053346216701486 ], [ 109.344825295817358, -0.05383495581235 ], [ 109.34454909, -0.054150539999969 ], [ 109.34454907, -0.054150569999934 ], [ 109.343435805, -0.05542191599995 ], [ 109.34342187, -0.055437829999966 ], [ 109.34334775, -0.05552402999996 ], [ 109.34332386, -0.055551889999948 ], [ 109.34330128, -0.05557813999997 ], [ 109.34327049, -0.055614069999933 ], [ 109.343262224, -0.05562369699993 ], [ 109.34324832, -0.055639889999958 ], [ 109.34289589, -0.056048719999984 ], [ 109.34248251, -0.056528199999945 ], [ 109.342379367, -0.056644533999925 ], [ 109.3422455, -0.056795519999976 ], [ 109.34188082, -0.057206739999971 ], [ 109.341778666, -0.057316114999939 ], [ 109.34167767, -0.05742424999995 ], [ 109.34156509, -0.057544679999977 ], [ 109.34106121, -0.058119529999938 ], [ 109.34099168, -0.058199939999948 ], [ 109.340956973, -0.058240075999949 ], [ 109.3406954, -0.058542569999935 ], [ 109.340555358, -0.058701729999946 ], [ 109.34037646, -0.05890504999997 ], [ 109.34034496, -0.058945208999951 ], [ 109.34010489, -0.059251269999946 ], [ 109.34000556, -0.059377909999967 ], [ 109.339997656, -0.059387102999955 ], [ 109.33957045, -0.059883969999936 ], [ 109.339493853, -0.059973555999931 ], [ 109.33941358, -0.060067439999955 ], [ 109.3394098, -0.060071859999939 ], [ 109.339088716, -0.060425963999944 ], [ 109.33906168, -0.060455779999936 ], [ 109.33906153, -0.060455949999949 ], [ 109.33878651, -0.060759029999929 ], [ 109.338490765, -0.061098426999941 ], [ 109.33839545, -0.061207809999929 ], [ 109.33839454, -0.061208909999952 ], [ 109.33831643, -0.061303039999929 ], [ 109.33827237, -0.061356129999986 ], [ 109.33806153, -0.061557159999953 ], [ 109.337913236, -0.061698537999978 ], [ 109.33790672, -0.061704749999938 ], [ 109.337804466, -0.061825272999959 ], [ 109.33776282, -0.061874359999942 ], [ 109.33776193, -0.061875348999931 ], [ 109.337463666, -0.062207084999957 ], [ 109.33739007, -0.062288939999975 ], [ 109.337225887, -0.06248332399997 ], [ 109.33717821, -0.06253976999995 ], [ 109.337018003, -0.062729148999956 ], [ 109.33699956, -0.062750949999948 ], [ 109.33699941, -0.062751129999931 ], [ 109.33697667, -0.062778 ], [ 109.33695865, -0.062799319999958 ], [ 109.33694426, -0.062816329999977 ], [ 109.336526509, -0.063302893999942 ], [ 109.33634209, -0.063517689999981 ], [ 109.33486585, -0.065293979999974 ], [ 109.33429695, -0.065978269999955 ], [ 109.33399939, -0.066312819999955 ], [ 109.33365735, -0.066697149999928 ], [ 109.33351538, -0.066885529999981 ], [ 109.33312279, -0.067340118999937 ], [ 109.33300637, -0.067463099999939 ], [ 109.33290379, -0.067594749999959 ], [ 109.33219222, -0.068428779999985 ], [ 109.33204983, -0.068582759999966 ], [ 109.33190718, -0.068737009999947 ], [ 109.331823805, -0.068831369999937 ], [ 109.33156471, -0.069124599999957 ], [ 109.33115619, -0.069653549999941 ], [ 109.3309291, -0.069953899999969 ], [ 109.330549793, -0.070541769999972 ], [ 109.330548002, -0.070544544999965 ], [ 109.33051808, -0.070590919999975 ], [ 109.33020536, -0.071044319999949 ], [ 109.32974869, -0.071796609999984 ], [ 109.329556295, -0.07203802999994 ] ] ] ] } },
{ "type": "Feature", "properties": { "fid": null, "gid": 609825.0, "kdprov": "61", "kdkab": "71", "kdkec": "010", "kddesa": "003", "iddesa": "6171010003", "nmprov": "KALIMANTAN BARAT", "nmkab": "PONTIANAK", "nmkec": "PONTIANAK SELATAN", "nmdesa": "BENUA MELAYU DARAT", "luas": 0.0089665855620990002, "sumber": null, "periode": "2024_1", "layer": null, "path": null, "idkec": "6171010" }, "geometry": { "type": "MultiPolygon", "coordinates": [ [ [ [ 109.338858927, -0.042768553999974 ], [ 109.33884842, -0.042756809999962 ], [ 109.3383482, -0.042186119999941 ], [ 109.33832945, -0.042163287999928 ], [ 109.33772651, -0.041429089999956 ], [ 109.33739925, -0.041018639999948 ], [ 109.3370427, -0.040571469999976 ], [ 109.336651737, -0.04012589099995 ], [ 109.336637116, -0.04010922799996 ], [ 109.33662916, -0.040100159999954 ], [ 109.33545563, -0.03863569999993 ], [ 109.335396715, -0.038564425999943 ], [ 109.33457222, -0.037566979999962 ], [ 109.33456474, -0.037557919999929 ], [ 109.334559877, -0.037552057999965 ], [ 109.334540929, -0.037529221999933 ], [ 109.33396095, -0.036830209999947 ], [ 109.333722312, -0.036524117999936 ], [ 109.33367184, -0.036459379999943 ], [ 109.333655445, -0.036438352999946 ], [ 109.33323735, -0.035902129999965 ], [ 109.33291439, -0.035460299999956 ], [ 109.332896179, -0.035475468999946 ], [ 109.33289615, -0.035474989999965 ], [ 109.33289529, -0.035472429999974 ], [ 109.33289775, -0.035470429999978 ], [ 109.3328725, -0.035403939999987 ], [ 109.33287176, -0.035401989999966 ], [ 109.33287318, -0.035403819999952 ], [ 109.33287412, -0.035405029999946 ], [ 109.33287461, -0.035403569999972 ], [ 109.33287507, -0.035403479999969 ], [ 109.33295052, -0.035173229999942 ], [ 109.33295056, -0.035173089999949 ], [ 109.3329631, -0.03516141999996 ], [ 109.33345144, -0.03470698999997 ], [ 109.33420746, -0.033985879999935 ], [ 109.33420905, -0.033984329999958 ], [ 109.334242498, -0.033952429999939 ], [ 109.33462661, -0.033586089999976 ], [ 109.33466379, -0.033549029999958 ], [ 109.33476944, -0.033445539999955 ], [ 109.33476923, -0.033445329999948 ], [ 109.33511173, -0.033108619999951 ], [ 109.3351849, -0.033036679999955 ], [ 109.33527028, -0.032954799999976 ], [ 109.33592514, -0.032326789999965 ], [ 109.33594643, -0.032306189999934 ], [ 109.336036143, -0.032219391999953 ], [ 109.336234173, -0.032027794999975 ], [ 109.3364885, -0.03178172999998 ], [ 109.33655177, -0.031717099999983 ], [ 109.33695105, -0.031339319999972 ], [ 109.33713228, -0.031175429999965 ], [ 109.3376685, -0.030672209999976 ], [ 109.33774178, -0.030603429999929 ], [ 109.337741812, -0.030603467999924 ], [ 109.337742621, -0.030602734999941 ], [ 109.33783067, -0.030522959999926 ], [ 109.337900158643606, -0.030459996850807 ], [ 109.33794983, -0.030414989999944 ], [ 109.33794992, -0.030414909999932 ], [ 109.33804982, -0.030324399999923 ], [ 109.33804985, -0.030324379999977 ], [ 109.33809491, -0.030283539999971 ], [ 109.33813834, -0.030251228999937 ], [ 109.338139028, -0.030250716999943 ], [ 109.33818782, -0.03021440999993 ], [ 109.33818806, -0.030214239999971 ], [ 109.33828147, -0.030144729999969 ], [ 109.338313772, -0.030120692999958 ], [ 109.338394946, -0.030060292999973 ], [ 109.33852327, -0.029964809999977 ], [ 109.33852348, -0.029964649999962 ], [ 109.338524093, -0.029964193999955 ], [ 109.33877893, -0.029774579999985 ], [ 109.3388194, -0.029750769999969 ], [ 109.33881963, -0.029750629999979 ], [ 109.33912641, -0.029570139999982 ], [ 109.33912655, -0.029570059999972 ], [ 109.339145486, -0.029558918999962 ], [ 109.33915485, -0.029553409999954 ], [ 109.339155791, -0.02955285799994 ], [ 109.33916059, -0.029550039999958 ], [ 109.339172673, -0.029542053999939 ], [ 109.339719088, -0.029181170999946 ], [ 109.33971926, -0.029181499999947 ], [ 109.339721761, -0.029179870999947 ], [ 109.339816742, -0.029118025999942 ], [ 109.33991036, -0.029057067999928 ], [ 109.34015688, -0.02889654999996 ], [ 109.34048683, -0.02868667999997 ], [ 109.340589332, -0.028623059999973 ], [ 109.3406067, -0.028612279999953 ], [ 109.34062248, -0.028601969999962 ], [ 109.3406227, -0.028602346999951 ], [ 109.34062248, -0.028601919999976 ], [ 109.34070391, -0.028551169999955 ], [ 109.34070418, -0.028551779999939 ], [ 109.340709384, -0.028548518999975 ], [ 109.34092886, -0.02841097999994 ], [ 109.34104445, -0.028338939999965 ], [ 109.34107462, -0.028320139999954 ], [ 109.341199929, -0.028251073999975 ], [ 109.3412386, -0.028229759999937 ], [ 109.34156206, -0.028052159999963 ], [ 109.34156247, -0.028051929999945 ], [ 109.34156277, -0.028052479999932 ], [ 109.34156236, -0.028052709999939 ], [ 109.34156242, -0.028052829999989 ], [ 109.341563719, -0.028052111999962 ], [ 109.34171334, -0.027969481999942 ], [ 109.34171519, -0.027968459999953 ], [ 109.341865479, -0.027869793 ], [ 109.341876529, -0.027862538999961 ], [ 109.34223119, -0.027629699999975 ], [ 109.34223097, -0.027629339999975 ], [ 109.34223088, -0.027629189999981 ], [ 109.342311303, -0.027576021999956 ], [ 109.34231725, -0.027572089999986 ], [ 109.34259514, -0.027405619999975 ], [ 109.342754, -0.027310449999967 ], [ 109.34275493, -0.027309559999939 ], [ 109.34288338, -0.027188419999961 ], [ 109.34288352, -0.027188719999979 ], [ 109.342884012, -0.027188266999937 ], [ 109.34288515, -0.027187219999971 ], [ 109.34290717, -0.027166539999945 ], [ 109.34296494, -0.027112499999931 ], [ 109.342979630017112, -0.027101321875672 ], [ 109.343121373691019, -0.027354792887458 ], [ 109.343253581272165, -0.0275768337995 ], [ 109.343389178791298, -0.027797179742338 ], [ 109.343430873244699, -0.027872550476139 ], [ 109.343380014, -0.027897160999949 ], [ 109.34345573, -0.028014519999952 ], [ 109.343497825, -0.02808477599996 ], [ 109.34350289, -0.028093229999973 ], [ 109.343697137, -0.028417115999959 ], [ 109.343712142, -0.028442134999976 ], [ 109.34372856, -0.028469509999986 ], [ 109.34384587, -0.028665169999962 ], [ 109.343997344804293, -0.028917612538264 ], [ 109.343999282, -0.028920840999946 ], [ 109.344040556, -0.028989626999933 ], [ 109.3441477, -0.029168189999959 ], [ 109.34418332, -0.029226539999976 ], [ 109.34418329, -0.029226539999976 ], [ 109.34418331, -0.029226579999942 ], [ 109.344273249, -0.029374451999957 ], [ 109.34427438, -0.029376311999961 ], [ 109.34427565, -0.029378399999926 ], [ 109.344522744, -0.029784727999937 ], [ 109.3445228, -0.029784819999972 ], [ 109.344654884, -0.030002005999958 ], [ 109.34471119, -0.030094589999985 ], [ 109.34490509, -0.030393229999959 ], [ 109.345051112, -0.030586650999968 ], [ 109.3450936, -0.030642929999948 ], [ 109.345208388, -0.030900682999968 ], [ 109.34521211, -0.030909039999925 ], [ 109.34522243, -0.030932319999979 ], [ 109.345223858, -0.030937196999959 ], [ 109.34534577, -0.031353549999957 ], [ 109.345347738, -0.031360276999976 ], [ 109.345356813738832, -0.031391295297022 ], [ 109.345521751, -0.03195500399994 ], [ 109.345532162, -0.031990585999954 ], [ 109.34553963, -0.032016109999975 ], [ 109.345552005, -0.032057714999959 ], [ 109.345582881, -0.032161514999925 ], [ 109.3456401, -0.032353879999961 ], [ 109.34564865, -0.032382579999943 ], [ 109.345649028, -0.032383848999937 ], [ 109.34566853, -0.032449329999968 ], [ 109.345686392, -0.032492320999956 ], [ 109.34570039, -0.032526009999971 ], [ 109.34570029, -0.032525889999933 ], [ 109.34570035, -0.032526029999934 ], [ 109.34570435, -0.032535689999975 ], [ 109.345716783, -0.032565673999959 ], [ 109.345789196, -0.03274030399996 ], [ 109.34587831, -0.032955209999962 ], [ 109.345880352, -0.03296013399995 ], [ 109.34592942, -0.033078459999956 ], [ 109.34594731, -0.033121609999971 ], [ 109.34595481, -0.03313969199997 ], [ 109.346016994, -0.033289624999952 ], [ 109.346091377531764, -0.033468973215104 ], [ 109.34609469, -0.033476959999978 ], [ 109.346094743, -0.033477141999932 ], [ 109.346109174, -0.033526517999982 ], [ 109.346155562, -0.033685232999973 ], [ 109.346189468, -0.033801243999963 ], [ 109.34620437, -0.033852229999983 ], [ 109.346211932, -0.033878166999963 ], [ 109.34621721, -0.03389626999996 ], [ 109.346281502, -0.034121084999929 ], [ 109.346306556, -0.034208694999961 ], [ 109.34631727, -0.034246159999953 ], [ 109.346364392, -0.034412255999934 ], [ 109.34644172, -0.034684819999945 ], [ 109.346477946, -0.034842727999948 ], [ 109.34649492, -0.034916719999964 ], [ 109.34653591, -0.035095759999937 ], [ 109.346542773, -0.03512571699997 ], [ 109.34656087, -0.035204709999961 ], [ 109.346594405, -0.035350989999929 ], [ 109.34662015, -0.035463289999948 ], [ 109.346650967, -0.035622671999941 ], [ 109.34666267, -0.035683199999939 ], [ 109.34675992, -0.036185869999937 ], [ 109.34680181, -0.03643677899993 ], [ 109.346806395, -0.036464243999942 ], [ 109.346819297427743, -0.036541528234216 ], [ 109.34683451, -0.036632649999952 ], [ 109.346853376, -0.036745786999982 ], [ 109.3468534, -0.036745929999948 ], [ 109.34687252, -0.036859519999949 ], [ 109.34688778, -0.036950349999934 ], [ 109.34699682, -0.037479259999947 ], [ 109.34701352, -0.037520096999975 ], [ 109.347018398, -0.037532023999971 ], [ 109.347027, -0.037553059999935 ], [ 109.34703354, -0.03756905999996 ], [ 109.34713599, -0.037819429999968 ], [ 109.34726425, -0.038087559999952 ], [ 109.34728026, -0.038117469999977 ], [ 109.347350847, -0.038248831999971 ], [ 109.347392832, -0.038326966999937 ], [ 109.34744494, -0.038423939999972 ], [ 109.34759191, -0.038697339999948 ], [ 109.34777959, -0.039015699999935 ], [ 109.34777992, -0.039016259999932 ], [ 109.347854585, -0.039147140999942 ], [ 109.34805776, -0.039503289999969 ], [ 109.348060159, -0.039507477999961 ], [ 109.34806743, -0.039520169999945 ], [ 109.348068231, -0.039521392999978 ], [ 109.34824634, -0.039775539999943 ], [ 109.3482464, -0.039775639999965 ], [ 109.348369758, -0.039983376999949 ], [ 109.348448027, -0.040115182999957 ], [ 109.348453686, -0.040124529999958 ], [ 109.348574131, -0.040323463999932 ], [ 109.34860092, -0.040367709999946 ], [ 109.34873564, -0.040576319999956 ], [ 109.34878185, -0.040647899999955 ], [ 109.348930745, -0.04087855099994 ], [ 109.349043113, -0.041052617999979 ], [ 109.34906707, -0.04108972999995 ], [ 109.34906747, -0.041090339999935 ], [ 109.349189746, -0.041270704999928 ], [ 109.349190867, -0.041272357999957 ], [ 109.349225243, -0.041323072999944 ], [ 109.34949481, -0.041720779999937 ], [ 109.34949483, -0.041720809999963 ], [ 109.34962077, -0.041840928999936 ], [ 109.3496971, -0.041913729999974 ], [ 109.3496972, -0.041913829999951 ], [ 109.34987276, -0.042081129999927 ], [ 109.350043129, -0.042218905999963 ], [ 109.35047608, -0.042569029999924 ], [ 109.35047616, -0.042569099999982 ], [ 109.35062777, -0.042712729999955 ], [ 109.35062781, -0.042712759999978 ], [ 109.35064475, -0.042728809999978 ], [ 109.35065488, -0.042737489999976 ], [ 109.350679493, -0.042758603999971 ], [ 109.35091287, -0.042958799999953 ], [ 109.35091301, -0.042958929999944 ], [ 109.35100265, -0.04302 ], [ 109.35116102, -0.043127919999967 ], [ 109.351163852, -0.043129849999964 ], [ 109.351206028, -0.043158602999948 ], [ 109.35122134, -0.043168899999961 ], [ 109.351488174, -0.043364341999962 ], [ 109.35166581, -0.04349444999998 ], [ 109.35169626, -0.043516539999927 ], [ 109.351876707, -0.043638695999966 ], [ 109.35190373, -0.043656989999938 ], [ 109.35223085, -0.043916479999951 ], [ 109.35234029, -0.044016669999965 ], [ 109.351698812, -0.044641530999971 ], [ 109.35169894, -0.044641669999983 ], [ 109.35169891, -0.044641699999939 ], [ 109.35197309, -0.044934439999965 ], [ 109.351972957, -0.044934578999974 ], [ 109.35177007, -0.045146679999964 ], [ 109.35171534, -0.045203889999923 ], [ 109.3514975, -0.045440739999949 ], [ 109.35146751, -0.045473349999958 ], [ 109.35117298, -0.04576137 ], [ 109.351086092, -0.045851173999948 ], [ 109.35107407, -0.045863599999963 ], [ 109.35107405, -0.04586357999995 ], [ 109.3510739, -0.045863739999967 ], [ 109.35077188, -0.046193249999926 ], [ 109.35042155, -0.046598289999971 ], [ 109.35038242, -0.046643580999961 ], [ 109.35022637, -0.046824199999941 ], [ 109.3502256, -0.046824849999956 ], [ 109.35017044, -0.046870929999957 ], [ 109.350112455, -0.046919384999966 ], [ 109.350084064, -0.046943109999976 ], [ 109.34993041, -0.047071509999965 ], [ 109.34971326, -0.047353799999937 ], [ 109.34970548, -0.047363909999943 ], [ 109.349444646, -0.047691651999973 ], [ 109.3494416, -0.047695479999958 ], [ 109.34892504, -0.048549769999974 ], [ 109.34892383, -0.048551669999944 ], [ 109.34892326, -0.048552629999957 ], [ 109.348857904, -0.04865027499995 ], [ 109.34804286, -0.049867979999935 ], [ 109.348029977, -0.049889158999982 ], [ 109.34801721, -0.049908863999974 ], [ 109.348017375, -0.049909874999975 ], [ 109.347995861191833, -0.049945241840325 ], [ 109.347849823, -0.050185315999962 ], [ 109.34738903, -0.050942819999931 ], [ 109.34703206, -0.051305869999965 ], [ 109.34660198, -0.051829869999952 ], [ 109.34656303, -0.05187710999997 ], [ 109.34622441, -0.051457289999969 ], [ 109.3459969, -0.051153269999937 ], [ 109.34599563, -0.051151569999947 ], [ 109.345878287, -0.050994774999944 ], [ 109.34587633, -0.05099215999997 ], [ 109.34585302, -0.050966799999976 ], [ 109.34546041, -0.050539589999972 ], [ 109.345443703361425, -0.05052143071855 ], [ 109.34525926, -0.050320949999961 ], [ 109.345143801, -0.050182301999944 ], [ 109.344807121, -0.049778000999943 ], [ 109.34429952, -0.049168449999972 ], [ 109.34361037, -0.048341129999924 ], [ 109.3432033, -0.04785180999994 ], [ 109.34320317, -0.047851659999946 ], [ 109.342609293, -0.04720858599995 ], [ 109.34260286, -0.047201619999953 ], [ 109.34228786, -0.046860319999956 ], [ 109.342158017, -0.04670495499995 ], [ 109.34212689, -0.046667709999957 ], [ 109.34212667, -0.046667449999978 ], [ 109.34212665, -0.046667469999928 ], [ 109.34200167, -0.046518119999971 ], [ 109.34144829, -0.045856819999934 ], [ 109.341412257, -0.045810996999935 ], [ 109.341279588, -0.045642284999931 ], [ 109.34117668, -0.045511419999966 ], [ 109.341160054, -0.045490313999946 ], [ 109.34112461, -0.045445319999946 ], [ 109.34076389, -0.04498546999997 ], [ 109.34076387, -0.044985439999948 ], [ 109.339756761, -0.043784660999962 ], [ 109.33958833, -0.043583839999943 ], [ 109.338858927, -0.042768553999974 ] ] ] ] } },
{ "type": "Feature", "properties": { "fid": null, "gid": 611250.0, "kdprov": "61", "kdkab": "71", "kdkec": "030", "kddesa": "001", "iddesa": "6171030001", "nmprov": "KALIMANTAN BARAT", "nmkab": "PONTIANAK", "nmkec": "PONTIANAK BARAT", "nmdesa": "PAL LIMA", "luas": 0.17491638249379801, "sumber": "", "periode": "2024_1", "layer": null, "path": null, "idkec": "6171030" }, "geometry": { "type": "MultiPolygon", "coordinates": [ [ [ [ 109.28637074, -0.039548909999955 ], [ 109.28594352, -0.039968769999976 ], [ 109.28553381, -0.040368809999971 ], [ 109.2853557, -0.040537435999963 ], [ 109.285264893, -0.040623407999932 ], [ 109.2851984, -0.040686359999939 ], [ 109.28503651, -0.040839619999933 ], [ 109.284971571, -0.040900589999978 ], [ 109.284973863, -0.04090342599994 ], [ 109.284857079, -0.041013649999973 ], [ 109.284441299, -0.041406049999986 ], [ 109.283801259, -0.041969839999988 ], [ 109.283798719, -0.041972079999943 ], [ 109.283742229, -0.042028929999959 ], [ 109.283536339, -0.042236129999943 ], [ 109.283123999, -0.042651109999954 ], [ 109.282730919, -0.043046699999941 ], [ 109.282423888, -0.04335568999995 ], [ 109.282382808, -0.043409179999978 ], [ 109.282331979, -0.043475379999962 ], [ 109.282329335, -0.043471075999951 ], [ 109.28232603, -0.043475379999962 ], [ 109.28205035, -0.043026679999979 ], [ 109.28200771, -0.042905359999959 ], [ 109.28198488, -0.042840409999946 ], [ 109.28186973, -0.042682669999986 ], [ 109.28181125, -0.042602559999983 ], [ 109.28177425, -0.042502249999929 ], [ 109.28135258, -0.041800919999966 ], [ 109.28036372, -0.040102599999957 ], [ 109.27996694, -0.039425229999949 ], [ 109.279743997, -0.039044631999955 ], [ 109.27936124, -0.038391209999927 ], [ 109.27936032, -0.038389629999927 ], [ 109.2791658, -0.038099239999952 ], [ 109.27519615, -0.032173119999932 ], [ 109.275196064, -0.032172990999929 ], [ 109.274622213, -0.031316319999972 ], [ 109.27414089, -0.030597779999935 ], [ 109.273864314349993, -0.030184894984218 ], [ 109.275834625393841, -0.027763235155004 ], [ 109.277820499812748, -0.025164976554056 ], [ 109.279230163103065, -0.023226689529866 ], [ 109.279233402866041, -0.023232400570058 ], [ 109.280177839954533, -0.021981427135188 ], [ 109.28061876958283, -0.021463153878828 ], [ 109.281458331012118, -0.020667442265001 ], [ 109.281944646396937, -0.020305720077947 ], [ 109.281946756521577, -0.02031419933115 ], [ 109.282163197125897, -0.020171923689151 ], [ 109.282718273141171, -0.019807048546239 ], [ 109.284802055895554, -0.018883352059703 ], [ 109.285606495413546, -0.018488797471644 ], [ 109.285608976, -0.018503680999972 ], [ 109.28568723, -0.018470746999927 ], [ 109.288303038749717, -0.01736984879782 ], [ 109.289404326816936, -0.016906356941495 ], [ 109.289792557092071, -0.016742965022285 ], [ 109.291527862487598, -0.01601263846831 ], [ 109.291912884, -0.015850596999942 ], [ 109.292752711, -0.01549714499993 ], [ 109.29302021, -0.015385329999964 ], [ 109.293038653, -0.01537761199996 ], [ 109.293718128, -0.015093601999984 ], [ 109.294281562732337, -0.014871779905021 ], [ 109.2942961, -0.014866067999947 ], [ 109.294363502513903, -0.014839584571407 ], [ 109.294888532617108, -0.014633292603731 ], [ 109.298117058, -0.013364757999968 ], [ 109.298116138, -0.013354814999955 ], [ 109.298123209, -0.013352203999952 ], [ 109.29814288, -0.013344939999967 ], [ 109.298144626, -0.013441068999955 ], [ 109.29814603, -0.013518369999941 ], [ 109.298148561, -0.013657986999927 ], [ 109.29815025, -0.013751189999939 ], [ 109.29815108, -0.013893149999951 ], [ 109.29815172, -0.014001759999936 ], [ 109.29815256, -0.014009129999984 ], [ 109.29815258, -0.014011319999956 ], [ 109.298163626, -0.014130375999968 ], [ 109.298177519, -0.014280110999951 ], [ 109.29818427, -0.014352869999928 ], [ 109.298196825, -0.014461949999948 ], [ 109.298197292, -0.01446600799995 ], [ 109.29820195, -0.014506482999935 ], [ 109.29820519, -0.014534629999966 ], [ 109.298230519, -0.014743794999964 ], [ 109.29824225, -0.014840669999955 ], [ 109.29824448, -0.014857081999936 ], [ 109.29827214, -0.015060648999969 ], [ 109.29827248, -0.015060629999947 ], [ 109.29833252, -0.015491869999956 ], [ 109.2983326, -0.015491879999963 ], [ 109.298333053, -0.015495175999952 ], [ 109.29833874, -0.015536569999936 ], [ 109.298356399, -0.015663300999964 ], [ 109.298376479, -0.015807407999949 ], [ 109.29837675, -0.015809349999925 ], [ 109.29837645, -0.015809349999925 ], [ 109.29838064, -0.015837629999963 ], [ 109.29838184, -0.015850179999974 ], [ 109.29838292, -0.015858059999981 ], [ 109.298419781, -0.016235645999931 ], [ 109.29843422, -0.016383549999951 ], [ 109.29843429, -0.016396589999945 ], [ 109.298435672, -0.016663680999963 ], [ 109.29843593, -0.01671355999998 ], [ 109.29831744, -0.017014981999987 ], [ 109.29830857, -0.017037545999937 ], [ 109.29827219, -0.017130089999967 ], [ 109.298218659, -0.017266276999985 ], [ 109.29818998, -0.017339239999964 ], [ 109.298180108, -0.017363674999953 ], [ 109.298084362, -0.017600673999945 ], [ 109.297962511047629, -0.017902289801818 ], [ 109.297928952, -0.017985357999976 ], [ 109.297909842, -0.018032659999962 ], [ 109.29789327, -0.018073679999937 ], [ 109.297871615, -0.018118919999946 ], [ 109.29782631, -0.01821356999995 ], [ 109.29782326, -0.018219939999939 ], [ 109.297748833, -0.018374288999953 ], [ 109.29761184, -0.018658386999957 ], [ 109.29755868, -0.018768629999961 ], [ 109.29753766, -0.018811519999937 ], [ 109.29753795, -0.018811629999965 ], [ 109.29753788, -0.018811759999952 ], [ 109.297523599, -0.018841378999985 ], [ 109.297448012318043, -0.018998140430458 ], [ 109.2974144, -0.019067849999943 ], [ 109.29738143, -0.019136219999957 ], [ 109.29734756, -0.019217759999948 ], [ 109.297286606, -0.019352329999946 ], [ 109.297004454, -0.019975242999979 ], [ 109.296933184632337, -0.020132585917394 ], [ 109.296928381, -0.020143190999937 ], [ 109.296923559, -0.020140892999972 ], [ 109.29684009, -0.020383931999964 ], [ 109.296840145, -0.020383949999947 ], [ 109.296841559, -0.020384411999954 ], [ 109.29684009, -0.020388690999939 ], [ 109.296840143, -0.020388713999982 ], [ 109.296847234, -0.020391026999967 ], [ 109.298290669, -0.020901265999955 ], [ 109.298292344, -0.020904648999929 ], [ 109.298288941, -0.020906111999988 ], [ 109.298291574, -0.020905651999964 ], [ 109.298495777, -0.020819165999965 ], [ 109.298498711, -0.020808453999959 ], [ 109.298533124, -0.020791442999956 ], [ 109.299341504, -0.022316136999961 ], [ 109.29937406, -0.02229841299993 ], [ 109.299374448, -0.022296631999953 ], [ 109.299452445, -0.022261887999948 ], [ 109.29950658, -0.022237772999982 ], [ 109.299756428, -0.022670202999961 ], [ 109.300196064, -0.023559084999933 ], [ 109.300062409, -0.023642901999955 ], [ 109.300243955, -0.023997583999972 ], [ 109.300244269, -0.023998197999955 ], [ 109.300247477, -0.023996669999975 ], [ 109.300662221, -0.023799135999984 ], [ 109.30067952, -0.023832439999986 ], [ 109.30081557, -0.024079 ], [ 109.30081566, -0.024079149999983 ], [ 109.3009451, -0.024313729999963 ], [ 109.30095833, -0.024342589999951 ], [ 109.30095838, -0.024342689999975 ], [ 109.30108493, -0.024618739999945 ], [ 109.30108518, -0.024619289999982 ], [ 109.301123898, -0.024703750999948 ], [ 109.30121068, -0.024893059999952 ], [ 109.301223475, -0.02492010299995 ], [ 109.30138774, -0.025267389999961 ], [ 109.301532852, -0.025486534999974 ], [ 109.30153463, -0.025489219999949 ], [ 109.30153485, -0.02548955299995 ], [ 109.30153831, -0.025494779999976 ], [ 109.301540894, -0.025498680999938 ], [ 109.3015648, -0.025534769999987 ], [ 109.3016183, -0.025635149999978 ], [ 109.30175956, -0.025900199999966 ], [ 109.30178542, -0.026022959999984 ], [ 109.30182152, -0.026194309999942 ], [ 109.30202776, -0.026668059999965 ], [ 109.30203309, -0.026679939999957 ], [ 109.30182608, -0.026784139999956 ], [ 109.301743534, -0.026825689999956 ], [ 109.30128034, -0.027058839999948 ], [ 109.30052453, -0.027575779999946 ], [ 109.300405364, -0.027654675999942 ], [ 109.300312673, -0.027716044999982 ], [ 109.300280273, -0.027737495999929 ], [ 109.30024219, -0.027762709999934 ], [ 109.299792781, -0.028073833999951 ], [ 109.29925208, -0.028448159999923 ], [ 109.2988914, -0.028696639999967 ], [ 109.298742815, -0.028799006999978 ], [ 109.29873506, -0.028804349999973 ], [ 109.298216714921267, -0.029161450171451 ], [ 109.29815292, -0.029205399999965 ], [ 109.29815279, -0.029205199999981 ], [ 109.297828087, -0.029423851999988 ], [ 109.29776661, -0.029465249999932 ], [ 109.29765041, -0.029543499999937 ], [ 109.297154508, -0.02987479499996 ], [ 109.29699778, -0.029979499999969 ], [ 109.296805268, -0.030116833999962 ], [ 109.296540181, -0.030311045999951 ], [ 109.29653978, -0.030311339999968 ], [ 109.29654021, -0.030311969999964 ], [ 109.29643785, -0.030387769999955 ], [ 109.295750266, -0.030894619999979 ], [ 109.29535839, -0.031183489999939 ], [ 109.29468556, -0.031693909999954 ], [ 109.29457588, -0.031783067999933 ], [ 109.292820636, -0.033233932999963 ], [ 109.29256935, -0.033460279999931 ], [ 109.29256127, -0.033468059999969 ], [ 109.291656791120204, -0.034286555841954 ], [ 109.291047038, -0.034905118999978 ], [ 109.289721400128926, -0.036226641210471 ], [ 109.289212601, -0.036723883999968 ], [ 109.289108454, -0.036828772999975 ], [ 109.28878675, -0.037152769999986 ], [ 109.288787139, -0.037153797999963 ], [ 109.28878756, -0.037154909999971 ], [ 109.28857779, -0.037362649999976 ], [ 109.28805057, -0.037893599999967 ], [ 109.28767909, -0.038259539999955 ], [ 109.287534282, -0.038407830999969 ], [ 109.28746244, -0.038481399999963 ], [ 109.28745517, -0.038488719999978 ], [ 109.287280043, -0.038659376999926 ], [ 109.28664182, -0.039281309999983 ], [ 109.286373658, -0.039545461999974 ], [ 109.286373449, -0.039545667999961 ], [ 109.28637102, -0.039548059999961 ], [ 109.28636299, -0.039536759999975 ], [ 109.28636247, -0.039537269999937 ], [ 109.28637074, -0.039548909999955 ] ] ] ] } },
{ "type": "Feature", "properties": { "fid": null, "gid": 610053.0, "kdprov": "61", "kdkab": "71", "kdkec": "020", "kddesa": "005", "iddesa": "6171020005", "nmprov": "KALIMANTAN BARAT", "nmkab": "PONTIANAK", "nmkec": "PONTIANAK TIMUR", "nmdesa": "TANJUNG HILIR", "luas": 0.011875073495166999, "sumber": "", "periode": "2024_1", "layer": null, "path": null, "idkec": "6171020" }, "geometry": { "type": "MultiPolygon", "coordinates": [ [ [ [ 109.35412106, -0.028390066999981 ], [ 109.354120977, -0.028390050999974 ], [ 109.354120201, -0.02838997299995 ], [ 109.354114438, -0.028389431999927 ], [ 109.354088502, -0.028386550999939 ], [ 109.354103633, -0.02814523699993 ], [ 109.354110836, -0.027952184999947 ], [ 109.35411086, -0.027951235999987 ], [ 109.35411804, -0.02765828599997 ], [ 109.354112277, -0.027410488999981 ], [ 109.354079894, -0.027075863999934 ], [ 109.354077701, -0.02705319999996 ], [ 109.354076093, -0.026842550999961 ], [ 109.354074819, -0.026675740999966 ], [ 109.354082723, -0.026401761999984 ], [ 109.353880701, -0.026401761999984 ], [ 109.353437158, -0.026401761999984 ], [ 109.353421063, -0.026401761999984 ], [ 109.353352481, -0.026101714999929 ], [ 109.353073866, -0.026157437999931 ], [ 109.353052434, -0.026050277999962 ], [ 109.352743845, -0.026100973999973 ], [ 109.352577986, -0.025557786999979 ], [ 109.352345544, -0.025645474999985 ], [ 109.352315742, -0.025581262999933 ], [ 109.35231445, -0.025578479999982 ], [ 109.3522865, -0.025518259999969 ], [ 109.352258035, -0.025418812999931 ], [ 109.352104964, -0.025433327999964 ], [ 109.35209249, -0.025434510999964 ], [ 109.352089154, -0.025400075999933 ], [ 109.352091917, -0.025386682999972 ], [ 109.352084667, -0.025363723999931 ], [ 109.351967114, -0.025380125999969 ], [ 109.351951844, -0.025175368999957 ], [ 109.352066737, -0.025168675999968 ], [ 109.352043726, -0.024931137999954 ], [ 109.351860401, -0.024917388999946 ], [ 109.351765316, -0.024920269999939 ], [ 109.351601078, -0.02496348999995 ], [ 109.351544891, -0.025009591999952 ], [ 109.351544111, -0.025011411999976 ], [ 109.351543901, -0.02501067299994 ], [ 109.351486273, -0.025026519999928 ], [ 109.351485553, -0.025021477999936 ], [ 109.351484886, -0.02501640599997 ], [ 109.351471146, -0.024911985999961 ], [ 109.351396231, -0.024338593999975 ], [ 109.35133683, -0.023758090999933 ], [ 109.351335068, -0.023740872999952 ], [ 109.35121141, -0.023753969999977 ], [ 109.351187675, -0.023761936999958 ], [ 109.35109713, -0.023792329999936 ], [ 109.35085426, -0.023816299999973 ], [ 109.350712257, -0.023854409999963 ], [ 109.3507114, -0.023854639999964 ], [ 109.35071616, -0.023921749999941 ], [ 109.35034971, -0.023995309999974 ], [ 109.35034888, -0.023995469999937 ], [ 109.350338754, -0.023996774999947 ], [ 109.35003181, -0.024036329999946 ], [ 109.35003178, -0.024036329999946 ], [ 109.35002242, -0.024037529999935 ], [ 109.349988658, -0.024041879999982 ], [ 109.349946677, -0.024047288999955 ], [ 109.34960465, -0.024091359999941 ], [ 109.349570388, -0.024090425999934 ], [ 109.34929794, -0.024083 ], [ 109.34929627, -0.024082949999975 ], [ 109.349211693, -0.02408065099997 ], [ 109.34916422, -0.024079359999976 ], [ 109.348977364, -0.024067670999959 ], [ 109.34893067, -0.024064749999986 ], [ 109.3488189, -0.024057749999949 ], [ 109.34858754, -0.02404297999993 ], [ 109.348587527, -0.024043089999964 ], [ 109.348533143, -0.024039716999944 ], [ 109.348212708, -0.024019844999949 ], [ 109.348210948, -0.024019735999964 ], [ 109.348208188, -0.024019562999973 ], [ 109.3482059, -0.024019419999943 ], [ 109.348206566, -0.024016793999988 ], [ 109.348334032, -0.023514729999932 ], [ 109.348361578, -0.023002221999948 ], [ 109.348331903, -0.022267093999981 ], [ 109.348644975, -0.022221669999971 ], [ 109.348652777, -0.022220533999931 ], [ 109.349401362, -0.022111911999959 ], [ 109.349468732, -0.022102688999952 ], [ 109.349587078, -0.022085078999971 ], [ 109.349601325, -0.022082958999933 ], [ 109.349608598, -0.022074539999954 ], [ 109.349841197, -0.022027651999969 ], [ 109.349873569, -0.02202112699996 ], [ 109.350135843, -0.021968257999963 ], [ 109.350697495, -0.021855040999982 ], [ 109.350703832, -0.021853763999959 ], [ 109.350746406, -0.021845181999937 ], [ 109.351580288, -0.021677088999976 ], [ 109.351962891, -0.021599963999969 ], [ 109.352384891, -0.021514897999968 ], [ 109.352643888, -0.021462689999972 ], [ 109.352693091, -0.021452771999975 ], [ 109.352955052, -0.021399965999937 ], [ 109.353380927, -0.021314118999953 ], [ 109.353935966, -0.021202234999976 ], [ 109.353943543, -0.021200707999923 ], [ 109.354446251, -0.021099371999987 ], [ 109.354525334, -0.021083430999966 ], [ 109.354601105, -0.021068156999953 ], [ 109.354658266, -0.021056633999932 ], [ 109.354730091, -0.021042155999973 ], [ 109.355440646, -0.020898922999951 ], [ 109.355534595, -0.020879984999967 ], [ 109.355944254, -0.02079740599993 ], [ 109.356135302, -0.020758894999983 ], [ 109.356143251, -0.020757292999977 ], [ 109.356816549, -0.020621569999957 ], [ 109.356877612, -0.02060926099995 ], [ 109.357133096, -0.020557760999958 ], [ 109.357148863, -0.020555313999979 ], [ 109.358270132, -0.020381265999959 ], [ 109.358417937, -0.020358322999925 ], [ 109.358425251, -0.020357187999944 ], [ 109.358759465, -0.020305309999973 ], [ 109.359281224, -0.020224320999949 ], [ 109.359403922, -0.020205274999967 ], [ 109.360496205, -0.020035726999946 ], [ 109.360877479, -0.019976543999984 ], [ 109.361408551, -0.019894108999954 ], [ 109.361615245, -0.01986202499995 ], [ 109.361788572, -0.019856157999924 ], [ 109.362986458, -0.019815613999935 ], [ 109.362986019, -0.020069675999935 ], [ 109.362984587, -0.020898624999977 ], [ 109.362984118, -0.020912141999928 ], [ 109.36298429, -0.020912119999931 ], [ 109.362971913, -0.021263912999935 ], [ 109.362968624, -0.021357384999938 ], [ 109.362953463, -0.021788303999936 ], [ 109.362916533, -0.022837967999983 ], [ 109.36289049, -0.023578168999961 ], [ 109.36288022, -0.023870079999944 ], [ 109.36287065, -0.02414221999994 ], [ 109.362737343, -0.02466118899997 ], [ 109.36272498, -0.024709319999939 ], [ 109.36265358, -0.024990764999925 ], [ 109.36260586, -0.025178869999936 ], [ 109.36259508, -0.02522108999995 ], [ 109.36247203, -0.025584769999969 ], [ 109.36247148, -0.025586396999931 ], [ 109.362471151, -0.025587367999953 ], [ 109.36247041, -0.025589559999959 ], [ 109.362068695, -0.026777049999967 ], [ 109.361503428, -0.02844798799993 ], [ 109.36149692, -0.028467225999982 ], [ 109.36149113, -0.028484339999983 ], [ 109.361482391, -0.028520563999966 ], [ 109.361442052, -0.028552258999986 ], [ 109.36142789, -0.028558814999947 ], [ 109.361130865, -0.028696326999978 ], [ 109.360687134, -0.028753954999959 ], [ 109.360024421, -0.028955649999953 ], [ 109.359206113, -0.029197684999934 ], [ 109.358638137, -0.029373088999941 ], [ 109.358136744, -0.028740626999941 ], [ 109.358131187, -0.028743529999929 ], [ 109.357886939, -0.028871154999936 ], [ 109.357886323, -0.028870501999962 ], [ 109.357885975, -0.028870727999957 ], [ 109.357028148, -0.029427878999973 ], [ 109.35701763, -0.029434709999984 ], [ 109.35686643, -0.029248440999942 ], [ 109.3568663, -0.029248279999936 ], [ 109.35673436, -0.02908574999998 ], [ 109.356578385, -0.029194598999937 ], [ 109.356038019, -0.029571697999937 ], [ 109.355797702, -0.029739404999939 ], [ 109.3556637, -0.02983291999993 ], [ 109.35548408, -0.029958269999963 ], [ 109.355399831, -0.030013110999958 ], [ 109.355243933, -0.02977319599996 ], [ 109.354936256, -0.029299704999974 ], [ 109.354918643, -0.029272599999961 ], [ 109.354698245, -0.02892781899994 ], [ 109.354455304, -0.028547772999957 ], [ 109.354354789, -0.028390533999924 ], [ 109.354353557, -0.028388605999965 ], [ 109.35412106, -0.028390066999981 ] ] ] ] } },
{ "type": "Feature", "properties": { "fid": null, "gid": 610318.0, "kdprov": "61", "kdkab": "71", "kdkec": "020", "kddesa": "004", "iddesa": "6171020004", "nmprov": "KALIMANTAN BARAT", "nmkab": "PONTIANAK", "nmkec": "PONTIANAK TIMUR", "nmdesa": "TANJUNG HULU", "luas": 0.0066282234441359996, "sumber": "", "periode": "2024_1", "layer": null, "path": null, "idkec": "6171020" }, "geometry": { "type": "MultiPolygon", "coordinates": [ [ [ [ 109.368238059, -0.033258387999985 ], [ 109.368070189, -0.033062367999948 ], [ 109.368070435, -0.033062156999961 ], [ 109.368070499, -0.033062101999981 ], [ 109.367768599, -0.032715424999936 ], [ 109.367768066, -0.032709556999986 ], [ 109.36773498, -0.032670919999931 ], [ 109.367358479, -0.032254388999948 ], [ 109.36731588, -0.032207259999953 ], [ 109.36704944, -0.031904539999978 ], [ 109.3670441, -0.031898279999955 ], [ 109.36704391, -0.031898049999933 ], [ 109.367005216, -0.031852686999972 ], [ 109.366981234201475, -0.031824571376058 ], [ 109.36697017, -0.031811599999976 ], [ 109.36679462, -0.031605979999939 ], [ 109.36675669, -0.031561503999971 ], [ 109.366700123, -0.031495173999938 ], [ 109.366579364, -0.031353575999964 ], [ 109.366554389, -0.031324289999933 ], [ 109.366394476, -0.031136780999936 ], [ 109.366386106, -0.031126965999938 ], [ 109.366279813, -0.031002329999986 ], [ 109.36626332, -0.030982989999925 ], [ 109.3660714, -0.03080657999994 ], [ 109.366046436, -0.030783629999975 ], [ 109.3660441, -0.030781481999955 ], [ 109.36597769, -0.030720429999975 ], [ 109.36597766, -0.030720409999961 ], [ 109.365836546, -0.030542426999942 ], [ 109.365515556, -0.030137573999978 ], [ 109.36549528, -0.030112 ], [ 109.36541265, -0.030007789999951 ], [ 109.36541262, -0.030007749999924 ], [ 109.36531021, -0.029867129999966 ], [ 109.365272453, -0.029815288999938 ], [ 109.36506609, -0.029531949999986 ], [ 109.365064487, -0.029529748999948 ], [ 109.364877635, -0.029273185999961 ], [ 109.36463637, -0.02894190999996 ], [ 109.36462883, -0.028931556999965 ], [ 109.364547997, -0.028820566999971 ], [ 109.3644623, -0.028702899999928 ], [ 109.364225759, -0.028378064999981 ], [ 109.364225288, -0.028377417999942 ], [ 109.36351872, -0.027407109999959 ], [ 109.362673721, -0.027039943999965 ], [ 109.362068695, -0.026777049999967 ], [ 109.36247041, -0.025589559999959 ], [ 109.362471151, -0.025587367999953 ], [ 109.36247148, -0.025586396999931 ], [ 109.36247203, -0.025584769999969 ], [ 109.36259508, -0.02522108999995 ], [ 109.36260586, -0.025178869999936 ], [ 109.36265358, -0.024990764999925 ], [ 109.36272498, -0.024709319999939 ], [ 109.362737343, -0.02466118899997 ], [ 109.36287065, -0.02414221999994 ], [ 109.36288022, -0.023870079999944 ], [ 109.36289049, -0.023578168999961 ], [ 109.362916533, -0.022837967999983 ], [ 109.362953463, -0.021788303999936 ], [ 109.362968624, -0.021357384999938 ], [ 109.362971913, -0.021263912999935 ], [ 109.36298429, -0.020912119999931 ], [ 109.362984118, -0.020912141999928 ], [ 109.362984587, -0.020898624999977 ], [ 109.362986019, -0.020069675999935 ], [ 109.362986458, -0.019815613999935 ], [ 109.363004252, -0.019815011999924 ], [ 109.363016645, -0.019814591999929 ], [ 109.363246527, -0.019806811999962 ], [ 109.363258612, -0.019806402999967 ], [ 109.364006523, -0.019781088999935 ], [ 109.364378231, -0.019768507999974 ], [ 109.36472232, -0.019756861999954 ], [ 109.364726559, -0.019756718999938 ], [ 109.364730095, -0.019756598999947 ], [ 109.36540081, -0.019733897999971 ], [ 109.365479719, -0.019731226999974 ], [ 109.365482141, -0.019731144999984 ], [ 109.365963598, -0.019714849999963 ], [ 109.36643425, -0.01978806199998 ], [ 109.366664792, -0.019823923999977 ], [ 109.366785707, -0.019842732999972 ], [ 109.367132733, -0.019896714999964 ], [ 109.367227079, -0.019911390999943 ], [ 109.368231014, -0.020067558999927 ], [ 109.368304603, -0.020079005999947 ], [ 109.368780821, -0.020153084999954 ], [ 109.368973996, -0.020183133999989 ], [ 109.369013509, -0.020191133999953 ], [ 109.369311486, -0.020251459999947 ], [ 109.369876055, -0.020365758999959 ], [ 109.369926718, -0.020376015999947 ], [ 109.370036171, -0.02039817499997 ], [ 109.370534939, -0.020499152999952 ], [ 109.371007025, -0.020594728999925 ], [ 109.371154862, -0.020624658999962 ], [ 109.371421753, -0.020733776999981 ], [ 109.371541011, -0.020782535999968 ], [ 109.371625874, -0.020817231999967 ], [ 109.371675885, -0.020837678999958 ], [ 109.371864044, -0.020914607999949 ], [ 109.371947776, -0.020948841999942 ], [ 109.371958426, -0.020953195999945 ], [ 109.372019934, -0.020978343999969 ], [ 109.372120113, -0.021019301999963 ], [ 109.372257431, -0.02107544499996 ], [ 109.372502401, -0.02117560099993 ], [ 109.37295594, -0.021361029999984 ], [ 109.373505472, -0.021585705999948 ], [ 109.37385649, -0.021729219999943 ], [ 109.374114071, -0.021834531999957 ], [ 109.374259746, -0.021894090999979 ], [ 109.374646893, -0.022052376999974 ], [ 109.374650487, -0.022053845999955 ], [ 109.374654573, -0.022055516999962 ], [ 109.374654372, -0.022050403999978 ], [ 109.374965861, -0.022182786999967 ], [ 109.375105352, -0.022239817999952 ], [ 109.375346749, -0.022338512999968 ], [ 109.375383362, -0.022407161999977 ], [ 109.375390842, -0.022421185999977 ], [ 109.375456089, -0.022449802999975 ], [ 109.375970991, -0.022675636999974 ], [ 109.375998463, -0.02268768999994 ], [ 109.376018736, -0.022696585999937 ], [ 109.376051279, -0.022710849999962 ], [ 109.376787251, -0.023033643999955 ], [ 109.37686383, -0.023067230999977 ], [ 109.377039459, -0.023144260999972 ], [ 109.377251914, -0.023236967999936 ], [ 109.377505648, -0.023348457999935 ], [ 109.377802783, -0.023477683999946 ], [ 109.377830505, -0.023489740999939 ], [ 109.378079765, -0.023593092999937 ], [ 109.378224562, -0.023653130999958 ], [ 109.378289038, -0.023680289999962 ], [ 109.37850026, -0.023768299999968 ], [ 109.37904809, -0.023996559999948 ], [ 109.379391104, -0.024076744999949 ], [ 109.379401934, -0.024079247999971 ], [ 109.379431036, -0.024085973999945 ], [ 109.379483622, -0.024098126999956 ], [ 109.379775361, -0.024166570999967 ], [ 109.38090597, -0.024431820999957 ], [ 109.380942214, -0.024440323999953 ], [ 109.380942484, -0.024439406999934 ], [ 109.381042051, -0.024462681999978 ], [ 109.381423221, -0.024536319999933 ], [ 109.382872556, -0.02481630399996 ], [ 109.382262782, -0.027525209999967 ], [ 109.381823691, -0.029475862999962 ], [ 109.381823445, -0.029476959999951 ], [ 109.382173385, -0.029552621999931 ], [ 109.382163335, -0.02958528599993 ], [ 109.382097722, -0.029798525999988 ], [ 109.382135553, -0.029864730999986 ], [ 109.38210718, -0.029930935999969 ], [ 109.382050433, -0.029949850999979 ], [ 109.382007316, -0.030044497999937 ], [ 109.381974586, -0.030066458999961 ], [ 109.381954204, -0.030112677999974 ], [ 109.381657933, -0.030784504999932 ], [ 109.381199228, -0.03117227599995 ], [ 109.380012601, -0.032318753999956 ], [ 109.379944087687733, -0.032384949405887 ], [ 109.379545354771579, -0.032304457527482 ], [ 109.37954516580217, -0.032295133833401 ], [ 109.379497968155135, -0.032279986681563 ], [ 109.379159519303698, -0.032147989216659 ], [ 109.37898018204713, -0.032078046408084 ], [ 109.377632217332248, -0.031712172598271 ], [ 109.377633492, -0.03174828899995 ], [ 109.377468075, -0.031702412999947 ], [ 109.377427916, -0.031691274999966 ], [ 109.376768232, -0.031485566999947 ], [ 109.376664081, -0.031450849999939 ], [ 109.376661831, -0.03145009999997 ], [ 109.376638227, -0.031444459999935 ], [ 109.376558891, -0.03142550399997 ], [ 109.376558323, -0.031425896999965 ], [ 109.376356058, -0.031379219999968 ], [ 109.376356173, -0.031377066999935 ], [ 109.3761278, -0.031322499999942 ], [ 109.376127464, -0.03132241999993 ], [ 109.376122569184659, -0.031327314747173 ], [ 109.375585368157601, -0.031138646289948 ], [ 109.375328237667972, -0.031026718900344 ], [ 109.375157321518984, -0.030955629882622 ], [ 109.375136146066893, -0.031004030915965 ], [ 109.375027243741869, -0.030967730140958 ], [ 109.374485823173984, -0.030849202935554 ], [ 109.374489244, -0.030927452999957 ], [ 109.37415106, -0.030894909999974 ], [ 109.37393627, -0.030874359999933 ], [ 109.373870187, -0.030866052999952 ], [ 109.373693852432396, -0.03084388525778 ], [ 109.37358714, -0.030830469999954 ], [ 109.37356892, -0.030828179999959 ], [ 109.37354779, -0.030825519999958 ], [ 109.37354709, -0.030825429999943 ], [ 109.373544693, -0.030825073999948 ], [ 109.373066603, -0.030754059999934 ], [ 109.372895593868819, -0.030728658894529 ], [ 109.372895375882834, -0.030728626515644 ], [ 109.372840221, -0.030720433999942 ], [ 109.37283986, -0.030720379999937 ], [ 109.3731784, -0.031266629999956 ], [ 109.373175018469283, -0.031270188105407 ], [ 109.373128206, -0.031319444999954 ], [ 109.37306889, -0.031381859999958 ], [ 109.37302842, -0.031424379999983 ], [ 109.373022013, -0.031431112999941 ], [ 109.37301799, -0.031435339999976 ], [ 109.37280363, -0.031660421999966 ], [ 109.3718383, -0.032674039999971 ], [ 109.37181793, -0.032695429999932 ], [ 109.37167815, -0.032836899999951 ], [ 109.37149291, -0.033025269999939 ], [ 109.37142933, -0.033088719999975 ], [ 109.37140491, -0.033113439999966 ], [ 109.371331917, -0.033186053999944 ], [ 109.37129915, -0.03321865 ], [ 109.3710131, -0.033503199999927 ], [ 109.370642533, -0.033871831999941 ], [ 109.37027964, -0.034232829999958 ], [ 109.36969751, -0.034793299999943 ], [ 109.369693274, -0.03479736099997 ], [ 109.369407387, -0.034510341999976 ], [ 109.36917137, -0.034273389999957 ], [ 109.36897667, -0.034061649999967 ], [ 109.368946452, -0.034028786999959 ], [ 109.368335573864101, -0.03336444710648 ], [ 109.368272221, -0.03329554899995 ], [ 109.36823844, -0.033258809999946 ], [ 109.368238059, -0.033258387999985 ] ] ] ] } },
{ "type": "Feature", "properties": { "fid": null, "gid": 610098.0, "kdprov": "61", "kdkab": "71", "kdkec": "020", "kddesa": "007", "iddesa": "6171020007", "nmprov": "KALIMANTAN BARAT", "nmkab": "PONTIANAK", "nmkec": "PONTIANAK TIMUR", "nmdesa": "TAMBELAN SAMPIT", "luas": 0.027300255803164999, "sumber": "", "periode": "2024_1", "layer": null, "path": null, "idkec": "6171020" }, "geometry": { "type": "MultiPolygon", "coordinates": [ [ [ [ 109.350029783, -0.034526773999975 ], [ 109.350026198, -0.034521003999947 ], [ 109.349926501, -0.034360554999978 ], [ 109.349813816, -0.034179202999955 ], [ 109.349808184, -0.034170138999971 ], [ 109.349729901, -0.03404415299997 ], [ 109.349684173, -0.033970558999955 ], [ 109.349622852, -0.033904127999969 ], [ 109.34953768, -0.033811856999931 ], [ 109.349372546, -0.033632961999955 ], [ 109.349303779, -0.033558464999946 ], [ 109.349271628464905, -0.033523635276623 ], [ 109.349187426, -0.033432415999937 ], [ 109.349114597, -0.033282031999932 ], [ 109.348998306, -0.033041900999939 ], [ 109.348998057, -0.033041386999973 ], [ 109.348887117, -0.032812306999979 ], [ 109.348765099, -0.032560348999949 ], [ 109.348746418, -0.032521774999965 ], [ 109.348635783, -0.032293323999972 ], [ 109.348630267, -0.032281933999974 ], [ 109.348563588, -0.032144248999943 ], [ 109.348560037281217, -0.032136917003908 ], [ 109.348510924, -0.032035500999935 ], [ 109.348405434, -0.031817673999966 ], [ 109.348303929, -0.03160807399997 ], [ 109.348296715, -0.031593176999931 ], [ 109.348293664, -0.031586877999933 ], [ 109.34826244, -0.031522402999943 ], [ 109.348223489, -0.031441972999968 ], [ 109.348223076, -0.03144111999996 ], [ 109.348154249, -0.031298997999965 ], [ 109.348048793, -0.031081241999973 ], [ 109.348029402, -0.031041200999947 ], [ 109.347983158, -0.030945712999943 ], [ 109.347980733, -0.030940705999968 ], [ 109.347884147, -0.030741263999978 ], [ 109.347815471, -0.030599453999975 ], [ 109.347714255, -0.030390452999942 ], [ 109.347712863, -0.030387577999927 ], [ 109.347710089, -0.030381849999979 ], [ 109.347661208, -0.030280913999948 ], [ 109.347587676, -0.030129077999965 ], [ 109.347578558, -0.03011024999995 ], [ 109.34749479, -0.02993727599994 ], [ 109.347397472, -0.029736322999961 ], [ 109.347339617, -0.02961685799994 ], [ 109.347111507, -0.029145831999932 ], [ 109.346779049773403, -0.028459338406471 ], [ 109.346741753, -0.028382323999951 ], [ 109.346721473, -0.028340447999947 ], [ 109.346621325, -0.028133650999963 ], [ 109.347528176, -0.027860960999926 ], [ 109.347528239, -0.02786093599997 ], [ 109.347529425, -0.027860469999958 ], [ 109.34752945, -0.027860489999967 ], [ 109.34752949, -0.027860519999939 ], [ 109.347607056, -0.027829941999934 ], [ 109.34797559, -0.027684659999986 ], [ 109.348125055632963, -0.02789940793882 ], [ 109.34816601, -0.027958249999927 ], [ 109.34816605, -0.027958299999974 ], [ 109.348280225, -0.028096404999932 ], [ 109.34862796, -0.028517019999927 ], [ 109.348628, -0.028517059999958 ], [ 109.348841087, -0.02875813099996 ], [ 109.34896632, -0.028899809999924 ], [ 109.34911859, -0.029072069999936 ], [ 109.34924424, -0.029010859999968 ], [ 109.34932574, -0.029105449999979 ], [ 109.349357351, -0.029142129999974 ], [ 109.34939464, -0.029185399999966 ], [ 109.34967298, -0.029508379999928 ], [ 109.34982802, -0.02968826999996 ], [ 109.34982805, -0.029688299999985 ], [ 109.349832854, -0.029694312999937 ], [ 109.34984015, -0.02970344499994 ], [ 109.34986243, -0.029731329999944 ], [ 109.35016697, -0.030112469999953 ], [ 109.35026955, -0.030210479999939 ], [ 109.35031821, -0.03027219999995 ], [ 109.35031823, -0.030272229999988 ], [ 109.35052886, -0.03053947999996 ], [ 109.35055937, -0.030578239999956 ], [ 109.35055961, -0.030578539999965 ], [ 109.350578967, -0.030601796999984 ], [ 109.35064444, -0.030680459999926 ], [ 109.35079108, -0.030854989999964 ], [ 109.35111518, -0.031286719999975 ], [ 109.35115208, -0.031335879999982 ], [ 109.351152582, -0.031335610999975 ], [ 109.351386175, -0.031210586999979 ], [ 109.35143372, -0.031185139999945 ], [ 109.35163822, -0.031075679999961 ], [ 109.35190617, -0.030932469999929 ], [ 109.3522092, -0.030782849999984 ], [ 109.352221189, -0.030776256999967 ], [ 109.35241448, -0.030669969999971 ], [ 109.35241496, -0.030669709999928 ], [ 109.352755506, -0.030476847999989 ], [ 109.352894201406826, -0.030620746363483 ], [ 109.353004948, -0.030739176999939 ], [ 109.353449883547881, -0.031207371636249 ], [ 109.35355126, -0.031313849999944 ], [ 109.353563799, -0.031329272999926 ], [ 109.35360861, -0.031384389999975 ], [ 109.35360861, -0.031384539999982 ], [ 109.353676075, -0.031467474999952 ], [ 109.353678777, -0.031470795999952 ], [ 109.35367487, -0.031469493999971 ], [ 109.353841834848581, -0.031708760657678 ], [ 109.353864965, -0.031741906999977 ], [ 109.35386707, -0.031742350999938 ], [ 109.353868052, -0.031743942999936 ], [ 109.353935546, -0.031853413999954 ], [ 109.353936551, -0.031852803999931 ], [ 109.353936572, -0.031853895999974 ], [ 109.354066817928, -0.032059132286508 ], [ 109.354120621, -0.032143912999977 ], [ 109.354118047, -0.032146486999982 ], [ 109.35431499, -0.032446144999939 ], [ 109.354315766, -0.032447325999953 ], [ 109.354358298, -0.032409046999931 ], [ 109.354359931, -0.032409074999985 ], [ 109.354360919, -0.032409091999973 ], [ 109.35459752, -0.032755929999954 ], [ 109.35465751, -0.032843873999986 ], [ 109.35466145, -0.032849649999955 ], [ 109.35467689, -0.03287234999994 ], [ 109.354677132, -0.032872705999983 ], [ 109.35468028, -0.032877329999971 ], [ 109.35485293, -0.033131210999962 ], [ 109.354906883, -0.033210547999952 ], [ 109.35507408, -0.033456409999924 ], [ 109.35514185, -0.033556059999973 ], [ 109.355235281, -0.033693469999952 ], [ 109.35528304, -0.033763709999964 ], [ 109.35528313, -0.033763829999952 ], [ 109.355412549, -0.033932926999968 ], [ 109.35546435, -0.034000609999972 ], [ 109.355471234, -0.034009609999947 ], [ 109.35567505, -0.034276059999967 ], [ 109.35586286, -0.034521589999947 ], [ 109.355990637, -0.034647966999961 ], [ 109.35601253, -0.034669619999931 ], [ 109.35612674, -0.034782579999963 ], [ 109.356387704, -0.035040683999969 ], [ 109.35660022, -0.035250869999971 ], [ 109.35660917, -0.035259724999954 ], [ 109.356887288, -0.035534887999977 ], [ 109.35691559, -0.035562889999948 ], [ 109.356966, -0.035612539999932 ], [ 109.35698475, -0.035631 ], [ 109.35729758, -0.035924809999927 ], [ 109.35745163, -0.036069489999936 ], [ 109.35767134, -0.036276579999942 ], [ 109.35767164, -0.036276859999933 ], [ 109.35777092, -0.036395229999927 ], [ 109.357763366, -0.036400485999942 ], [ 109.35724304, -0.03676250999997 ], [ 109.35724963, -0.036775849999977 ], [ 109.35726531, -0.036807399999937 ], [ 109.35712401, -0.036922329999933 ], [ 109.35703133, -0.036997739999949 ], [ 109.35683902, -0.037135039999962 ], [ 109.356820079, -0.037148572999976 ], [ 109.356951668, -0.03733499099997 ], [ 109.356888471, -0.037379415999967 ], [ 109.356361878, -0.037749594999981 ], [ 109.356361796, -0.037749480999933 ], [ 109.356260978, -0.037846822999944 ], [ 109.355999447, -0.037491716999964 ], [ 109.35555042, -0.036882028 ], [ 109.354972352, -0.037225877999968 ], [ 109.354913148, -0.037266204999985 ], [ 109.354511651, -0.037539688999976 ], [ 109.353944121, -0.037746669999929 ], [ 109.353423329, -0.038053803999959 ], [ 109.352566939, -0.038510544999953 ], [ 109.352447656, -0.038369392999926 ], [ 109.35233351, -0.038234319999958 ], [ 109.352311813, -0.038199401999981 ], [ 109.352230398, -0.038068373999982 ], [ 109.352228975, -0.038066084 ], [ 109.352177664, -0.037983505999929 ], [ 109.352161084, -0.037956822999947 ], [ 109.352010513, -0.037714498999955 ], [ 109.351900228, -0.037537009999938 ], [ 109.351886583, -0.037515049999968 ], [ 109.351754027, -0.037301717999983 ], [ 109.351753177, -0.037300349999952 ], [ 109.351719983, -0.037246927999943 ], [ 109.351657919, -0.037147044999928 ], [ 109.351503786, -0.036898986999972 ], [ 109.351362812, -0.036672107999955 ], [ 109.351138069, -0.036310413999955 ], [ 109.351134895, -0.036305305999977 ], [ 109.351106623, -0.036259806999971 ], [ 109.350963208, -0.036028998999946 ], [ 109.350871432, -0.035881296999955 ], [ 109.350748148, -0.035682886999948 ], [ 109.35068571, -0.03558240199994 ], [ 109.350662754, -0.035545456999968 ], [ 109.350512077, -0.035302961999945 ], [ 109.350508065, -0.035296505999954 ], [ 109.350346581, -0.035036617999943 ], [ 109.350263794, -0.034903382999978 ], [ 109.350262895, -0.034901935999931 ], [ 109.350217866, -0.034829467999945 ], [ 109.350029783, -0.034526773999975 ] ] ] ] } },
{ "type": "Feature", "properties": { "fid": null, "gid": 611359.0, "kdprov": "61", "kdkab": "71", "kdkec": "030", "kddesa": "008", "iddesa": "6171030008", "nmprov": "KALIMANTAN BARAT", "nmkab": "PONTIANAK", "nmkec": "PONTIANAK BARAT", "nmdesa": "SUNGAI BELIUNG", "luas": 0.024254225743427001, "sumber": "", "periode": "2024_1", "layer": null, "path": null, "idkec": "6171030" }, "geometry": { "type": "MultiPolygon", "coordinates": [ [ [ [ 109.28539493, -0.016511229999936 ], [ 109.28545687, -0.016268719999979 ], [ 109.28547186, -0.016210039999984 ], [ 109.28549517, -0.016045759999937 ], [ 109.2855317, -0.015788359999939 ], [ 109.28554189, -0.01574526999997 ], [ 109.285580638, -0.01558143399995 ], [ 109.28559911, -0.015503329999946 ], [ 109.28565993, -0.015246209999933 ], [ 109.28567686, -0.015169489999956 ], [ 109.28583089, -0.014471699999945 ], [ 109.28590783, -0.014136079999968 ], [ 109.28590783, -0.013826279999935 ], [ 109.28590489, -0.01379668999994 ], [ 109.28589074, -0.013654169999947 ], [ 109.28586639, -0.013552019999964 ], [ 109.28583945, -0.013439029999974 ], [ 109.28581739, -0.013362299999931 ], [ 109.28574548, -0.013112229999933 ], [ 109.28574542, -0.013112009999935 ], [ 109.28573672, -0.01307136999998 ], [ 109.28573426, -0.013059869999959 ], [ 109.28564984, -0.012665609999952 ], [ 109.2856343, -0.012363319999967 ], [ 109.28565001, -0.012300069999986 ], [ 109.28570269, -0.012087939999958 ], [ 109.285746262, -0.01198375499996 ], [ 109.28576242, -0.011945119999957 ], [ 109.28579026, -0.011878579999971 ], [ 109.28580632, -0.011840169999972 ], [ 109.285830507, -0.011782337999939 ], [ 109.28583946, -0.011760929999977 ], [ 109.28615118, -0.011016539999954 ], [ 109.28619074, -0.010922059999928 ], [ 109.28620703, -0.010883159999934 ], [ 109.28629251, -0.010633599999949 ], [ 109.286373312, -0.010394984999959 ], [ 109.28640445, -0.010303029999936 ], [ 109.286412103, -0.010280427999929 ], [ 109.28642073, -0.010254949999929 ], [ 109.2864482, -0.01018703999996 ], [ 109.286579101, -0.009863434999943 ], [ 109.28668032, -0.009613209999941 ], [ 109.28671405, -0.009529825999947 ], [ 109.28672745, -0.009496699999943 ], [ 109.28683213, -0.009177769999956 ], [ 109.286882473, -0.009024376999946 ], [ 109.28689943, -0.00897270999996 ], [ 109.28689964, -0.008970889999947 ], [ 109.28690146, -0.008954989999948 ], [ 109.28690248, -0.008946091999981 ], [ 109.28692507, -0.008748969999944 ], [ 109.28692506, -0.008748869999984 ], [ 109.286922211, -0.008723032999979 ], [ 109.286932505, -0.008600978999938 ], [ 109.286956428, -0.008317311999975 ], [ 109.286962365, -0.008246914999971 ], [ 109.287000671, -0.007792719999947 ], [ 109.287019801, -0.007565887999931 ], [ 109.28703939, -0.007412639999929 ], [ 109.28703942, -0.007411979999973 ], [ 109.287045816, -0.007257424999985 ], [ 109.287110234, -0.006493611999933 ], [ 109.287070314, -0.00628070599994 ], [ 109.287069109, -0.006274277999982 ], [ 109.28704073, -0.006167149999955 ], [ 109.28703621, -0.006150069999934 ], [ 109.28703614, -0.006149939999949 ], [ 109.28695959, -0.006002809999933 ], [ 109.28694218, -0.005969349999933 ], [ 109.286921358, -0.005890749999945 ], [ 109.28691952, -0.00588380999995 ], [ 109.28690799, -0.005840259999953 ], [ 109.2869045, -0.005813199999982 ], [ 109.286875785, -0.005590157999968 ], [ 109.28687486, -0.005582969999981 ], [ 109.28687291, -0.005567849999978 ], [ 109.286868072, -0.00553026299998 ], [ 109.286877811, -0.005527594999938 ], [ 109.286858242, -0.005375559999957 ], [ 109.286823002, -0.005161499999927 ], [ 109.286765902, -0.004814689999932 ], [ 109.286733582, -0.004663108999982 ], [ 109.286726682, -0.004630749999936 ], [ 109.286718694, -0.004593284999945 ], [ 109.286661632, -0.004325669999957 ], [ 109.286659042, -0.004305589999943 ], [ 109.286656198, -0.004283562999949 ], [ 109.286619112, -0.003996319999945 ], [ 109.286614307, -0.003959112999951 ], [ 109.286595762, -0.003815479999964 ], [ 109.286589573, -0.003701862999944 ], [ 109.286586432, -0.003644189999937 ], [ 109.286586382, -0.003643379999968 ], [ 109.286577556, -0.003481393999951 ], [ 109.28640755, -0.003442534999987 ], [ 109.286393472, -0.003241921999972 ], [ 109.28646427, -0.002290000999955 ], [ 109.286502556, -0.001962108999978 ], [ 109.286535316, -0.001681540999929 ], [ 109.286571932, -0.00136794499997 ], [ 109.286609256, -0.001048286999948 ], [ 109.286641686, -0.00077054499997 ], [ 109.286680723, -0.000436216999954 ], [ 109.286679641, -0.000436114999959 ], [ 109.286710627, -0.000200457999943 ], [ 109.286382983, -0.000165557999941 ], [ 109.286382983, -0.000081355999959 ], [ 109.286382983, 0.00026071900004 ], [ 109.286382983, 0.000516728000031 ], [ 109.286521561, 0.001964097000032 ], [ 109.28653189, 0.001987925000029 ], [ 109.287710719, 0.004707401000063 ], [ 109.288076713, 0.00555172400004 ], [ 109.288107508, 0.005597916000058 ], [ 109.288564344, 0.005382934000059 ], [ 109.288566321, 0.005382004000067 ], [ 109.288578507, 0.005376270000061 ], [ 109.288582623, 0.005386540000064 ], [ 109.288851923, 0.005313701000026 ], [ 109.289647152, 0.005098610000063 ], [ 109.289814865, 0.005053248000029 ], [ 109.290057791424971, 0.004987541991456 ], [ 109.29015963, 0.004959997000066 ], [ 109.292454286, 0.004339348000029 ], [ 109.292483872, 0.004331346000077 ], [ 109.292825012, 0.00423907500004 ], [ 109.292845874, 0.004233432000032 ], [ 109.293068033, 0.00417334300005 ], [ 109.293245276, 0.004125404000034 ], [ 109.293419428, 0.004078299000063 ], [ 109.293519639, 0.004051195000047 ], [ 109.293754647, 0.003987631000024 ], [ 109.29391462, 0.003944362000033 ], [ 109.294456765, 0.003797724000026 ], [ 109.294702814, 0.003731174000048 ], [ 109.295230756, 0.003588378000063 ], [ 109.295715017, 0.003457397000026 ], [ 109.296161092, 0.003336745000073 ], [ 109.296702855, 0.003236221000061 ], [ 109.298052122, 0.002985867000063 ], [ 109.29812603, 0.002972153000023 ], [ 109.298259506, 0.002947387000061 ], [ 109.298608136, 0.002882699000046 ], [ 109.298931856, 0.002822633000043 ], [ 109.299539909, 0.002709810000044 ], [ 109.29953952, 0.002707028000025 ], [ 109.299637093, 0.002689288000049 ], [ 109.299820252, 0.002655986000021 ], [ 109.29982128, 0.002655799000013 ], [ 109.299988702, 0.002625359000031 ], [ 109.299988904, 0.002626499000024 ], [ 109.300206551, 0.002586115000032 ], [ 109.300655417, 0.002504138000057 ], [ 109.300902756, 0.002459167000039 ], [ 109.301480423, 0.00235413700005 ], [ 109.301484179, 0.002353454000061 ], [ 109.301938858, 0.002270785000054 ], [ 109.301940447, 0.00227049600005 ], [ 109.303378687, 0.002059554000023 ], [ 109.303412551, 0.002054587000034 ], [ 109.304202509, 0.00193872700003 ], [ 109.304353017, 0.001916652000039 ], [ 109.304354362, 0.001916455000069 ], [ 109.305369339, 0.001767592000012 ], [ 109.305372979, 0.00176705800003 ], [ 109.30675358, 0.001564570000021 ], [ 109.306760352, 0.001563577000072 ], [ 109.307189986, 0.001500564000028 ], [ 109.307573343, 0.001444338000055 ], [ 109.307993301, 0.001382744000059 ], [ 109.307999877, 0.001381780000029 ], [ 109.308340461, 0.001331827000058 ], [ 109.308529702, 0.001304072000033 ], [ 109.308544673, 0.001300996000052 ], [ 109.308547949, 0.001300323000061 ], [ 109.308922622, 0.001223335000011 ], [ 109.308928011, 0.001222228000067 ], [ 109.308937899, 0.001220196000019 ], [ 109.309261658, 0.001153670000059 ], [ 109.309266862, 0.001152601000048 ], [ 109.309626269, 0.001078750000029 ], [ 109.309631515, 0.001077672000071 ], [ 109.31006536, 0.000988526000063 ], [ 109.310066402, 0.000988312000057 ], [ 109.310235916, 0.000953480000013 ], [ 109.310236131, 0.000953436000023 ], [ 109.3105722, 0.000884381000046 ], [ 109.310575067, 0.000883792000025 ], [ 109.310587101, 0.000881319000027 ], [ 109.310897899, 0.000817456000051 ], [ 109.311297508, 0.000735345000056 ], [ 109.311789348, 0.000634282000026 ], [ 109.311790419, 0.000634062000072 ], [ 109.312009954, 0.00058895200005 ], [ 109.312356996, 0.000517642000031 ], [ 109.312482487, 0.000491856000048 ], [ 109.311796151878838, -0.00195229262958 ], [ 109.311721198, -0.002137822999939 ], [ 109.311721167, -0.002138005999949 ], [ 109.311687395, -0.002255443999963 ], [ 109.31161112, -0.00247755 ], [ 109.31148069, -0.002792909999924 ], [ 109.31145337, -0.002854329999944 ], [ 109.31145116, -0.002934989999976 ], [ 109.31145111, -0.002936579999933 ], [ 109.31146497, -0.003023699999973 ], [ 109.31153113, -0.003150279999945 ], [ 109.31152272, -0.003203339999971 ], [ 109.311493244176205, -0.003329172689493 ], [ 109.311485164, -0.00338647099994 ], [ 109.3114851, -0.003386919999977 ], [ 109.31147373, -0.003475479999966 ], [ 109.31145346, -0.003521419999977 ], [ 109.31145332, -0.003576949999976 ], [ 109.31145332, -0.003577199999942 ], [ 109.31141788, -0.003633279999985 ], [ 109.31141765, -0.003633149999928 ], [ 109.31130002, -0.003708479999947 ], [ 109.31126336, -0.003766439999943 ], [ 109.31123797, -0.003909239999926 ], [ 109.311219705, -0.00395669499995 ], [ 109.31114078, -0.00403045999997 ], [ 109.3111366, -0.004034349999927 ], [ 109.31112611, -0.004046119999943 ], [ 109.31105712, -0.004123089999949 ], [ 109.31105032, -0.004189939999952 ], [ 109.31105043, -0.004190489999939 ], [ 109.31105033, -0.004191519999954 ], [ 109.311107608379601, -0.004303872124056 ], [ 109.31110244, -0.004421099999949 ], [ 109.31107846, -0.004518119999941 ], [ 109.31105016, -0.004570659999961 ], [ 109.31102901, -0.004628669999934 ], [ 109.31098955, -0.004686299999949 ], [ 109.31096619, -0.004716259999951 ], [ 109.31094261, -0.004748839999937 ], [ 109.31088115, -0.004855809999931 ], [ 109.3108783, -0.004911369999949 ], [ 109.31087356, -0.004949149999963 ], [ 109.31084379, -0.005037179999942 ], [ 109.31073843, -0.005264849999948 ], [ 109.31071829, -0.005401189999934 ], [ 109.31070043, -0.005506339999954 ], [ 109.31066967, -0.005595689999954 ], [ 109.31065607, -0.005696229999961 ], [ 109.31065882, -0.005825959999933 ], [ 109.31066078, -0.005918109999924 ], [ 109.31057375, -0.00600805999995 ], [ 109.31053933, -0.006065369999935 ], [ 109.31055227, -0.006300199999948 ], [ 109.31063961, -0.00671487999995 ], [ 109.310649108, -0.006752609999981 ], [ 109.31071569, -0.007000709999954 ], [ 109.310721337934837, -0.007073321881538 ], [ 109.31072481, -0.007117959999967 ], [ 109.310726105352302, -0.007213311387715 ], [ 109.31072712, -0.007288 ], [ 109.31072441, -0.007392259999963 ], [ 109.31070883, -0.007525539999968 ], [ 109.31071005, -0.007565729999965 ], [ 109.3106967, -0.007656329999976 ], [ 109.31069682, -0.007656329999976 ], [ 109.31069681, -0.007656399999973 ], [ 109.3106967, -0.007656399999973 ], [ 109.31068831, -0.007689849999967 ], [ 109.310687624, -0.007694840999935 ], [ 109.31066492, -0.007860049999972 ], [ 109.31064251, -0.007898459999983 ], [ 109.31062619, -0.007964389999924 ], [ 109.31061319, -0.007999799999933 ], [ 109.31058843, -0.008067 ], [ 109.31056033, -0.00814974999997 ], [ 109.310549079641106, -0.008182872076133 ], [ 109.3105423471915, -0.008202693035016 ], [ 109.310541761034031, -0.008204418777572 ], [ 109.310466941698706, -0.008443244408409 ], [ 109.31046591, -0.008446589999955 ], [ 109.31044071, -0.008580149999945 ], [ 109.31040773, -0.008653 ], [ 109.31040642, -0.008655899999956 ], [ 109.31038594, -0.00874769999996 ], [ 109.31035187, -0.008848008999966 ], [ 109.31034204, -0.008876949999951 ], [ 109.31034219, -0.008877009999933 ], [ 109.310332157938163, -0.008905413425627 ], [ 109.31029223, -0.009018459999935 ], [ 109.31029184, -0.009018149999969 ], [ 109.31027779, -0.009047399999927 ], [ 109.31025774, -0.009089079999972 ], [ 109.310250878, -0.009116984999942 ], [ 109.31024592, -0.009137149999961 ], [ 109.31022997, -0.009202679999936 ], [ 109.31020895, -0.009263148999943 ], [ 109.31018186, -0.00934107999996 ], [ 109.31012358, -0.009493189999944 ], [ 109.31010391, -0.009549412999951 ], [ 109.31008807, -0.009594689999976 ], [ 109.31007298, -0.009639179999971 ], [ 109.310045433, -0.009717167999955 ], [ 109.31004368, -0.009722129999939 ], [ 109.31004385, -0.00972219999994 ], [ 109.31004291, -0.009724899999984 ], [ 109.31002866, -0.00976584999996 ], [ 109.3100207, -0.009788799999975 ], [ 109.31001919, -0.00979316999997 ], [ 109.31000791, -0.009821549999969 ], [ 109.310007059, -0.009823898999979 ], [ 109.31000676, -0.009824719999928 ], [ 109.30999797, -0.009846749999949 ], [ 109.309981935, -0.009886950999941 ], [ 109.309980856, -0.009889655999936 ], [ 109.3099129, -0.010060019999976 ], [ 109.30988826, -0.01011544999995 ], [ 109.30987125, -0.010153709999938 ], [ 109.309870762, -0.010154808999977 ], [ 109.309838996, -0.010226262999946 ], [ 109.30983813, -0.010228209999979 ], [ 109.309837888, -0.010228145999982 ], [ 109.309835265, -0.010235138999977 ], [ 109.309774875, -0.010396117999968 ], [ 109.309729353, -0.010543108999974 ], [ 109.309716511, -0.010573447999945 ], [ 109.309712848, -0.010585351999964 ], [ 109.309712715, -0.010585782999955 ], [ 109.309689614, -0.01066085399998 ], [ 109.309667047, -0.010734188999947 ], [ 109.309638769, -0.01083132199995 ], [ 109.309638421, -0.010832340999975 ], [ 109.309623218, -0.010876831999958 ], [ 109.30961826, -0.010893049999943 ], [ 109.30957355, -0.011033069999939 ], [ 109.3095495, -0.011107559999972 ], [ 109.30953405, -0.011152579999939 ], [ 109.309523485, -0.011183366999938 ], [ 109.309512918, -0.01121415999996 ], [ 109.309511008, -0.011219724999932 ], [ 109.309510979, -0.011219808999961 ], [ 109.309503105, -0.011242755999952 ], [ 109.30945015, -0.011397069999932 ], [ 109.30942819, -0.011476559999954 ], [ 109.3094215, -0.011500669999979 ], [ 109.30938158, -0.011643379999963 ], [ 109.30936473, -0.011693559999974 ], [ 109.3093474, -0.011746339999943 ], [ 109.309331539, -0.011834869999977 ], [ 109.30933115, -0.011837039999933 ], [ 109.309321118, -0.011893030999942 ], [ 109.309320938, -0.01189403399996 ], [ 109.30931472, -0.01192873999998 ], [ 109.30930998, -0.011955269999932 ], [ 109.30928541, -0.012092859999943 ], [ 109.309285194, -0.012094071999975 ], [ 109.30928492, -0.012095609999964 ], [ 109.309263595, -0.01226027299993 ], [ 109.30926348, -0.012261159999976 ], [ 109.309226396, -0.012548573999935 ], [ 109.30918269, -0.012887309999943 ], [ 109.30917432, -0.012983379999983 ], [ 109.30916835, -0.013058576999929 ], [ 109.30916802, -0.013062729999952 ], [ 109.30916789, -0.013062679999968 ], [ 109.30916786, -0.013063089999958 ], [ 109.30916726, -0.013072279999965 ], [ 109.309154102, -0.013237990999928 ], [ 109.30914086, -0.013404759999954 ], [ 109.309121947, -0.013649320999956 ], [ 109.3091202, -0.013671909999977 ], [ 109.309110618, -0.013848231999929 ], [ 109.30910999, -0.013859779999961 ], [ 109.309093127, -0.014178047999962 ], [ 109.30908928, -0.014250648999968 ], [ 109.30908312, -0.014366899999971 ], [ 109.309079965, -0.014426449999976 ], [ 109.30906502, -0.014708519999944 ], [ 109.309062577, -0.014752035999949 ], [ 109.309058833, -0.014818727999969 ], [ 109.30903418, -0.015257809999977 ], [ 109.309032517, -0.015277225999967 ], [ 109.30899919, -0.015666389999989 ], [ 109.308997496, -0.015686118999947 ], [ 109.30899749, -0.01568619199998 ], [ 109.30899747, -0.015686429999968 ], [ 109.30899746, -0.015686589999969 ], [ 109.3089865, -0.015683859999967 ], [ 109.30896434, -0.015678669999952 ], [ 109.30896322, -0.015690469999924 ], [ 109.30896405, -0.015678669999952 ], [ 109.30890565, -0.015663989999951 ], [ 109.30646716, -0.015058589999971 ], [ 109.305689624, -0.014865584999949 ], [ 109.3056892, -0.014865479999976 ], [ 109.30568917, -0.014866069999934 ], [ 109.305675159, -0.015144299999979 ], [ 109.305672351, -0.015200029999962 ], [ 109.305672085, -0.01520532099995 ], [ 109.305655054, -0.015543530999937 ], [ 109.30565364, -0.015571609999938 ], [ 109.30563894, -0.015889610999978 ], [ 109.30563769, -0.015916659999968 ], [ 109.305631557, -0.016012527999975 ], [ 109.305457673, -0.015990091999937 ], [ 109.305395306, -0.016008616999956 ], [ 109.30539507, -0.016008179999974 ], [ 109.3051558, -0.016033499999945 ], [ 109.30512217, -0.016037059999976 ], [ 109.30508898, -0.016050549999933 ], [ 109.304683613, -0.016215312999971 ], [ 109.304535713, -0.016275427999971 ], [ 109.304160529, -0.016427922999977 ], [ 109.30405002, -0.016472839999959 ], [ 109.303867076, -0.016547443999978 ], [ 109.303439153, -0.016721949999979 ], [ 109.30340806, -0.01673462999997 ], [ 109.303159826, -0.016835859999961 ], [ 109.30316017, -0.016833797999931 ], [ 109.303132309, -0.016804297999957 ], [ 109.302871723, -0.016894437999962 ], [ 109.302871755, -0.01689449199995 ], [ 109.302550498, -0.017005882999972 ], [ 109.302548859, -0.017004243999967 ], [ 109.302216161, -0.017127161999952 ], [ 109.302212317, -0.01712635299998 ], [ 109.30217444, -0.017143691999937 ], [ 109.30219754, -0.017193919999953 ], [ 109.30219688, -0.017196969999924 ], [ 109.3021944, -0.017208339999965 ], [ 109.302130462494063, -0.017498222327735 ], [ 109.30212476570621, -0.017524590415845 ], [ 109.302160302458276, -0.017559274670731 ], [ 109.30213168739273, -0.017708645312671 ], [ 109.302083614082676, -0.01795349488985 ], [ 109.302031671180359, -0.017946074475236 ], [ 109.30195858, -0.018277269999942 ], [ 109.30195836, -0.018278269999944 ], [ 109.30194946, -0.018318598999951 ], [ 109.301948264911985, -0.01832401446813 ], [ 109.302002186128462, -0.018338756194915 ], [ 109.302042128124981, -0.018351420730398 ], [ 109.302046712649073, -0.018537093956053 ], [ 109.302042128124981, -0.018773196946701 ], [ 109.301955507838116, -0.018753707382157 ], [ 109.301949008000065, -0.018931369622095 ], [ 109.301946674390919, -0.019001377896351 ], [ 109.301942007172642, -0.01915072888143 ], [ 109.301906267739668, -0.019174122507019 ], [ 109.301764846, -0.019253599999965 ], [ 109.30117292, -0.019524159999941 ], [ 109.30117222, -0.019524479999978 ], [ 109.300854712, -0.019669606999974 ], [ 109.30079349, -0.01969758999997 ], [ 109.30037372, -0.019889469999952 ], [ 109.30036121, -0.019895189999945 ], [ 109.30030713, -0.019875109999933 ], [ 109.300041104, -0.019776312999972 ], [ 109.29990369, -0.01972527999994 ], [ 109.2996867, -0.019644699999967 ], [ 109.29953815, -0.019589529999969 ], [ 109.29765058, -0.018888529999969 ], [ 109.297523599, -0.018841378999985 ], [ 109.29753788, -0.018811759999952 ], [ 109.29753795, -0.018811629999965 ], [ 109.29753766, -0.018811519999937 ], [ 109.29755868, -0.018768629999961 ], [ 109.29761184, -0.018658386999957 ], [ 109.297748833, -0.018374288999953 ], [ 109.29782326, -0.018219939999939 ], [ 109.29782631, -0.01821356999995 ], [ 109.297871615, -0.018118919999946 ], [ 109.29789327, -0.018073679999937 ], [ 109.297909842, -0.018032659999962 ], [ 109.297928952, -0.017985357999976 ], [ 109.297962511047629, -0.017902289801818 ], [ 109.298084362, -0.017600673999945 ], [ 109.298180108, -0.017363674999953 ], [ 109.29818998, -0.017339239999964 ], [ 109.298218659, -0.017266276999985 ], [ 109.29827219, -0.017130089999967 ], [ 109.29830857, -0.017037545999937 ], [ 109.29831744, -0.017014981999987 ], [ 109.29843593, -0.01671355999998 ], [ 109.298435672, -0.016663680999963 ], [ 109.29843429, -0.016396589999945 ], [ 109.29843422, -0.016383549999951 ], [ 109.298419781, -0.016235645999931 ], [ 109.29838292, -0.015858059999981 ], [ 109.29838184, -0.015850179999974 ], [ 109.29838064, -0.015837629999963 ], [ 109.29837645, -0.015809349999925 ], [ 109.29837675, -0.015809349999925 ], [ 109.298376479, -0.015807407999949 ], [ 109.298356399, -0.015663300999964 ], [ 109.29833874, -0.015536569999936 ], [ 109.298333053, -0.015495175999952 ], [ 109.2983326, -0.015491879999963 ], [ 109.29833252, -0.015491869999956 ], [ 109.29827248, -0.015060629999947 ], [ 109.29827214, -0.015060648999969 ], [ 109.29824448, -0.014857081999936 ], [ 109.29824225, -0.014840669999955 ], [ 109.298230519, -0.014743794999964 ], [ 109.29820519, -0.014534629999966 ], [ 109.29820195, -0.014506482999935 ], [ 109.298197292, -0.01446600799995 ], [ 109.298196825, -0.014461949999948 ], [ 109.29818427, -0.014352869999928 ], [ 109.298177519, -0.014280110999951 ], [ 109.298163626, -0.014130375999968 ], [ 109.29815258, -0.014011319999956 ], [ 109.29815256, -0.014009129999984 ], [ 109.29815172, -0.014001759999936 ], [ 109.29815108, -0.013893149999951 ], [ 109.29815025, -0.013751189999939 ], [ 109.298148561, -0.013657986999927 ], [ 109.29814603, -0.013518369999941 ], [ 109.298144626, -0.013441068999955 ], [ 109.29814288, -0.013344939999967 ], [ 109.298123209, -0.013352203999952 ], [ 109.298116138, -0.013354814999955 ], [ 109.298117058, -0.013364757999968 ], [ 109.294888532617108, -0.014633292603731 ], [ 109.294363502513903, -0.014839584571407 ], [ 109.2942961, -0.014866067999947 ], [ 109.294281562732337, -0.014871779905021 ], [ 109.293718128, -0.015093601999984 ], [ 109.293038653, -0.01537761199996 ], [ 109.29302021, -0.015385329999964 ], [ 109.292752711, -0.01549714499993 ], [ 109.291912884, -0.015850596999942 ], [ 109.291527862487598, -0.01601263846831 ], [ 109.289792557092071, -0.016742965022285 ], [ 109.289404326816936, -0.016906356941495 ], [ 109.288303038749717, -0.01736984879782 ], [ 109.28568723, -0.018470746999927 ], [ 109.285608976, -0.018503680999972 ], [ 109.285606495413546, -0.018488797471644 ], [ 109.285349143, -0.016944681999972 ], [ 109.285353976, -0.016916221999967 ], [ 109.285360194, -0.01687960699997 ], [ 109.28535718, -0.016821899999973 ], [ 109.28535222, -0.016727059999944 ], [ 109.28535219, -0.016726369999963 ], [ 109.28537058, -0.016633779999949 ], [ 109.28539493, -0.016511229999936 ] ] ] ] } },
{ "type": "Feature", "properties": { "fid": null, "gid": 611680.0, "kdprov": "61", "kdkab": "71", "kdkec": "030", "kddesa": "007", "iddesa": "6171030007", "nmprov": "KALIMANTAN BARAT", "nmkab": "PONTIANAK", "nmkec": "PONTIANAK BARAT", "nmdesa": "SUNGAI JAWI LUAR", "luas": 0.049110434977035003, "sumber": "", "periode": "2024_1", "layer": null, "path": null, "idkec": "6171030" }, "geometry": { "type": "MultiPolygon", "coordinates": [ [ [ [ 109.309512918, -0.01121415999996 ], [ 109.309523485, -0.011183366999938 ], [ 109.30953405, -0.011152579999939 ], [ 109.3095495, -0.011107559999972 ], [ 109.30957355, -0.011033069999939 ], [ 109.30961826, -0.010893049999943 ], [ 109.309623218, -0.010876831999958 ], [ 109.309638421, -0.010832340999975 ], [ 109.309638769, -0.01083132199995 ], [ 109.309667047, -0.010734188999947 ], [ 109.309689614, -0.01066085399998 ], [ 109.309712715, -0.010585782999955 ], [ 109.309712848, -0.010585351999964 ], [ 109.309716511, -0.010573447999945 ], [ 109.309729353, -0.010543108999974 ], [ 109.309774875, -0.010396117999968 ], [ 109.309835265, -0.010235138999977 ], [ 109.309837888, -0.010228145999982 ], [ 109.30983813, -0.010228209999979 ], [ 109.309838996, -0.010226262999946 ], [ 109.309870762, -0.010154808999977 ], [ 109.30987125, -0.010153709999938 ], [ 109.30988826, -0.01011544999995 ], [ 109.3099129, -0.010060019999976 ], [ 109.309980856, -0.009889655999936 ], [ 109.309981935, -0.009886950999941 ], [ 109.30999797, -0.009846749999949 ], [ 109.31000676, -0.009824719999928 ], [ 109.310007059, -0.009823898999979 ], [ 109.31000791, -0.009821549999969 ], [ 109.31001919, -0.00979316999997 ], [ 109.3100207, -0.009788799999975 ], [ 109.31002866, -0.00976584999996 ], [ 109.31004291, -0.009724899999984 ], [ 109.31004385, -0.00972219999994 ], [ 109.31004368, -0.009722129999939 ], [ 109.310045433, -0.009717167999955 ], [ 109.31007298, -0.009639179999971 ], [ 109.31008807, -0.009594689999976 ], [ 109.31010391, -0.009549412999951 ], [ 109.31012358, -0.009493189999944 ], [ 109.31018186, -0.00934107999996 ], [ 109.31020895, -0.009263148999943 ], [ 109.31022997, -0.009202679999936 ], [ 109.31024592, -0.009137149999961 ], [ 109.310250878, -0.009116984999942 ], [ 109.31025774, -0.009089079999972 ], [ 109.31027779, -0.009047399999927 ], [ 109.31029184, -0.009018149999969 ], [ 109.31029223, -0.009018459999935 ], [ 109.310332157938163, -0.008905413425627 ], [ 109.31034219, -0.008877009999933 ], [ 109.31034204, -0.008876949999951 ], [ 109.31035187, -0.008848008999966 ], [ 109.31038594, -0.00874769999996 ], [ 109.31040642, -0.008655899999956 ], [ 109.31040773, -0.008653 ], [ 109.31044071, -0.008580149999945 ], [ 109.31046591, -0.008446589999955 ], [ 109.310466941698706, -0.008443244408409 ], [ 109.310541761034031, -0.008204418777572 ], [ 109.3105423471915, -0.008202693035016 ], [ 109.310549079641106, -0.008182872076133 ], [ 109.31056033, -0.00814974999997 ], [ 109.31058843, -0.008067 ], [ 109.31061319, -0.007999799999933 ], [ 109.31062619, -0.007964389999924 ], [ 109.31064251, -0.007898459999983 ], [ 109.31066492, -0.007860049999972 ], [ 109.310687624, -0.007694840999935 ], [ 109.31068831, -0.007689849999967 ], [ 109.3106967, -0.007656399999973 ], [ 109.31069681, -0.007656399999973 ], [ 109.31069682, -0.007656329999976 ], [ 109.3106967, -0.007656329999976 ], [ 109.31071005, -0.007565729999965 ], [ 109.31070883, -0.007525539999968 ], [ 109.31072441, -0.007392259999963 ], [ 109.31072712, -0.007288 ], [ 109.310726105352302, -0.007213311387715 ], [ 109.31072481, -0.007117959999967 ], [ 109.310721337934837, -0.007073321881538 ], [ 109.31071569, -0.007000709999954 ], [ 109.310649108, -0.006752609999981 ], [ 109.31063961, -0.00671487999995 ], [ 109.31055227, -0.006300199999948 ], [ 109.31053933, -0.006065369999935 ], [ 109.31057375, -0.00600805999995 ], [ 109.31066078, -0.005918109999924 ], [ 109.31065882, -0.005825959999933 ], [ 109.31065607, -0.005696229999961 ], [ 109.31066967, -0.005595689999954 ], [ 109.31070043, -0.005506339999954 ], [ 109.31071829, -0.005401189999934 ], [ 109.31073843, -0.005264849999948 ], [ 109.31084379, -0.005037179999942 ], [ 109.31087356, -0.004949149999963 ], [ 109.3108783, -0.004911369999949 ], [ 109.31088115, -0.004855809999931 ], [ 109.31094261, -0.004748839999937 ], [ 109.31096619, -0.004716259999951 ], [ 109.31098955, -0.004686299999949 ], [ 109.31102901, -0.004628669999934 ], [ 109.31105016, -0.004570659999961 ], [ 109.31107846, -0.004518119999941 ], [ 109.31110244, -0.004421099999949 ], [ 109.311107608379601, -0.004303872124056 ], [ 109.31105033, -0.004191519999954 ], [ 109.31105043, -0.004190489999939 ], [ 109.31105032, -0.004189939999952 ], [ 109.31105712, -0.004123089999949 ], [ 109.31112611, -0.004046119999943 ], [ 109.3111366, -0.004034349999927 ], [ 109.31114078, -0.00403045999997 ], [ 109.311219705, -0.00395669499995 ], [ 109.31123797, -0.003909239999926 ], [ 109.31126336, -0.003766439999943 ], [ 109.31130002, -0.003708479999947 ], [ 109.31141765, -0.003633149999928 ], [ 109.31141788, -0.003633279999985 ], [ 109.31145332, -0.003577199999942 ], [ 109.31145332, -0.003576949999976 ], [ 109.31145346, -0.003521419999977 ], [ 109.31147373, -0.003475479999966 ], [ 109.3114851, -0.003386919999977 ], [ 109.311485164, -0.00338647099994 ], [ 109.311493244176205, -0.003329172689493 ], [ 109.31152272, -0.003203339999971 ], [ 109.31153113, -0.003150279999945 ], [ 109.31146497, -0.003023699999973 ], [ 109.31145111, -0.002936579999933 ], [ 109.31145116, -0.002934989999976 ], [ 109.31145337, -0.002854329999944 ], [ 109.31148069, -0.002792909999924 ], [ 109.31161112, -0.00247755 ], [ 109.311687395, -0.002255443999963 ], [ 109.311721167, -0.002138005999949 ], [ 109.311721198, -0.002137822999939 ], [ 109.311796151878838, -0.00195229262958 ], [ 109.312482487, 0.000491856000048 ], [ 109.312574935, 0.00047286000006 ], [ 109.312721825, 0.000442677000025 ], [ 109.313011874, 0.000383078000026 ], [ 109.313045165, 0.000376237000076 ], [ 109.313215023, 0.000341335000018 ], [ 109.313264435, 0.000331182000027 ], [ 109.313494356, 0.000283938000052 ], [ 109.313613233, 0.000259511000017 ], [ 109.313628959, 0.000256280000035 ], [ 109.313806585, 0.000219781000045 ], [ 109.314097628, 0.000159978000059 ], [ 109.314106741, 0.000158105000015 ], [ 109.314350392, 0.000108040000028 ], [ 109.314753368, 0.000025237000048 ], [ 109.314943243, -0.00001377899998 ], [ 109.314994446, -0.000040303999931 ], [ 109.314995146, -0.00004066699996 ], [ 109.315743782, -0.000428498999951 ], [ 109.31591589, -0.000517659999956 ], [ 109.316503997443093, -0.000822329309885 ], [ 109.316660681390815, -0.000903499703612 ], [ 109.317882992, -0.001536718999955 ], [ 109.318171071, -0.001685958999934 ], [ 109.318664209, -0.001941429999928 ], [ 109.318955022, -0.002092085999953 ], [ 109.320314318, -0.002796270999964 ], [ 109.32050975, -0.002897514999975 ], [ 109.320689454, -0.002990610999983 ], [ 109.320770194, -0.003032437999945 ], [ 109.320978858, -0.00314053699998 ], [ 109.320979186, -0.003140706999946 ], [ 109.321723762, -0.003632015999931 ], [ 109.321841608, -0.003735934999948 ], [ 109.322067582, -0.003935201999985 ], [ 109.322355688, -0.004189258999935 ], [ 109.322698296, -0.004491376999963 ], [ 109.322710942, -0.004502527999931 ], [ 109.322711215, -0.004502767999955 ], [ 109.322992273, -0.004750610999969 ], [ 109.323133579, -0.004875216999951 ], [ 109.323135869, -0.004877236999964 ], [ 109.323358547, -0.005073597999963 ], [ 109.323726193, -0.005397794999968 ], [ 109.323726275, -0.005397866999942 ], [ 109.324241217, -0.005851951999948 ], [ 109.324463751, -0.006048185999929 ], [ 109.324507433, -0.006086705999968 ], [ 109.324735799, -0.006288082999964 ], [ 109.325055353, -0.006569870999959 ], [ 109.325439706, -0.006908799999958 ], [ 109.325518818, -0.006978561999978 ], [ 109.325635105, -0.007081105999934 ], [ 109.325888482, -0.007304538999965 ], [ 109.32588856, -0.007304606999987 ], [ 109.326188905, -0.007569457999984 ], [ 109.326524983, -0.007853831999972 ], [ 109.326760108, -0.008052783999971 ], [ 109.326859976, -0.008137287999944 ], [ 109.326868033, -0.00814410499994 ], [ 109.327807839622679, -0.008939551889344 ], [ 109.3279449, -0.009055558999931 ], [ 109.327945035, -0.00905541299994 ], [ 109.32795412, -0.009063100999926 ], [ 109.327988471, -0.009092166999947 ], [ 109.328033305, -0.00913010399995 ], [ 109.328034175, -0.009129223999933 ], [ 109.328241279, -0.009304292999958 ], [ 109.328281937, -0.009340484999947 ], [ 109.328604464, -0.009613391999955 ], [ 109.328609183, -0.009617384999961 ], [ 109.329174593, -0.010095808999954 ], [ 109.329174649, -0.010095855999969 ], [ 109.329752609435772, -0.01058489990414 ], [ 109.329756415, -0.010588119999975 ], [ 109.330289548, -0.01103923299997 ], [ 109.330289887, -0.011039519999945 ], [ 109.330918697, -0.011571588999969 ], [ 109.331690192, -0.012224392999939 ], [ 109.331697455, -0.012230538999978 ], [ 109.331822252, -0.012336136999976 ], [ 109.331832052, -0.012344428999942 ], [ 109.331901137, -0.012402885999962 ], [ 109.332039201, -0.012519708999952 ], [ 109.332193311, -0.012650109999929 ], [ 109.332372851, -0.012802027999949 ], [ 109.332591087, -0.012986688999948 ], [ 109.332904219, -0.013251645999965 ], [ 109.333152555, -0.013461776999978 ], [ 109.333253861, -0.013547496999934 ], [ 109.333269277, -0.013560541999933 ], [ 109.333968907, -0.014152535999936 ], [ 109.334378056, -0.014498738999972 ], [ 109.33455704, -0.014650187999973 ], [ 109.334671358, -0.014746917999967 ], [ 109.333527168, -0.016425591999967 ], [ 109.333526993, -0.016425847999933 ], [ 109.33352631, -0.016426849999958 ], [ 109.333526315, -0.016426889999939 ], [ 109.333522498, -0.016431547999968 ], [ 109.333518287, -0.01643674199994 ], [ 109.33318717, -0.016845129999978 ], [ 109.33318566, -0.016847319999962 ], [ 109.33318493, -0.016848219999932 ], [ 109.33318024, -0.016855189999944 ], [ 109.33312364, -0.016937349999985 ], [ 109.33310714, -0.016963769999964 ], [ 109.33296225, -0.017178969999985 ], [ 109.33281832, -0.017424329999936 ], [ 109.33281746, -0.017425779999939 ], [ 109.33281758, -0.017425719999946 ], [ 109.33281745, -0.017425809999961 ], [ 109.33281421, -0.017427569999949 ], [ 109.33280029, -0.017435199999972 ], [ 109.33276803, -0.017452869999946 ], [ 109.332680248, -0.017520750999953 ], [ 109.332360943, -0.017268482999952 ], [ 109.332341131, -0.017295786999967 ], [ 109.332334952, -0.017290909999935 ], [ 109.332287134, -0.017363045999961 ], [ 109.332240368, -0.017433594999946 ], [ 109.332232758, -0.017427138999953 ], [ 109.332062858, -0.017282995999956 ], [ 109.331798122, -0.017593943999938 ], [ 109.33165958, -0.017635439999932 ], [ 109.33159151, -0.017655949999947 ], [ 109.33159122, -0.01765590999998 ], [ 109.33159015, -0.017656229999952 ], [ 109.33119416, -0.017609619999975 ], [ 109.33103355, -0.017590899999959 ], [ 109.33102761, -0.017590199999971 ], [ 109.331012473, -0.017590304999941 ], [ 109.33090459, -0.017591049999965 ], [ 109.33085673, -0.017591379999942 ], [ 109.3304897, -0.017593919999974 ], [ 109.330439621, -0.017572425999963 ], [ 109.330281332, -0.017504489999977 ], [ 109.33023061, -0.017482719999983 ], [ 109.33021472, -0.017475899999971 ], [ 109.33021455, -0.017476119999973 ], [ 109.3300287, -0.01739606999996 ], [ 109.32994456, -0.017359959999965 ], [ 109.329902773, -0.017341950999941 ], [ 109.329897139, -0.017339522999979 ], [ 109.329847504, -0.017275458999958 ], [ 109.329742749, -0.01727951899994 ], [ 109.329744373, -0.017255969999954 ], [ 109.32958927, -0.017263277999974 ], [ 109.329589399, -0.017265952999942 ], [ 109.32959333, -0.017347731999958 ], [ 109.32959373, -0.01734821799994 ], [ 109.32932946, -0.017406019999948 ], [ 109.32932924, -0.017406059999931 ], [ 109.32879456, -0.017523009999938 ], [ 109.328784829, -0.017525143999933 ], [ 109.32877903, -0.017526409999964 ], [ 109.32873258, -0.017536419999947 ], [ 109.32859544, -0.017566629999981 ], [ 109.32857711, -0.017570699999974 ], [ 109.328554652, -0.017576913999965 ], [ 109.328534166, -0.017582582999982 ], [ 109.32835309, -0.017632689999981 ], [ 109.328353, -0.017632719999939 ], [ 109.32833515, -0.017555889999924 ], [ 109.328296869, -0.017392054999968 ], [ 109.32829194, -0.017370959999947 ], [ 109.32823621, -0.017299899999963 ], [ 109.32822185664746, -0.017281596890797 ], [ 109.3281543, -0.017195449999984 ], [ 109.32815411, -0.017195469999931 ], [ 109.32808572, -0.017205179999961 ], [ 109.32804438, -0.017211059999975 ], [ 109.32779428682278, -0.01724627095248 ], [ 109.32771936, -0.017256819999949 ], [ 109.32770262, -0.017259179999945 ], [ 109.32770246, -0.017259189999955 ], [ 109.32770218, -0.017259619999954 ], [ 109.32763982, -0.01726800999996 ], [ 109.327602137, -0.017250239999957 ], [ 109.327598864, -0.017250515999939 ], [ 109.327517477, -0.017257372999952 ], [ 109.327446362, -0.017263363999974 ], [ 109.3272248, -0.017305456999969 ], [ 109.327219685, -0.017305894999943 ], [ 109.327218246, -0.017306017999942 ], [ 109.327212847, -0.017306479999948 ], [ 109.327142525, -0.017312499999949 ], [ 109.326854191, -0.017333616999964 ], [ 109.326851176, -0.017333837999957 ], [ 109.326848913, -0.01733400399996 ], [ 109.326728141, -0.017365979999964 ], [ 109.326694472, -0.017374893999942 ], [ 109.326679921, -0.017376699999941 ], [ 109.32667033, -0.017377709999952 ], [ 109.326461612, -0.017399688999945 ], [ 109.326386548, -0.017407592999972 ], [ 109.326236278, -0.017429018999961 ], [ 109.326236413, -0.017429454999963 ], [ 109.326233299, -0.017430239999952 ], [ 109.326213625, -0.017433608999969 ], [ 109.326211083, -0.01743404399997 ], [ 109.326189217, -0.017437786999958 ], [ 109.326184829, -0.017438480999941 ], [ 109.326184803, -0.017438482999986 ], [ 109.326166828, -0.017438247999974 ], [ 109.32613729, -0.017437859999971 ], [ 109.32613708, -0.01743818999995 ], [ 109.326134797, -0.017437061999947 ], [ 109.326124075, -0.017438771999946 ], [ 109.326118879, -0.01743959999994 ], [ 109.326073149, -0.017446889999976 ], [ 109.326072078, -0.017440922999925 ], [ 109.326061769, -0.01740097399995 ], [ 109.326059414, -0.017391848999982 ], [ 109.326058745, -0.017388145999968 ], [ 109.326046276, -0.017319087999966 ], [ 109.326045899, -0.017317000999932 ], [ 109.3259369, -0.017316998999949 ], [ 109.325931706, -0.017314468999929 ], [ 109.325931545, -0.017314889999968 ], [ 109.325930111, -0.017318635999967 ], [ 109.325929184, -0.017320554999978 ], [ 109.325929167, -0.017320589999946 ], [ 109.325923806, -0.01733168599998 ], [ 109.325923372, -0.017332582999934 ], [ 109.325920907, -0.017337684999976 ], [ 109.325912013, -0.017356091999941 ], [ 109.325907594, -0.017365238999959 ], [ 109.325897401, -0.017386333999981 ], [ 109.325838346, -0.017508560999946 ], [ 109.325836983, -0.017511380999963 ], [ 109.325815866, -0.017513106999953 ], [ 109.325613775, -0.017529623999959 ], [ 109.325459118, -0.017542263999934 ], [ 109.325353896, -0.017557059999954 ], [ 109.325353822, -0.017557081999943 ], [ 109.3251509, -0.017575673999951 ], [ 109.324985238669569, -0.01759079428443 ], [ 109.324812953368152, -0.017606519153729 ], [ 109.3247959, -0.017608186999961 ], [ 109.324791876, -0.017608555999977 ], [ 109.324723587, -0.017245739999961 ], [ 109.324594825, -0.016561629999962 ], [ 109.324583499, -0.016501454999974 ], [ 109.324535546, -0.016244123999967 ], [ 109.324459516, -0.015842582999948 ], [ 109.324459324, -0.015841715999963 ], [ 109.324459169, -0.015841015999966 ], [ 109.324459195, -0.015841000999963 ], [ 109.324439804, -0.01573780199993 ], [ 109.324431571, -0.015694180999961 ], [ 109.32443149, -0.015693836999953 ], [ 109.324430966, -0.015691611999954 ], [ 109.324429695, -0.015684301999962 ], [ 109.324416924, -0.015610854999976 ], [ 109.32441587, -0.015610845999958 ], [ 109.324415831, -0.015610641999961 ], [ 109.32441581, -0.015610530999938 ], [ 109.324402, -0.015612401999927 ], [ 109.324401981, -0.015612351999959 ], [ 109.324054141, -0.015659610999936 ], [ 109.324028924, -0.01566303899995 ], [ 109.323668249, -0.01571203899994 ], [ 109.323668251, -0.015712004999955 ], [ 109.323668275, -0.015711512999939 ], [ 109.323554046, -0.015727184999953 ], [ 109.323332156, -0.015757626999974 ], [ 109.323328809, -0.01575808299998 ], [ 109.323241267, -0.015770095999933 ], [ 109.323158594, -0.015781438999962 ], [ 109.323158546, -0.015781182999942 ], [ 109.323157361, -0.015781352999966 ], [ 109.323098604, -0.015789976999942 ], [ 109.323098508, -0.01578951099998 ], [ 109.322998905, -0.015802939999967 ], [ 109.322999564, -0.015808105999955 ], [ 109.322991482, -0.015802654999966 ], [ 109.322742743, -0.015834942999965 ], [ 109.322839608, -0.016515386999973 ], [ 109.322892366, -0.016997748999926 ], [ 109.322887769, -0.016998323999927 ], [ 109.322449709, -0.01705308099998 ], [ 109.322440038, -0.01698428899994 ], [ 109.322383339, -0.016580958999958 ], [ 109.322364129, -0.016582610999933 ], [ 109.32204946, -0.016609679999935 ], [ 109.321939694, -0.016619121999949 ], [ 109.321936961, -0.01660499099996 ], [ 109.321908971, -0.016608518999936 ], [ 109.321895558, -0.016469137999936 ], [ 109.321551403, -0.016489377999969 ], [ 109.321548471, -0.016489550999954 ], [ 109.321520373, -0.01623544199993 ], [ 109.3215191, -0.016237079999938 ], [ 109.32151897, -0.016237259999975 ], [ 109.321518854, -0.016237191999954 ], [ 109.32151892, -0.016237079999938 ], [ 109.321427314, -0.01618364499996 ], [ 109.32135309, -0.016140349999948 ], [ 109.32120671, -0.016054961999944 ], [ 109.320998217, -0.015933340999941 ], [ 109.320995348, -0.01593608099995 ], [ 109.320936859, -0.01587341499994 ], [ 109.320888100619513, -0.015945272087487 ], [ 109.320564831803011, -0.016312794175081 ], [ 109.320500498, -0.016388774999943 ], [ 109.320500366, -0.016388749999976 ], [ 109.320371821, -0.01628348899994 ], [ 109.320294919, -0.01622051699997 ], [ 109.319882109, -0.015882480999958 ], [ 109.31984658, -0.015853386999934 ], [ 109.319823213, -0.015834253 ], [ 109.320029332, -0.015530929999965 ], [ 109.319665831, -0.015307927999975 ], [ 109.31963495, -0.015288979999988 ], [ 109.31963418, -0.015288919999942 ], [ 109.31957011, -0.015370189999937 ], [ 109.31952379, -0.015428949999946 ], [ 109.31931423, -0.015438329999945 ], [ 109.31926422, -0.015440649999959 ], [ 109.319259897, -0.015440842999976 ], [ 109.319106365, -0.015447680999961 ], [ 109.31890454, -0.015456669999934 ], [ 109.31888662, -0.015457469999943 ], [ 109.31888665, -0.015457659999932 ], [ 109.318886426, -0.015457669999939 ], [ 109.318752511579007, -0.015463563756732 ], [ 109.31869852, -0.015465939999956 ], [ 109.318586744, -0.015470855999985 ], [ 109.318530592, -0.015473325999948 ], [ 109.3185289, -0.015473399999966 ], [ 109.318528908, -0.01547356999993 ], [ 109.31824104, -0.015485949999977 ], [ 109.31824078, -0.015486529999979 ], [ 109.31824063, -0.015486839999941 ], [ 109.318187, -0.015488286999935 ], [ 109.318127365, -0.015489896999957 ], [ 109.318066834, -0.015491531999942 ], [ 109.317489096, -0.01550715099996 ], [ 109.31747805, -0.015507454999985 ], [ 109.31733595, -0.015511359999951 ], [ 109.31726542, -0.015513229999965 ], [ 109.31726519, -0.015513299999951 ], [ 109.31726434, -0.015513329999984 ], [ 109.31717748, -0.015541299999944 ], [ 109.31712507, -0.015558019999962 ], [ 109.31708288, -0.015576819999986 ], [ 109.317021222, -0.015604284999935 ], [ 109.31692634, -0.015646549999935 ], [ 109.31675655, -0.015721839999976 ], [ 109.31646705, -0.015850219999953 ], [ 109.316467, -0.015850139999944 ], [ 109.316466656, -0.015849584999957 ], [ 109.316466602, -0.015849496999977 ], [ 109.316000325, -0.015096270999951 ], [ 109.315997851, -0.015092274999976 ], [ 109.315998015, -0.015091404999969 ], [ 109.315970457, -0.015045643999946 ], [ 109.315970441, -0.015045385999942 ], [ 109.315962103, -0.015031772999987 ], [ 109.315947008, -0.015006705999951 ], [ 109.315947078, -0.01500666999994 ], [ 109.315880984, -0.014896415999949 ], [ 109.315881271, -0.014896202999981 ], [ 109.315655371, -0.01452020199998 ], [ 109.315528986, -0.014309253999957 ], [ 109.315422439, -0.014131417999986 ], [ 109.315390108, -0.014077454999957 ], [ 109.315317721, -0.013956633999963 ], [ 109.315293229, -0.013915754999966 ], [ 109.315266074, -0.01387043099993 ], [ 109.314870275, -0.013209806999957 ], [ 109.314838117, -0.013156131999957 ], [ 109.314838089, -0.013156144999921 ], [ 109.314837895, -0.013156237999966 ], [ 109.314836413, -0.013156947999958 ], [ 109.314836234, -0.013155573999944 ], [ 109.314820665, -0.013167996999931 ], [ 109.314590682, -0.013351499999946 ], [ 109.314411428, -0.013222266999952 ], [ 109.313786408, -0.012773769999976 ], [ 109.3134719, -0.012548086999976 ], [ 109.313390045, -0.01269001399993 ], [ 109.313388504, -0.012692684999942 ], [ 109.313195536, -0.012570806999975 ], [ 109.312773801, -0.012304439999988 ], [ 109.312747203, -0.012287572999976 ], [ 109.312704722, -0.012260633999974 ], [ 109.312704561, -0.012260531999976 ], [ 109.312704273, -0.012261735999973 ], [ 109.312612779, -0.012643445999969 ], [ 109.312610862, -0.012651720999944 ], [ 109.312602624, -0.012687296999962 ], [ 109.312602464, -0.012687178999953 ], [ 109.31260168, -0.012686599999939 ], [ 109.30970722, -0.011606629999963 ], [ 109.3094215, -0.011500669999979 ], [ 109.30942819, -0.011476559999954 ], [ 109.30945015, -0.011397069999932 ], [ 109.309503105, -0.011242755999952 ], [ 109.309510979, -0.011219808999961 ], [ 109.309511008, -0.011219724999932 ], [ 109.309512918, -0.01121415999996 ] ] ] ] } },
{ "type": "Feature", "properties": { "fid": null, "gid": 610762.0, "kdprov": "61", "kdkab": "71", "kdkec": "020", "kddesa": "006", "iddesa": "6171020006", "nmprov": "KALIMANTAN BARAT", "nmkab": "PONTIANAK", "nmkec": "PONTIANAK TIMUR", "nmdesa": "DALAM BUGIS", "luas": 0.064288508235573999, "sumber": null, "periode": "2024_1", "layer": null, "path": null, "idkec": "6171020" }, "geometry": { "type": "MultiPolygon", "coordinates": [ [ [ [ 109.349357351, -0.029142129999974 ], [ 109.34932574, -0.029105449999979 ], [ 109.34924424, -0.029010859999968 ], [ 109.34911859, -0.029072069999936 ], [ 109.34896632, -0.028899809999924 ], [ 109.348841087, -0.02875813099996 ], [ 109.348628, -0.028517059999958 ], [ 109.34862796, -0.028517019999927 ], [ 109.348280225, -0.028096404999932 ], [ 109.34816605, -0.027958299999974 ], [ 109.34816601, -0.027958249999927 ], [ 109.348125055632963, -0.02789940793882 ], [ 109.34797559, -0.027684659999986 ], [ 109.347607056, -0.027829941999934 ], [ 109.34752949, -0.027860519999939 ], [ 109.34752945, -0.027860489999967 ], [ 109.347529425, -0.027860469999958 ], [ 109.347528239, -0.02786093599997 ], [ 109.347528176, -0.027860960999926 ], [ 109.346621325, -0.028133650999963 ], [ 109.346620898, -0.028133778999972 ], [ 109.346602514, -0.028089521999967 ], [ 109.346531629, -0.027918871999931 ], [ 109.346530507, -0.027916170999957 ], [ 109.346476291, -0.027785651999978 ], [ 109.346474112, -0.027780405999981 ], [ 109.346255182, -0.027253350999966 ], [ 109.346253864, -0.027250178999971 ], [ 109.345986014, -0.026605353999972 ], [ 109.345985488, -0.026604088999931 ], [ 109.345923337, -0.026454464999971 ], [ 109.345602828, -0.025682869999971 ], [ 109.34560191, -0.025680660999965 ], [ 109.345586229, -0.02564290899994 ], [ 109.345503217, -0.02544306499994 ], [ 109.345411825, -0.025281102999943 ], [ 109.345198709241359, -0.02490342584595 ], [ 109.345086002, -0.024703688999986 ], [ 109.345085706, -0.024703164999948 ], [ 109.344632958, -0.02390081599998 ], [ 109.344629439, -0.02389457899995 ], [ 109.344588101015532, -0.023821321213726 ], [ 109.344333078, -0.023369377999933 ], [ 109.344331147, -0.023365954999975 ], [ 109.344247136, -0.023217072999965 ], [ 109.344250695, -0.023216112999942 ], [ 109.344615506, -0.023117671999955 ], [ 109.34558824, -0.022855186999953 ], [ 109.345669996, -0.022833125999972 ], [ 109.345709114, -0.022822569999967 ], [ 109.3460929, -0.022730266999926 ], [ 109.346244522, -0.022693800999951 ], [ 109.346453571, -0.02264352299995 ], [ 109.346493501986771, -0.022633919503885 ], [ 109.346542593, -0.022622112999957 ], [ 109.346550848, -0.022620127999981 ], [ 109.346730968, -0.022576807999938 ], [ 109.347311631, -0.022437154999977 ], [ 109.347314903, -0.022436367999949 ], [ 109.3475424, -0.022381652999974 ], [ 109.347611517, -0.022371623999955 ], [ 109.347634669, -0.022368264999962 ], [ 109.347985204, -0.022317400999964 ], [ 109.348067061, -0.022305522999949 ], [ 109.348126505, -0.02229689799998 ], [ 109.348214862, -0.022284076999941 ], [ 109.348331903, -0.022267093999981 ], [ 109.348361578, -0.023002221999948 ], [ 109.348334032, -0.023514729999932 ], [ 109.348206566, -0.024016793999988 ], [ 109.3482059, -0.024019419999943 ], [ 109.348208188, -0.024019562999973 ], [ 109.348210948, -0.024019735999964 ], [ 109.348212708, -0.024019844999949 ], [ 109.348533143, -0.024039716999944 ], [ 109.348587527, -0.024043089999964 ], [ 109.34858754, -0.02404297999993 ], [ 109.3488189, -0.024057749999949 ], [ 109.34893067, -0.024064749999986 ], [ 109.348977364, -0.024067670999959 ], [ 109.34916422, -0.024079359999976 ], [ 109.349211693, -0.02408065099997 ], [ 109.34929627, -0.024082949999975 ], [ 109.34929794, -0.024083 ], [ 109.349570388, -0.024090425999934 ], [ 109.34960465, -0.024091359999941 ], [ 109.349946677, -0.024047288999955 ], [ 109.349988658, -0.024041879999982 ], [ 109.35002242, -0.024037529999935 ], [ 109.35003178, -0.024036329999946 ], [ 109.35003181, -0.024036329999946 ], [ 109.350338754, -0.023996774999947 ], [ 109.35034888, -0.023995469999937 ], [ 109.35034971, -0.023995309999974 ], [ 109.35071616, -0.023921749999941 ], [ 109.3507114, -0.023854639999964 ], [ 109.350712257, -0.023854409999963 ], [ 109.35085426, -0.023816299999973 ], [ 109.35109713, -0.023792329999936 ], [ 109.351187675, -0.023761936999958 ], [ 109.35121141, -0.023753969999977 ], [ 109.351335068, -0.023740872999952 ], [ 109.35133683, -0.023758090999933 ], [ 109.351396231, -0.024338593999975 ], [ 109.351471146, -0.024911985999961 ], [ 109.351484886, -0.02501640599997 ], [ 109.351485553, -0.025021477999936 ], [ 109.351486273, -0.025026519999928 ], [ 109.351543901, -0.02501067299994 ], [ 109.351544111, -0.025011411999976 ], [ 109.351544891, -0.025009591999952 ], [ 109.351601078, -0.02496348999995 ], [ 109.351765316, -0.024920269999939 ], [ 109.351860401, -0.024917388999946 ], [ 109.352043726, -0.024931137999954 ], [ 109.352066737, -0.025168675999968 ], [ 109.351951844, -0.025175368999957 ], [ 109.351967114, -0.025380125999969 ], [ 109.352084667, -0.025363723999931 ], [ 109.352091917, -0.025386682999972 ], [ 109.352089154, -0.025400075999933 ], [ 109.35209249, -0.025434510999964 ], [ 109.352104964, -0.025433327999964 ], [ 109.352258035, -0.025418812999931 ], [ 109.3522865, -0.025518259999969 ], [ 109.35231445, -0.025578479999982 ], [ 109.352315742, -0.025581262999933 ], [ 109.352345544, -0.025645474999985 ], [ 109.352577986, -0.025557786999979 ], [ 109.352743845, -0.026100973999973 ], [ 109.353052434, -0.026050277999962 ], [ 109.353073866, -0.026157437999931 ], [ 109.353352481, -0.026101714999929 ], [ 109.353421063, -0.026401761999984 ], [ 109.353437158, -0.026401761999984 ], [ 109.353880701, -0.026401761999984 ], [ 109.354082723, -0.026401761999984 ], [ 109.354074819, -0.026675740999966 ], [ 109.354076093, -0.026842550999961 ], [ 109.354077701, -0.02705319999996 ], [ 109.354079894, -0.027075863999934 ], [ 109.354112277, -0.027410488999981 ], [ 109.35411804, -0.02765828599997 ], [ 109.35411086, -0.027951235999987 ], [ 109.354110836, -0.027952184999947 ], [ 109.354103633, -0.02814523699993 ], [ 109.354088502, -0.028386550999939 ], [ 109.354114438, -0.028389431999927 ], [ 109.354120201, -0.02838997299995 ], [ 109.354120977, -0.028390050999974 ], [ 109.35412106, -0.028390066999981 ], [ 109.354353557, -0.028388605999965 ], [ 109.354354789, -0.028390533999924 ], [ 109.354455304, -0.028547772999957 ], [ 109.354698245, -0.02892781899994 ], [ 109.354918643, -0.029272599999961 ], [ 109.354936256, -0.029299704999974 ], [ 109.355243933, -0.02977319599996 ], [ 109.355399831, -0.030013110999958 ], [ 109.35548408, -0.029958269999963 ], [ 109.3556637, -0.02983291999993 ], [ 109.355797702, -0.029739404999939 ], [ 109.356038019, -0.029571697999937 ], [ 109.356578385, -0.029194598999937 ], [ 109.35673436, -0.02908574999998 ], [ 109.3568663, -0.029248279999936 ], [ 109.35686643, -0.029248440999942 ], [ 109.35701763, -0.029434709999984 ], [ 109.357028148, -0.029427878999973 ], [ 109.357885975, -0.028870727999957 ], [ 109.357886323, -0.028870501999962 ], [ 109.357886939, -0.028871154999936 ], [ 109.358131187, -0.028743529999929 ], [ 109.358136744, -0.028740626999941 ], [ 109.358638137, -0.029373088999941 ], [ 109.359206113, -0.029197684999934 ], [ 109.360024421, -0.028955649999953 ], [ 109.360687134, -0.028753954999959 ], [ 109.361130865, -0.028696326999978 ], [ 109.36142789, -0.028558814999947 ], [ 109.361442052, -0.028552258999986 ], [ 109.361482391, -0.028520563999966 ], [ 109.36149113, -0.028484339999983 ], [ 109.36149692, -0.028467225999982 ], [ 109.361503428, -0.02844798799993 ], [ 109.362068695, -0.026777049999967 ], [ 109.362673721, -0.027039943999965 ], [ 109.36351872, -0.027407109999959 ], [ 109.364225288, -0.028377417999942 ], [ 109.364225759, -0.028378064999981 ], [ 109.3644623, -0.028702899999928 ], [ 109.364547997, -0.028820566999971 ], [ 109.36462883, -0.028931556999965 ], [ 109.36463637, -0.02894190999996 ], [ 109.364877635, -0.029273185999961 ], [ 109.365064487, -0.029529748999948 ], [ 109.36506609, -0.029531949999986 ], [ 109.365272453, -0.029815288999938 ], [ 109.36531021, -0.029867129999966 ], [ 109.36541262, -0.030007749999924 ], [ 109.36541265, -0.030007789999951 ], [ 109.36549528, -0.030112 ], [ 109.365515556, -0.030137573999978 ], [ 109.365836546, -0.030542426999942 ], [ 109.36597766, -0.030720409999961 ], [ 109.36597769, -0.030720429999975 ], [ 109.3660441, -0.030781481999955 ], [ 109.366046436, -0.030783629999975 ], [ 109.3660714, -0.03080657999994 ], [ 109.36556788, -0.031151462999957 ], [ 109.36540209, -0.031265019999979 ], [ 109.36529137, -0.03133630999998 ], [ 109.36527991, -0.031343680999957 ], [ 109.36523145, -0.031374849999973 ], [ 109.36523061, -0.03137537999993 ], [ 109.36495075, -0.031559759999936 ], [ 109.3649251, -0.031576689999949 ], [ 109.364860107, -0.031619587999962 ], [ 109.364848126, -0.031627495999941 ], [ 109.36411952, -0.032108399999972 ], [ 109.364024119, -0.032171366999943 ], [ 109.36357724, -0.032466319999979 ], [ 109.363461523, -0.032540841999952 ], [ 109.36329752, -0.032646459999965 ], [ 109.3619016, -0.033545419999941 ], [ 109.36189207, -0.033551789999932 ], [ 109.361877133, -0.033561777999981 ], [ 109.361865916, -0.033569277999961 ], [ 109.36178433, -0.033623829999958 ], [ 109.36096485, -0.034171849999946 ], [ 109.36036903, -0.034570349999974 ], [ 109.36011661, -0.034738969999977 ], [ 109.35997861, -0.034826079999958 ], [ 109.359589625, -0.03507176299997 ], [ 109.35902063, -0.035431139999967 ], [ 109.359008754, -0.035438643999961 ], [ 109.35890174, -0.035506259999983 ], [ 109.35872881, -0.035615529999977 ], [ 109.35861926, -0.035684119999931 ], [ 109.35852, -0.035745539999938 ], [ 109.35831266, -0.035875469999953 ], [ 109.35824923, -0.035915209999935 ], [ 109.35824015, -0.035920889999951 ], [ 109.35792881, -0.036115309999957 ], [ 109.35767134, -0.036276579999942 ], [ 109.35745163, -0.036069489999936 ], [ 109.35729758, -0.035924809999927 ], [ 109.35698475, -0.035631 ], [ 109.356966, -0.035612539999932 ], [ 109.35691559, -0.035562889999948 ], [ 109.356887288, -0.035534887999977 ], [ 109.35660917, -0.035259724999954 ], [ 109.35660022, -0.035250869999971 ], [ 109.356387704, -0.035040683999969 ], [ 109.35612674, -0.034782579999963 ], [ 109.35601253, -0.034669619999931 ], [ 109.355990637, -0.034647966999961 ], [ 109.35586286, -0.034521589999947 ], [ 109.35567505, -0.034276059999967 ], [ 109.355471234, -0.034009609999947 ], [ 109.35546435, -0.034000609999972 ], [ 109.355412549, -0.033932926999968 ], [ 109.35528313, -0.033763829999952 ], [ 109.35528304, -0.033763709999964 ], [ 109.355235281, -0.033693469999952 ], [ 109.35514185, -0.033556059999973 ], [ 109.35507408, -0.033456409999924 ], [ 109.354906883, -0.033210547999952 ], [ 109.35485293, -0.033131210999962 ], [ 109.35468028, -0.032877329999971 ], [ 109.354677132, -0.032872705999983 ], [ 109.35467689, -0.03287234999994 ], [ 109.35466145, -0.032849649999955 ], [ 109.35465751, -0.032843873999986 ], [ 109.35459752, -0.032755929999954 ], [ 109.354360919, -0.032409091999973 ], [ 109.354359931, -0.032409074999985 ], [ 109.354358298, -0.032409046999931 ], [ 109.354315766, -0.032447325999953 ], [ 109.35431499, -0.032446144999939 ], [ 109.354118047, -0.032146486999982 ], [ 109.354120621, -0.032143912999977 ], [ 109.354066817928, -0.032059132286508 ], [ 109.353936572, -0.031853895999974 ], [ 109.353936551, -0.031852803999931 ], [ 109.353935546, -0.031853413999954 ], [ 109.353868052, -0.031743942999936 ], [ 109.35386707, -0.031742350999938 ], [ 109.353864965, -0.031741906999977 ], [ 109.353841834848581, -0.031708760657678 ], [ 109.35367487, -0.031469493999971 ], [ 109.353678777, -0.031470795999952 ], [ 109.353676075, -0.031467474999952 ], [ 109.35360861, -0.031384539999982 ], [ 109.35360861, -0.031384389999975 ], [ 109.353563799, -0.031329272999926 ], [ 109.35355126, -0.031313849999944 ], [ 109.353449883547881, -0.031207371636249 ], [ 109.353004948, -0.030739176999939 ], [ 109.352894201406826, -0.030620746363483 ], [ 109.352755506, -0.030476847999989 ], [ 109.35241496, -0.030669709999928 ], [ 109.35241448, -0.030669969999971 ], [ 109.352221189, -0.030776256999967 ], [ 109.3522092, -0.030782849999984 ], [ 109.35190617, -0.030932469999929 ], [ 109.35163822, -0.031075679999961 ], [ 109.35143372, -0.031185139999945 ], [ 109.351386175, -0.031210586999979 ], [ 109.351152582, -0.031335610999975 ], [ 109.35115208, -0.031335879999982 ], [ 109.35111518, -0.031286719999975 ], [ 109.35079108, -0.030854989999964 ], [ 109.35064444, -0.030680459999926 ], [ 109.350578967, -0.030601796999984 ], [ 109.35055961, -0.030578539999965 ], [ 109.35055937, -0.030578239999956 ], [ 109.35052886, -0.03053947999996 ], [ 109.35031823, -0.030272229999988 ], [ 109.35031821, -0.03027219999995 ], [ 109.35026955, -0.030210479999939 ], [ 109.35016697, -0.030112469999953 ], [ 109.34986243, -0.029731329999944 ], [ 109.34984015, -0.02970344499994 ], [ 109.349832854, -0.029694312999937 ], [ 109.34982805, -0.029688299999985 ], [ 109.34982802, -0.02968826999996 ], [ 109.34967298, -0.029508379999928 ], [ 109.34939464, -0.029185399999966 ], [ 109.349357351, -0.029142129999974 ] ] ] ] } },
{ "type": "Feature", "properties": { "fid": null, "gid": 610463.0, "kdprov": "61", "kdkab": "71", "kdkec": "020", "kddesa": "001", "iddesa": "6171020001", "nmprov": "KALIMANTAN BARAT", "nmkab": "PONTIANAK", "nmkec": "PONTIANAK TIMUR", "nmdesa": "PARIT MAYOR", "luas": 0.050563641107392997, "sumber": "", "periode": "2024_1", "layer": null, "path": null, "idkec": "6171020" }, "geometry": { "type": "MultiPolygon", "coordinates": [ [ [ [ 109.375058708, -0.060933857999944 ], [ 109.374757212, -0.061152698999941 ], [ 109.37461381, -0.061275397999975 ], [ 109.374608019, -0.061280351999936 ], [ 109.37447038, -0.061398117999945 ], [ 109.374266221, -0.061572799999962 ], [ 109.374042812, -0.061740930999977 ], [ 109.374011538, -0.061764469999957 ], [ 109.37399463, -0.06177949899996 ], [ 109.373694979, -0.062045851999936 ], [ 109.373650378, -0.062085499999966 ], [ 109.373646181, -0.062088657999943 ], [ 109.373261866, -0.062377798999937 ], [ 109.372924919, -0.062631301999949 ], [ 109.372907231, -0.062643670999936 ], [ 109.372779429, -0.06273305899993 ], [ 109.37245244, -0.062396607999979 ], [ 109.37219775, -0.062134548999947 ], [ 109.371973625, -0.06183755899998 ], [ 109.371869061, -0.061698998999935 ], [ 109.371767363, -0.061564237999964 ], [ 109.371227002, -0.06084819299997 ], [ 109.371197947, -0.060809691999968 ], [ 109.371131443, -0.060721565999932 ], [ 109.371104893, -0.060686385999928 ], [ 109.370878004, -0.060385731999938 ], [ 109.370559089, -0.059963131999957 ], [ 109.370558159, -0.059961900999956 ], [ 109.370395931, -0.059746931999935 ], [ 109.370136373, -0.059402988999982 ], [ 109.37013334, -0.059398969999969 ], [ 109.369983666086554, -0.059200632970263 ], [ 109.369948348, -0.059153831999932 ], [ 109.369857879, -0.059033949999961 ], [ 109.369855148, -0.059030330999978 ], [ 109.369808396, -0.058968379999955 ], [ 109.368957857, -0.057841318999977 ], [ 109.368909111, -0.057769389999977 ], [ 109.368880958, -0.057727845999983 ], [ 109.368767238, -0.057560035999929 ], [ 109.368668848, -0.057414847999948 ], [ 109.367849764, -0.056206173999953 ], [ 109.367579731, -0.055807702999974 ], [ 109.367534703, -0.05574125699997 ], [ 109.368354348, -0.05514832899996 ], [ 109.368354355, -0.055148303999947 ], [ 109.368537044, -0.055016618999961 ], [ 109.36885405, -0.054788119999964 ], [ 109.36898769, -0.054704449999975 ], [ 109.36963238, -0.054300819999977 ], [ 109.369740575, -0.054223425999966 ], [ 109.36975466, -0.054213349999946 ], [ 109.36999308, -0.054042809999945 ], [ 109.37046689, -0.053661240999926 ], [ 109.37063471, -0.053524809999941 ], [ 109.371139814, -0.053173192999966 ], [ 109.371393226, -0.052994893999936 ], [ 109.37149309, -0.052924629999957 ], [ 109.372128924, -0.05246089599996 ], [ 109.372129295, -0.052460625999976 ], [ 109.372128921, -0.052460158999967 ], [ 109.37195509, -0.05224300999993 ], [ 109.37195507, -0.052242979999963 ], [ 109.37178765, -0.05203136899997 ], [ 109.37177891, -0.052020419999967 ], [ 109.371775475, -0.052016121999941 ], [ 109.374576746, -0.050097859999941 ], [ 109.37461192, -0.050139479999928 ], [ 109.37461194, -0.050139499999943 ], [ 109.37461285, -0.050138884999975 ], [ 109.37469065, -0.050086309999936 ], [ 109.375953605, -0.049231848999966 ], [ 109.375982511335238, -0.049212291899857 ], [ 109.37597707666022, -0.049205974434991 ], [ 109.379877030707121, -0.046252711080227 ], [ 109.379782066, -0.046127585999956 ], [ 109.379788743, -0.046122927999941 ], [ 109.379588689, -0.04585341099994 ], [ 109.37956484, -0.045822747999981 ], [ 109.381407994, -0.044562180999948 ], [ 109.382257405, -0.043968387999943 ], [ 109.382257387, -0.043968521999938 ], [ 109.382321936, -0.044065367999965 ], [ 109.382429629, -0.044227119999956 ], [ 109.382555912, -0.044416792999935 ], [ 109.382841758, -0.044832898999975 ], [ 109.382937163, -0.044971779999968 ], [ 109.38337433, -0.045591098999975 ], [ 109.383944162, -0.046398360999949 ], [ 109.384485484, -0.047165234999963 ], [ 109.384514558, -0.04720642299998 ], [ 109.384714160441106, -0.047489193148071 ], [ 109.385231493, -0.048222080999958 ], [ 109.385254839, -0.048255153999944 ], [ 109.385258839, -0.048260495999965 ], [ 109.385323098, -0.048346300999922 ], [ 109.385665836, -0.04880396199997 ], [ 109.38610242, -0.049386937999943 ], [ 109.386245442712251, -0.049579352929696 ], [ 109.386636028, -0.050104824999949 ], [ 109.387559108, -0.051346686999983 ], [ 109.387429911, -0.051450981999959 ], [ 109.384934826, -0.053465154999965 ], [ 109.384928916, -0.053469925999937 ], [ 109.384924932, -0.053471457999932 ], [ 109.384918671, -0.053477718999955 ], [ 109.38489027, -0.053506119999959 ], [ 109.384871148, -0.053525240999935 ], [ 109.384863623, -0.053531499999972 ], [ 109.38457445, -0.053772050999958 ], [ 109.384485013, -0.053845227999947 ], [ 109.384227869, -0.054055619999929 ], [ 109.384105791, -0.054157478999972 ], [ 109.383815642, -0.054399578999955 ], [ 109.383747062, -0.054454510999968 ], [ 109.38357131, -0.054595299999967 ], [ 109.383470719, -0.05467587999994 ], [ 109.383458148, -0.054685949999967 ], [ 109.383444701, -0.054696718999935 ], [ 109.38343318, -0.05470594999997 ], [ 109.383421112, -0.054715611999945 ], [ 109.383407948, -0.054726160999967 ], [ 109.383397602, -0.054734448999963 ], [ 109.383384931, -0.054744598999949 ], [ 109.383376101, -0.054751669999972 ], [ 109.383366508, -0.054759358999949 ], [ 109.383356771, -0.054767151999965 ], [ 109.383356568, -0.054767319999941 ], [ 109.383338698, -0.054781631999965 ], [ 109.383318549, -0.054797771999983 ], [ 109.383314149, -0.054801299999957 ], [ 109.38330385, -0.054809860999977 ], [ 109.383288912, -0.054822280999929 ], [ 109.38327008, -0.054837941999946 ], [ 109.383254721, -0.054850716999964 ], [ 109.383238738, -0.054864007999933 ], [ 109.383222282, -0.054877688999967 ], [ 109.383210928, -0.054887130999934 ], [ 109.383193589, -0.054901549999953 ], [ 109.383189461, -0.054904979999955 ], [ 109.383184873, -0.054908796999933 ], [ 109.383181311, -0.054911758999942 ], [ 109.383178711, -0.054913919999932 ], [ 109.383177911, -0.054914587999974 ], [ 109.382581598, -0.055410447999974 ], [ 109.382507231, -0.05547036999997 ], [ 109.382220532, -0.055701398999936 ], [ 109.382058222, -0.055832190999987 ], [ 109.381967869, -0.055905000999929 ], [ 109.381842698, -0.056005869999988 ], [ 109.381770278, -0.056064228999958 ], [ 109.381397191, -0.056367081999952 ], [ 109.381323919, -0.056426566999968 ], [ 109.381253576, -0.056484824999931 ], [ 109.381217492, -0.056514708999946 ], [ 109.381212721, -0.056518660999929 ], [ 109.381209271, -0.056521518999944 ], [ 109.38089594, -0.056781021999941 ], [ 109.380780412, -0.056854540999952 ], [ 109.380336681, -0.057135486999927 ], [ 109.380237021, -0.057208077999974 ], [ 109.380124008, -0.057290397999966 ], [ 109.379632711, -0.057662666999938 ], [ 109.37912454, -0.058047721999971 ], [ 109.37910526, -0.058062330999981 ], [ 109.378695661, -0.058356400999973 ], [ 109.378610779, -0.058415129999963 ], [ 109.37828527, -0.058640337999978 ], [ 109.37818175, -0.058711958999934 ], [ 109.377908881, -0.058900741999934 ], [ 109.377792442, -0.058981300999967 ], [ 109.377707701, -0.059031961999956 ], [ 109.377550888, -0.059125710999984 ], [ 109.377357252, -0.059258419999933 ], [ 109.377151458, -0.059399467999919 ], [ 109.377142298, -0.059405742999963 ], [ 109.377138581, -0.059408290999953 ], [ 109.377127199, -0.059416088999968 ], [ 109.377098101, -0.059436030999956 ], [ 109.37693768, -0.059545978999955 ], [ 109.376708059, -0.059703349999949 ], [ 109.376464549, -0.059888961999947 ], [ 109.376332592, -0.059989541999937 ], [ 109.376125249, -0.060135451999948 ], [ 109.37600088, -0.06022297099997 ], [ 109.376001363, -0.060223418999956 ], [ 109.375867858, -0.06033087799995 ], [ 109.375666528, -0.060484329999958 ], [ 109.375663178, -0.060486880999982 ], [ 109.375636201, -0.060507440999968 ], [ 109.375545679, -0.060576436999957 ], [ 109.375437252, -0.060659079999945 ], [ 109.375058708, -0.060933857999944 ] ] ] ] } }
]
}
